ISO-10303-21;
HEADER;
/* Generated by software containing ST-Developer
 * from STEP Tools, Inc. (www.steptools.com) 
 */

FILE_DESCRIPTION(
/* description */ (''),
/* implementation_level */ '2;1');

FILE_NAME(
/* name */ 'kocsi.stp',
/* time_stamp */ '2026-05-12T18:03:56+02:00',
/* author */ ('student'),
/* organization */ (''),
/* preprocessor_version */ 'ST-DEVELOPER v20.1',
/* originating_system */ 'Autodesk Inventor 2027',
/* authorisation */ '');

FILE_SCHEMA (('AUTOMOTIVE_DESIGN { 1 0 10303 214 3 1 1 }'));
ENDSEC;

DATA;
#10=MECHANICAL_DESIGN_GEOMETRIC_PRESENTATION_REPRESENTATION('',(#81,#82,
#83,#84,#85,#86,#87),#7604);
#11=GEOMETRICALLY_BOUNDED_WIREFRAME_SHAPE_REPRESENTATION('',(#12,#13,#14,
#15,#16,#17,#18,#19,#20,#21,#22,#23,#24,#25,#26,#27,#28,#29,#30,#31,#32,
#33,#34,#35,#36,#37,#38,#39,#40,#41,#42,#43,#44,#45,#46,#47,#48,#49,#50,
#51,#52,#53,#54,#55,#56,#57,#58,#59,#60,#61,#62,#63,#64,#65,#66,#67),#7603);
#12=GEOMETRIC_CURVE_SET('Sketch2',(#7516));
#13=GEOMETRIC_CURVE_SET('Sketch4',(#7517));
#14=GEOMETRIC_CURVE_SET('Sketch7',(#7518));
#15=GEOMETRIC_CURVE_SET('Sketch10',(#71,#72,#7523));
#16=GEOMETRIC_CURVE_SET('Sketch16',(#7524));
#17=GEOMETRIC_CURVE_SET('Sketch21',(#7525,#7526));
#18=GEOMETRIC_CURVE_SET('Sketch23',(#73,#7529));
#19=GEOMETRIC_CURVE_SET('Sketch25',(#7530));
#20=GEOMETRIC_CURVE_SET('Sketch26',(#7531));
#21=GEOMETRIC_CURVE_SET('Sketch27',(#7532));
#22=GEOMETRIC_CURVE_SET('Sketch31',(#7533));
#23=GEOMETRIC_CURVE_SET('Sketch32',(#7534));
#24=GEOMETRIC_CURVE_SET('Sketch33',(#7535));
#25=GEOMETRIC_CURVE_SET('Sketch35',(#7536));
#26=GEOMETRIC_CURVE_SET('Sketch36',(#7537));
#27=GEOMETRIC_CURVE_SET('Sketch37',(#74,#7540,#7541,#7542));
#28=GEOMETRIC_CURVE_SET('Sketch38',(#75,#76,#77,#78,#7551));
#29=GEOMETRIC_CURVE_SET('Sketch40',(#7552));
#30=GEOMETRIC_CURVE_SET('Sketch58',(#7553));
#31=GEOMETRIC_CURVE_SET('Sketch59',(#7554));
#32=GEOMETRIC_CURVE_SET('Sketch60',(#7555));
#33=GEOMETRIC_CURVE_SET('Sketch61',(#7556));
#34=GEOMETRIC_CURVE_SET('Sketch71',(#7557));
#35=GEOMETRIC_CURVE_SET('Sketch76',(#7558));
#36=GEOMETRIC_CURVE_SET('Sketch79',(#7559));
#37=GEOMETRIC_CURVE_SET('Sketch84',(#7560));
#38=GEOMETRIC_CURVE_SET('Sketch85',(#7561));
#39=GEOMETRIC_CURVE_SET('Sketch88',(#7562));
#40=GEOMETRIC_CURVE_SET('Sketch90',(#7563));
#41=GEOMETRIC_CURVE_SET('Sketch93',(#7564,#7565,#7566));
#42=GEOMETRIC_CURVE_SET('Sketch97',(#7567));
#43=GEOMETRIC_CURVE_SET('Sketch99',(#7568));
#44=GEOMETRIC_CURVE_SET('Sketch113',(#7569));
#45=GEOMETRIC_CURVE_SET('Sketch116',(#7570));
#46=GEOMETRIC_CURVE_SET('Sketch117',(#7571));
#47=GEOMETRIC_CURVE_SET('Sketch120',(#7572));
#48=GEOMETRIC_CURVE_SET('Sketch127',(#7573,#7574));
#49=GEOMETRIC_CURVE_SET('Sketch129',(#7575));
#50=GEOMETRIC_CURVE_SET('Sketch130',(#79,#7578));
#51=GEOMETRIC_CURVE_SET('Sketch131',(#7579));
#52=GEOMETRIC_CURVE_SET('Sketch133',(#7580,#7581));
#53=GEOMETRIC_CURVE_SET('Sketch137',(#80,#7584,#7585));
#54=GEOMETRIC_CURVE_SET('Sketch139',(#7586));
#55=GEOMETRIC_CURVE_SET('Sketch145',(#7587));
#56=GEOMETRIC_CURVE_SET('Sketch146',(#7588));
#57=GEOMETRIC_CURVE_SET('Sketch151',(#7589));
#58=GEOMETRIC_CURVE_SET('Sketch154',(#7590));
#59=GEOMETRIC_CURVE_SET('Sketch159',(#7591));
#60=GEOMETRIC_CURVE_SET('Sketch166',(#7592,#7593));
#61=GEOMETRIC_CURVE_SET('Sketch167',(#7594));
#62=GEOMETRIC_CURVE_SET('Sketch168',(#7595));
#63=GEOMETRIC_CURVE_SET('Sketch174',(#7596));
#64=GEOMETRIC_CURVE_SET('Sketch178',(#7597));
#65=GEOMETRIC_CURVE_SET('Sketch202',(#7598));
#66=GEOMETRIC_CURVE_SET('Sketch213',(#7599));
#67=GEOMETRIC_CURVE_SET('Sketch225',(#7600));
#68=SHAPE_REPRESENTATION_RELATIONSHIP('SRR','None',#7611,#70);
#69=SHAPE_REPRESENTATION_RELATIONSHIP('SRR','None',#7611,#11);
#70=ADVANCED_BREP_SHAPE_REPRESENTATION('',(#88),#7603);
#71=POLYLINE('',(#7519,#7520));
#72=POLYLINE('',(#7521,#7522));
#73=POLYLINE('',(#7527,#7528));
#74=POLYLINE('',(#7538,#7539));
#75=POLYLINE('',(#7543,#7544));
#76=POLYLINE('',(#7545,#7546));
#77=POLYLINE('',(#7547,#7548));
#78=POLYLINE('',(#7549,#7550));
#79=POLYLINE('',(#7576,#7577));
#80=POLYLINE('',(#7582,#7583));
#81=STYLED_ITEM('',(#7620),#88);
#82=STYLED_ITEM('',(#7621),#71);
#83=STYLED_ITEM('',(#7622),#72);
#84=STYLED_ITEM('',(#7621),#74);
#85=STYLED_ITEM('',(#7621),#75);
#86=STYLED_ITEM('',(#7622),#76);
#87=STYLED_ITEM('',(#7622),#77);
#88=MANIFOLD_SOLID_BREP('Solid1',#4619);
#89=ELLIPSE('',#4737,2.63265529337251,2.5);
#90=FACE_BOUND('',#572,.T.);
#91=FACE_BOUND('',#576,.T.);
#92=FACE_BOUND('',#580,.T.);
#93=FACE_BOUND('',#584,.T.);
#94=FACE_BOUND('',#586,.T.);
#95=FACE_BOUND('',#587,.T.);
#96=FACE_BOUND('',#588,.T.);
#97=FACE_BOUND('',#589,.T.);
#98=FACE_BOUND('',#590,.T.);
#99=FACE_BOUND('',#591,.T.);
#100=FACE_BOUND('',#592,.T.);
#101=FACE_BOUND('',#593,.T.);
#102=FACE_BOUND('',#594,.T.);
#103=FACE_BOUND('',#595,.T.);
#104=FACE_BOUND('',#596,.T.);
#105=FACE_BOUND('',#597,.T.);
#106=FACE_BOUND('',#604,.T.);
#107=FACE_BOUND('',#608,.T.);
#108=FACE_BOUND('',#612,.T.);
#109=FACE_BOUND('',#616,.T.);
#110=FACE_BOUND('',#630,.T.);
#111=FACE_BOUND('',#636,.T.);
#112=FACE_BOUND('',#640,.T.);
#113=FACE_BOUND('',#641,.T.);
#114=FACE_BOUND('',#642,.T.);
#115=FACE_BOUND('',#643,.T.);
#116=FACE_BOUND('',#645,.T.);
#117=FACE_BOUND('',#653,.T.);
#118=FACE_BOUND('',#657,.T.);
#119=FACE_BOUND('',#658,.T.);
#120=FACE_BOUND('',#659,.T.);
#121=FACE_BOUND('',#668,.T.);
#122=FACE_BOUND('',#669,.T.);
#123=FACE_BOUND('',#670,.T.);
#124=FACE_BOUND('',#671,.T.);
#125=FACE_BOUND('',#672,.T.);
#126=FACE_BOUND('',#673,.T.);
#127=FACE_BOUND('',#674,.T.);
#128=FACE_BOUND('',#679,.T.);
#129=FACE_BOUND('',#680,.T.);
#130=FACE_BOUND('',#681,.T.);
#131=FACE_BOUND('',#718,.T.);
#132=FACE_BOUND('',#724,.T.);
#133=FACE_BOUND('',#725,.T.);
#134=FACE_BOUND('',#726,.T.);
#135=FACE_BOUND('',#727,.T.);
#136=FACE_BOUND('',#728,.T.);
#137=FACE_BOUND('',#729,.T.);
#138=FACE_BOUND('',#730,.T.);
#139=FACE_BOUND('',#731,.T.);
#140=FACE_BOUND('',#732,.T.);
#141=FACE_BOUND('',#733,.T.);
#142=FACE_BOUND('',#763,.T.);
#143=FACE_BOUND('',#790,.T.);
#144=FACE_BOUND('',#858,.T.);
#145=FACE_BOUND('',#861,.T.);
#146=FACE_BOUND('',#862,.T.);
#147=PLANE('',#4648);
#148=PLANE('',#4655);
#149=PLANE('',#4662);
#150=PLANE('',#4669);
#151=PLANE('',#4670);
#152=PLANE('',#4684);
#153=PLANE('',#4685);
#154=PLANE('',#4686);
#155=PLANE('',#4692);
#156=PLANE('',#4698);
#157=PLANE('',#4704);
#158=PLANE('',#4710);
#159=PLANE('',#4711);
#160=PLANE('',#4712);
#161=PLANE('',#4713);
#162=PLANE('',#4714);
#163=PLANE('',#4715);
#164=PLANE('',#4716);
#165=PLANE('',#4717);
#166=PLANE('',#4718);
#167=PLANE('',#4719);
#168=PLANE('',#4720);
#169=PLANE('',#4721);
#170=PLANE('',#4722);
#171=PLANE('',#4723);
#172=PLANE('',#4725);
#173=PLANE('',#4726);
#174=PLANE('',#4727);
#175=PLANE('',#4728);
#176=PLANE('',#4729);
#177=PLANE('',#4730);
#178=PLANE('',#4731);
#179=PLANE('',#4732);
#180=PLANE('',#4740);
#181=PLANE('',#4741);
#182=PLANE('',#4742);
#183=PLANE('',#4743);
#184=PLANE('',#4744);
#185=PLANE('',#4745);
#186=PLANE('',#4750);
#187=PLANE('',#4752);
#188=PLANE('',#4753);
#189=PLANE('',#4754);
#190=PLANE('',#4759);
#191=PLANE('',#4760);
#192=PLANE('',#4761);
#193=PLANE('',#4762);
#194=PLANE('',#4763);
#195=PLANE('',#4764);
#196=PLANE('',#4776);
#197=PLANE('',#4777);
#198=PLANE('',#4778);
#199=PLANE('',#4779);
#200=PLANE('',#4782);
#201=PLANE('',#4785);
#202=PLANE('',#4786);
#203=PLANE('',#4787);
#204=PLANE('',#4788);
#205=PLANE('',#4789);
#206=PLANE('',#4790);
#207=PLANE('',#4791);
#208=PLANE('',#4792);
#209=PLANE('',#4793);
#210=PLANE('',#4804);
#211=PLANE('',#4809);
#212=PLANE('',#4810);
#213=PLANE('',#4811);
#214=PLANE('',#4812);
#215=PLANE('',#4813);
#216=PLANE('',#4814);
#217=PLANE('',#4815);
#218=PLANE('',#4816);
#219=PLANE('',#4817);
#220=PLANE('',#4818);
#221=PLANE('',#4819);
#222=PLANE('',#4820);
#223=PLANE('',#4821);
#224=PLANE('',#4822);
#225=PLANE('',#4823);
#226=PLANE('',#4824);
#227=PLANE('',#4825);
#228=PLANE('',#4826);
#229=PLANE('',#4828);
#230=PLANE('',#4830);
#231=PLANE('',#4831);
#232=PLANE('',#4832);
#233=PLANE('',#4839);
#234=PLANE('',#4840);
#235=PLANE('',#4841);
#236=PLANE('',#4842);
#237=PLANE('',#4843);
#238=PLANE('',#4846);
#239=PLANE('',#4847);
#240=PLANE('',#4848);
#241=PLANE('',#4853);
#242=PLANE('',#4854);
#243=PLANE('',#4855);
#244=PLANE('',#4856);
#245=PLANE('',#4857);
#246=PLANE('',#4858);
#247=PLANE('',#4859);
#248=PLANE('',#4861);
#249=PLANE('',#4863);
#250=PLANE('',#4867);
#251=PLANE('',#4871);
#252=PLANE('',#4879);
#253=PLANE('',#4880);
#254=PLANE('',#4883);
#255=PLANE('',#4886);
#256=PLANE('',#4887);
#257=PLANE('',#4888);
#258=PLANE('',#4889);
#259=PLANE('',#4894);
#260=PLANE('',#4901);
#261=PLANE('',#4902);
#262=PLANE('',#4903);
#263=PLANE('',#4904);
#264=PLANE('',#4905);
#265=PLANE('',#4907);
#266=PLANE('',#4914);
#267=PLANE('',#4915);
#268=PLANE('',#4916);
#269=PLANE('',#4921);
#270=PLANE('',#4922);
#271=PLANE('',#4923);
#272=PLANE('',#4924);
#273=PLANE('',#4925);
#274=PLANE('',#4926);
#275=PLANE('',#4927);
#276=PLANE('',#4929);
#277=PLANE('',#4930);
#278=PLANE('',#4931);
#279=PLANE('',#4932);
#280=PLANE('',#4933);
#281=PLANE('',#4934);
#282=PLANE('',#4935);
#283=PLANE('',#4936);
#284=PLANE('',#4937);
#285=PLANE('',#4938);
#286=PLANE('',#4939);
#287=PLANE('',#4940);
#288=PLANE('',#4941);
#289=PLANE('',#4942);
#290=PLANE('',#4943);
#291=PLANE('',#4944);
#292=PLANE('',#4945);
#293=PLANE('',#4947);
#294=PLANE('',#4948);
#295=PLANE('',#4949);
#296=PLANE('',#4950);
#297=PLANE('',#4951);
#298=PLANE('',#4952);
#299=PLANE('',#4954);
#300=PLANE('',#4955);
#301=PLANE('',#4956);
#302=PLANE('',#4957);
#303=PLANE('',#4958);
#304=PLANE('',#4960);
#305=PLANE('',#4961);
#306=PLANE('',#4962);
#307=PLANE('',#4963);
#308=PLANE('',#4964);
#309=PLANE('',#4965);
#310=PLANE('',#4966);
#311=PLANE('',#4967);
#312=PLANE('',#4968);
#313=PLANE('',#4969);
#314=PLANE('',#4970);
#315=PLANE('',#4971);
#316=PLANE('',#4972);
#317=PLANE('',#4973);
#318=PLANE('',#4974);
#319=PLANE('',#4975);
#320=PLANE('',#4978);
#321=PLANE('',#4979);
#322=PLANE('',#4980);
#323=PLANE('',#4981);
#324=PLANE('',#4983);
#325=PLANE('',#4984);
#326=PLANE('',#4985);
#327=PLANE('',#4992);
#328=PLANE('',#4993);
#329=PLANE('',#4994);
#330=PLANE('',#4995);
#331=PLANE('',#4996);
#332=FACE_OUTER_BOUND('',#569,.T.);
#333=FACE_OUTER_BOUND('',#570,.T.);
#334=FACE_OUTER_BOUND('',#571,.T.);
#335=FACE_OUTER_BOUND('',#573,.T.);
#336=FACE_OUTER_BOUND('',#574,.T.);
#337=FACE_OUTER_BOUND('',#575,.T.);
#338=FACE_OUTER_BOUND('',#577,.T.);
#339=FACE_OUTER_BOUND('',#578,.T.);
#340=FACE_OUTER_BOUND('',#579,.T.);
#341=FACE_OUTER_BOUND('',#581,.T.);
#342=FACE_OUTER_BOUND('',#582,.T.);
#343=FACE_OUTER_BOUND('',#583,.T.);
#344=FACE_OUTER_BOUND('',#585,.T.);
#345=FACE_OUTER_BOUND('',#598,.T.);
#346=FACE_OUTER_BOUND('',#599,.T.);
#347=FACE_OUTER_BOUND('',#600,.T.);
#348=FACE_OUTER_BOUND('',#601,.T.);
#349=FACE_OUTER_BOUND('',#602,.T.);
#350=FACE_OUTER_BOUND('',#603,.T.);
#351=FACE_OUTER_BOUND('',#605,.T.);
#352=FACE_OUTER_BOUND('',#606,.T.);
#353=FACE_OUTER_BOUND('',#607,.T.);
#354=FACE_OUTER_BOUND('',#609,.T.);
#355=FACE_OUTER_BOUND('',#610,.T.);
#356=FACE_OUTER_BOUND('',#611,.T.);
#357=FACE_OUTER_BOUND('',#613,.T.);
#358=FACE_OUTER_BOUND('',#614,.T.);
#359=FACE_OUTER_BOUND('',#615,.T.);
#360=FACE_OUTER_BOUND('',#617,.T.);
#361=FACE_OUTER_BOUND('',#618,.T.);
#362=FACE_OUTER_BOUND('',#619,.T.);
#363=FACE_OUTER_BOUND('',#620,.T.);
#364=FACE_OUTER_BOUND('',#621,.T.);
#365=FACE_OUTER_BOUND('',#622,.T.);
#366=FACE_OUTER_BOUND('',#623,.T.);
#367=FACE_OUTER_BOUND('',#624,.T.);
#368=FACE_OUTER_BOUND('',#625,.T.);
#369=FACE_OUTER_BOUND('',#626,.T.);
#370=FACE_OUTER_BOUND('',#627,.T.);
#371=FACE_OUTER_BOUND('',#628,.T.);
#372=FACE_OUTER_BOUND('',#629,.T.);
#373=FACE_OUTER_BOUND('',#631,.T.);
#374=FACE_OUTER_BOUND('',#632,.T.);
#375=FACE_OUTER_BOUND('',#633,.T.);
#376=FACE_OUTER_BOUND('',#634,.T.);
#377=FACE_OUTER_BOUND('',#635,.T.);
#378=FACE_OUTER_BOUND('',#637,.T.);
#379=FACE_OUTER_BOUND('',#638,.T.);
#380=FACE_OUTER_BOUND('',#639,.T.);
#381=FACE_OUTER_BOUND('',#644,.T.);
#382=FACE_OUTER_BOUND('',#646,.T.);
#383=FACE_OUTER_BOUND('',#647,.T.);
#384=FACE_OUTER_BOUND('',#648,.T.);
#385=FACE_OUTER_BOUND('',#649,.T.);
#386=FACE_OUTER_BOUND('',#650,.T.);
#387=FACE_OUTER_BOUND('',#651,.T.);
#388=FACE_OUTER_BOUND('',#652,.T.);
#389=FACE_OUTER_BOUND('',#654,.T.);
#390=FACE_OUTER_BOUND('',#655,.T.);
#391=FACE_OUTER_BOUND('',#656,.T.);
#392=FACE_OUTER_BOUND('',#660,.T.);
#393=FACE_OUTER_BOUND('',#661,.T.);
#394=FACE_OUTER_BOUND('',#662,.T.);
#395=FACE_OUTER_BOUND('',#663,.T.);
#396=FACE_OUTER_BOUND('',#664,.T.);
#397=FACE_OUTER_BOUND('',#665,.T.);
#398=FACE_OUTER_BOUND('',#666,.T.);
#399=FACE_OUTER_BOUND('',#667,.T.);
#400=FACE_OUTER_BOUND('',#675,.T.);
#401=FACE_OUTER_BOUND('',#676,.T.);
#402=FACE_OUTER_BOUND('',#677,.T.);
#403=FACE_OUTER_BOUND('',#678,.T.);
#404=FACE_OUTER_BOUND('',#682,.T.);
#405=FACE_OUTER_BOUND('',#683,.T.);
#406=FACE_OUTER_BOUND('',#684,.T.);
#407=FACE_OUTER_BOUND('',#685,.T.);
#408=FACE_OUTER_BOUND('',#686,.T.);
#409=FACE_OUTER_BOUND('',#687,.T.);
#410=FACE_OUTER_BOUND('',#688,.T.);
#411=FACE_OUTER_BOUND('',#689,.T.);
#412=FACE_OUTER_BOUND('',#690,.T.);
#413=FACE_OUTER_BOUND('',#691,.T.);
#414=FACE_OUTER_BOUND('',#692,.T.);
#415=FACE_OUTER_BOUND('',#693,.T.);
#416=FACE_OUTER_BOUND('',#694,.T.);
#417=FACE_OUTER_BOUND('',#695,.T.);
#418=FACE_OUTER_BOUND('',#696,.T.);
#419=FACE_OUTER_BOUND('',#697,.T.);
#420=FACE_OUTER_BOUND('',#698,.T.);
#421=FACE_OUTER_BOUND('',#699,.T.);
#422=FACE_OUTER_BOUND('',#700,.T.);
#423=FACE_OUTER_BOUND('',#701,.T.);
#424=FACE_OUTER_BOUND('',#702,.T.);
#425=FACE_OUTER_BOUND('',#703,.T.);
#426=FACE_OUTER_BOUND('',#704,.T.);
#427=FACE_OUTER_BOUND('',#705,.T.);
#428=FACE_OUTER_BOUND('',#706,.T.);
#429=FACE_OUTER_BOUND('',#707,.T.);
#430=FACE_OUTER_BOUND('',#708,.T.);
#431=FACE_OUTER_BOUND('',#709,.T.);
#432=FACE_OUTER_BOUND('',#710,.T.);
#433=FACE_OUTER_BOUND('',#711,.T.);
#434=FACE_OUTER_BOUND('',#712,.T.);
#435=FACE_OUTER_BOUND('',#713,.T.);
#436=FACE_OUTER_BOUND('',#714,.T.);
#437=FACE_OUTER_BOUND('',#715,.T.);
#438=FACE_OUTER_BOUND('',#716,.T.);
#439=FACE_OUTER_BOUND('',#717,.T.);
#440=FACE_OUTER_BOUND('',#719,.T.);
#441=FACE_OUTER_BOUND('',#720,.T.);
#442=FACE_OUTER_BOUND('',#721,.T.);
#443=FACE_OUTER_BOUND('',#722,.T.);
#444=FACE_OUTER_BOUND('',#723,.T.);
#445=FACE_OUTER_BOUND('',#734,.T.);
#446=FACE_OUTER_BOUND('',#735,.T.);
#447=FACE_OUTER_BOUND('',#736,.T.);
#448=FACE_OUTER_BOUND('',#737,.T.);
#449=FACE_OUTER_BOUND('',#738,.T.);
#450=FACE_OUTER_BOUND('',#739,.T.);
#451=FACE_OUTER_BOUND('',#740,.T.);
#452=FACE_OUTER_BOUND('',#741,.T.);
#453=FACE_OUTER_BOUND('',#742,.T.);
#454=FACE_OUTER_BOUND('',#743,.T.);
#455=FACE_OUTER_BOUND('',#744,.T.);
#456=FACE_OUTER_BOUND('',#745,.T.);
#457=FACE_OUTER_BOUND('',#746,.T.);
#458=FACE_OUTER_BOUND('',#747,.T.);
#459=FACE_OUTER_BOUND('',#748,.T.);
#460=FACE_OUTER_BOUND('',#749,.T.);
#461=FACE_OUTER_BOUND('',#750,.T.);
#462=FACE_OUTER_BOUND('',#751,.T.);
#463=FACE_OUTER_BOUND('',#752,.T.);
#464=FACE_OUTER_BOUND('',#753,.T.);
#465=FACE_OUTER_BOUND('',#754,.T.);
#466=FACE_OUTER_BOUND('',#755,.T.);
#467=FACE_OUTER_BOUND('',#756,.T.);
#468=FACE_OUTER_BOUND('',#757,.T.);
#469=FACE_OUTER_BOUND('',#758,.T.);
#470=FACE_OUTER_BOUND('',#759,.T.);
#471=FACE_OUTER_BOUND('',#760,.T.);
#472=FACE_OUTER_BOUND('',#761,.T.);
#473=FACE_OUTER_BOUND('',#762,.T.);
#474=FACE_OUTER_BOUND('',#764,.T.);
#475=FACE_OUTER_BOUND('',#765,.T.);
#476=FACE_OUTER_BOUND('',#766,.T.);
#477=FACE_OUTER_BOUND('',#767,.T.);
#478=FACE_OUTER_BOUND('',#768,.T.);
#479=FACE_OUTER_BOUND('',#769,.T.);
#480=FACE_OUTER_BOUND('',#770,.T.);
#481=FACE_OUTER_BOUND('',#771,.T.);
#482=FACE_OUTER_BOUND('',#772,.T.);
#483=FACE_OUTER_BOUND('',#773,.T.);
#484=FACE_OUTER_BOUND('',#774,.T.);
#485=FACE_OUTER_BOUND('',#775,.T.);
#486=FACE_OUTER_BOUND('',#776,.T.);
#487=FACE_OUTER_BOUND('',#777,.T.);
#488=FACE_OUTER_BOUND('',#778,.T.);
#489=FACE_OUTER_BOUND('',#779,.T.);
#490=FACE_OUTER_BOUND('',#780,.T.);
#491=FACE_OUTER_BOUND('',#781,.T.);
#492=FACE_OUTER_BOUND('',#782,.T.);
#493=FACE_OUTER_BOUND('',#783,.T.);
#494=FACE_OUTER_BOUND('',#784,.T.);
#495=FACE_OUTER_BOUND('',#785,.T.);
#496=FACE_OUTER_BOUND('',#786,.T.);
#497=FACE_OUTER_BOUND('',#787,.T.);
#498=FACE_OUTER_BOUND('',#788,.T.);
#499=FACE_OUTER_BOUND('',#789,.T.);
#500=FACE_OUTER_BOUND('',#791,.T.);
#501=FACE_OUTER_BOUND('',#792,.T.);
#502=FACE_OUTER_BOUND('',#793,.T.);
#503=FACE_OUTER_BOUND('',#794,.T.);
#504=FACE_OUTER_BOUND('',#795,.T.);
#505=FACE_OUTER_BOUND('',#796,.T.);
#506=FACE_OUTER_BOUND('',#797,.T.);
#507=FACE_OUTER_BOUND('',#798,.T.);
#508=FACE_OUTER_BOUND('',#799,.T.);
#509=FACE_OUTER_BOUND('',#800,.T.);
#510=FACE_OUTER_BOUND('',#801,.T.);
#511=FACE_OUTER_BOUND('',#802,.T.);
#512=FACE_OUTER_BOUND('',#803,.T.);
#513=FACE_OUTER_BOUND('',#804,.T.);
#514=FACE_OUTER_BOUND('',#805,.T.);
#515=FACE_OUTER_BOUND('',#806,.T.);
#516=FACE_OUTER_BOUND('',#807,.T.);
#517=FACE_OUTER_BOUND('',#808,.T.);
#518=FACE_OUTER_BOUND('',#809,.T.);
#519=FACE_OUTER_BOUND('',#810,.T.);
#520=FACE_OUTER_BOUND('',#811,.T.);
#521=FACE_OUTER_BOUND('',#812,.T.);
#522=FACE_OUTER_BOUND('',#813,.T.);
#523=FACE_OUTER_BOUND('',#814,.T.);
#524=FACE_OUTER_BOUND('',#815,.T.);
#525=FACE_OUTER_BOUND('',#816,.T.);
#526=FACE_OUTER_BOUND('',#817,.T.);
#527=FACE_OUTER_BOUND('',#818,.T.);
#528=FACE_OUTER_BOUND('',#819,.T.);
#529=FACE_OUTER_BOUND('',#820,.T.);
#530=FACE_OUTER_BOUND('',#821,.T.);
#531=FACE_OUTER_BOUND('',#822,.T.);
#532=FACE_OUTER_BOUND('',#823,.T.);
#533=FACE_OUTER_BOUND('',#824,.T.);
#534=FACE_OUTER_BOUND('',#825,.T.);
#535=FACE_OUTER_BOUND('',#826,.T.);
#536=FACE_OUTER_BOUND('',#827,.T.);
#537=FACE_OUTER_BOUND('',#828,.T.);
#538=FACE_OUTER_BOUND('',#829,.T.);
#539=FACE_OUTER_BOUND('',#830,.T.);
#540=FACE_OUTER_BOUND('',#831,.T.);
#541=FACE_OUTER_BOUND('',#832,.T.);
#542=FACE_OUTER_BOUND('',#833,.T.);
#543=FACE_OUTER_BOUND('',#834,.T.);
#544=FACE_OUTER_BOUND('',#835,.T.);
#545=FACE_OUTER_BOUND('',#836,.T.);
#546=FACE_OUTER_BOUND('',#837,.T.);
#547=FACE_OUTER_BOUND('',#838,.T.);
#548=FACE_OUTER_BOUND('',#839,.T.);
#549=FACE_OUTER_BOUND('',#840,.T.);
#550=FACE_OUTER_BOUND('',#841,.T.);
#551=FACE_OUTER_BOUND('',#842,.T.);
#552=FACE_OUTER_BOUND('',#843,.T.);
#553=FACE_OUTER_BOUND('',#844,.T.);
#554=FACE_OUTER_BOUND('',#845,.T.);
#555=FACE_OUTER_BOUND('',#846,.T.);
#556=FACE_OUTER_BOUND('',#847,.T.);
#557=FACE_OUTER_BOUND('',#848,.T.);
#558=FACE_OUTER_BOUND('',#849,.T.);
#559=FACE_OUTER_BOUND('',#850,.T.);
#560=FACE_OUTER_BOUND('',#851,.T.);
#561=FACE_OUTER_BOUND('',#852,.T.);
#562=FACE_OUTER_BOUND('',#853,.T.);
#563=FACE_OUTER_BOUND('',#854,.T.);
#564=FACE_OUTER_BOUND('',#855,.T.);
#565=FACE_OUTER_BOUND('',#856,.T.);
#566=FACE_OUTER_BOUND('',#857,.T.);
#567=FACE_OUTER_BOUND('',#859,.T.);
#568=FACE_OUTER_BOUND('',#860,.T.);
#569=EDGE_LOOP('',(#3064,#3065,#3066,#3067));
#570=EDGE_LOOP('',(#3068,#3069,#3070,#3071));
#571=EDGE_LOOP('',(#3072));
#572=EDGE_LOOP('',(#3073));
#573=EDGE_LOOP('',(#3074,#3075,#3076,#3077));
#574=EDGE_LOOP('',(#3078,#3079,#3080,#3081));
#575=EDGE_LOOP('',(#3082));
#576=EDGE_LOOP('',(#3083));
#577=EDGE_LOOP('',(#3084,#3085,#3086,#3087));
#578=EDGE_LOOP('',(#3088,#3089,#3090,#3091));
#579=EDGE_LOOP('',(#3092));
#580=EDGE_LOOP('',(#3093));
#581=EDGE_LOOP('',(#3094,#3095,#3096,#3097));
#582=EDGE_LOOP('',(#3098,#3099,#3100,#3101));
#583=EDGE_LOOP('',(#3102));
#584=EDGE_LOOP('',(#3103));
#585=EDGE_LOOP('',(#3104,#3105,#3106,#3107,#3108,#3109,#3110,#3111,#3112,
#3113,#3114,#3115,#3116,#3117,#3118,#3119,#3120,#3121,#3122,#3123,#3124,
#3125,#3126,#3127,#3128,#3129,#3130,#3131,#3132,#3133,#3134,#3135,#3136,
#3137,#3138,#3139,#3140,#3141,#3142,#3143,#3144,#3145,#3146));
#586=EDGE_LOOP('',(#3147));
#587=EDGE_LOOP('',(#3148));
#588=EDGE_LOOP('',(#3149));
#589=EDGE_LOOP('',(#3150));
#590=EDGE_LOOP('',(#3151));
#591=EDGE_LOOP('',(#3152));
#592=EDGE_LOOP('',(#3153));
#593=EDGE_LOOP('',(#3154));
#594=EDGE_LOOP('',(#3155));
#595=EDGE_LOOP('',(#3156));
#596=EDGE_LOOP('',(#3157,#3158,#3159,#3160));
#597=EDGE_LOOP('',(#3161,#3162,#3163,#3164,#3165,#3166,#3167,#3168,#3169,
#3170));
#598=EDGE_LOOP('',(#3171));
#599=EDGE_LOOP('',(#3172));
#600=EDGE_LOOP('',(#3173));
#601=EDGE_LOOP('',(#3174,#3175,#3176,#3177));
#602=EDGE_LOOP('',(#3178,#3179,#3180,#3181));
#603=EDGE_LOOP('',(#3182));
#604=EDGE_LOOP('',(#3183));
#605=EDGE_LOOP('',(#3184,#3185,#3186,#3187));
#606=EDGE_LOOP('',(#3188,#3189,#3190,#3191));
#607=EDGE_LOOP('',(#3192));
#608=EDGE_LOOP('',(#3193));
#609=EDGE_LOOP('',(#3194,#3195,#3196,#3197));
#610=EDGE_LOOP('',(#3198,#3199,#3200,#3201));
#611=EDGE_LOOP('',(#3202));
#612=EDGE_LOOP('',(#3203));
#613=EDGE_LOOP('',(#3204,#3205,#3206,#3207));
#614=EDGE_LOOP('',(#3208,#3209,#3210,#3211));
#615=EDGE_LOOP('',(#3212));
#616=EDGE_LOOP('',(#3213));
#617=EDGE_LOOP('',(#3214));
#618=EDGE_LOOP('',(#3215));
#619=EDGE_LOOP('',(#3216));
#620=EDGE_LOOP('',(#3217));
#621=EDGE_LOOP('',(#3218,#3219,#3220,#3221));
#622=EDGE_LOOP('',(#3222,#3223,#3224,#3225));
#623=EDGE_LOOP('',(#3226));
#624=EDGE_LOOP('',(#3227,#3228,#3229,#3230));
#625=EDGE_LOOP('',(#3231,#3232,#3233,#3234));
#626=EDGE_LOOP('',(#3235,#3236,#3237,#3238));
#627=EDGE_LOOP('',(#3239,#3240,#3241,#3242));
#628=EDGE_LOOP('',(#3243,#3244,#3245,#3246));
#629=EDGE_LOOP('',(#3247,#3248,#3249,#3250,#3251,#3252,#3253));
#630=EDGE_LOOP('',(#3254));
#631=EDGE_LOOP('',(#3255,#3256,#3257,#3258,#3259,#3260));
#632=EDGE_LOOP('',(#3261,#3262,#3263,#3264,#3265));
#633=EDGE_LOOP('',(#3266,#3267,#3268,#3269));
#634=EDGE_LOOP('',(#3270,#3271,#3272,#3273));
#635=EDGE_LOOP('',(#3274,#3275,#3276,#3277,#3278,#3279,#3280,#3281,#3282,
#3283));
#636=EDGE_LOOP('',(#3284,#3285,#3286,#3287));
#637=EDGE_LOOP('',(#3288,#3289,#3290,#3291));
#638=EDGE_LOOP('',(#3292,#3293,#3294,#3295));
#639=EDGE_LOOP('',(#3296,#3297,#3298,#3299,#3300,#3301,#3302,#3303,#3304,
#3305,#3306,#3307,#3308,#3309,#3310,#3311,#3312,#3313,#3314,#3315,#3316,
#3317,#3318,#3319,#3320,#3321,#3322,#3323,#3324,#3325,#3326,#3327,#3328,
#3329,#3330,#3331));
#640=EDGE_LOOP('',(#3332));
#641=EDGE_LOOP('',(#3333,#3334,#3335,#3336));
#642=EDGE_LOOP('',(#3337));
#643=EDGE_LOOP('',(#3338));
#644=EDGE_LOOP('',(#3339,#3340,#3341,#3342));
#645=EDGE_LOOP('',(#3343,#3344,#3345,#3346));
#646=EDGE_LOOP('',(#3347,#3348,#3349,#3350));
#647=EDGE_LOOP('',(#3351,#3352,#3353,#3354));
#648=EDGE_LOOP('',(#3355,#3356,#3357,#3358));
#649=EDGE_LOOP('',(#3359,#3360,#3361,#3362));
#650=EDGE_LOOP('',(#3363));
#651=EDGE_LOOP('',(#3364,#3365,#3366,#3367));
#652=EDGE_LOOP('',(#3368));
#653=EDGE_LOOP('',(#3369));
#654=EDGE_LOOP('',(#3370,#3371,#3372,#3373));
#655=EDGE_LOOP('',(#3374,#3375,#3376,#3377));
#656=EDGE_LOOP('',(#3378,#3379,#3380,#3381,#3382,#3383,#3384,#3385,#3386,
#3387,#3388,#3389));
#657=EDGE_LOOP('',(#3390));
#658=EDGE_LOOP('',(#3391));
#659=EDGE_LOOP('',(#3392));
#660=EDGE_LOOP('',(#3393,#3394,#3395,#3396));
#661=EDGE_LOOP('',(#3397,#3398,#3399,#3400));
#662=EDGE_LOOP('',(#3401,#3402,#3403,#3404));
#663=EDGE_LOOP('',(#3405,#3406,#3407,#3408));
#664=EDGE_LOOP('',(#3409,#3410,#3411,#3412));
#665=EDGE_LOOP('',(#3413,#3414,#3415,#3416));
#666=EDGE_LOOP('',(#3417,#3418,#3419,#3420));
#667=EDGE_LOOP('',(#3421,#3422,#3423,#3424,#3425,#3426,#3427,#3428,#3429,
#3430,#3431,#3432));
#668=EDGE_LOOP('',(#3433,#3434,#3435,#3436));
#669=EDGE_LOOP('',(#3437,#3438));
#670=EDGE_LOOP('',(#3439,#3440));
#671=EDGE_LOOP('',(#3441));
#672=EDGE_LOOP('',(#3442));
#673=EDGE_LOOP('',(#3443));
#674=EDGE_LOOP('',(#3444));
#675=EDGE_LOOP('',(#3445,#3446,#3447,#3448));
#676=EDGE_LOOP('',(#3449,#3450,#3451,#3452));
#677=EDGE_LOOP('',(#3453,#3454,#3455,#3456));
#678=EDGE_LOOP('',(#3457,#3458,#3459,#3460,#3461,#3462,#3463,#3464,#3465,
#3466));
#679=EDGE_LOOP('',(#3467));
#680=EDGE_LOOP('',(#3468));
#681=EDGE_LOOP('',(#3469,#3470,#3471,#3472,#3473,#3474,#3475,#3476));
#682=EDGE_LOOP('',(#3477,#3478,#3479));
#683=EDGE_LOOP('',(#3480,#3481,#3482,#3483));
#684=EDGE_LOOP('',(#3484,#3485,#3486,#3487));
#685=EDGE_LOOP('',(#3488,#3489,#3490,#3491,#3492,#3493));
#686=EDGE_LOOP('',(#3494,#3495,#3496,#3497,#3498,#3499,#3500,#3501,#3502,
#3503,#3504,#3505,#3506,#3507,#3508,#3509));
#687=EDGE_LOOP('',(#3510,#3511,#3512,#3513,#3514,#3515));
#688=EDGE_LOOP('',(#3516,#3517,#3518,#3519));
#689=EDGE_LOOP('',(#3520,#3521,#3522,#3523));
#690=EDGE_LOOP('',(#3524,#3525,#3526,#3527));
#691=EDGE_LOOP('',(#3528,#3529,#3530,#3531));
#692=EDGE_LOOP('',(#3532,#3533,#3534,#3535));
#693=EDGE_LOOP('',(#3536,#3537,#3538,#3539));
#694=EDGE_LOOP('',(#3540,#3541,#3542,#3543));
#695=EDGE_LOOP('',(#3544,#3545,#3546,#3547));
#696=EDGE_LOOP('',(#3548,#3549,#3550,#3551));
#697=EDGE_LOOP('',(#3552,#3553,#3554,#3555,#3556,#3557,#3558,#3559));
#698=EDGE_LOOP('',(#3560,#3561,#3562,#3563,#3564,#3565));
#699=EDGE_LOOP('',(#3566,#3567,#3568,#3569,#3570,#3571));
#700=EDGE_LOOP('',(#3572,#3573,#3574,#3575));
#701=EDGE_LOOP('',(#3576,#3577,#3578,#3579));
#702=EDGE_LOOP('',(#3580,#3581,#3582,#3583));
#703=EDGE_LOOP('',(#3584,#3585,#3586,#3587));
#704=EDGE_LOOP('',(#3588,#3589,#3590,#3591));
#705=EDGE_LOOP('',(#3592,#3593,#3594,#3595));
#706=EDGE_LOOP('',(#3596,#3597,#3598,#3599));
#707=EDGE_LOOP('',(#3600,#3601,#3602,#3603));
#708=EDGE_LOOP('',(#3604,#3605,#3606,#3607));
#709=EDGE_LOOP('',(#3608,#3609,#3610,#3611));
#710=EDGE_LOOP('',(#3612,#3613,#3614,#3615));
#711=EDGE_LOOP('',(#3616,#3617,#3618,#3619));
#712=EDGE_LOOP('',(#3620,#3621,#3622,#3623));
#713=EDGE_LOOP('',(#3624,#3625,#3626,#3627));
#714=EDGE_LOOP('',(#3628,#3629,#3630,#3631));
#715=EDGE_LOOP('',(#3632,#3633,#3634,#3635));
#716=EDGE_LOOP('',(#3636,#3637,#3638,#3639));
#717=EDGE_LOOP('',(#3640,#3641,#3642,#3643,#3644,#3645));
#718=EDGE_LOOP('',(#3646));
#719=EDGE_LOOP('',(#3647,#3648,#3649,#3650));
#720=EDGE_LOOP('',(#3651,#3652,#3653,#3654));
#721=EDGE_LOOP('',(#3655,#3656,#3657,#3658,#3659,#3660));
#722=EDGE_LOOP('',(#3661,#3662,#3663,#3664,#3665,#3666));
#723=EDGE_LOOP('',(#3667,#3668,#3669,#3670,#3671,#3672,#3673,#3674,#3675,
#3676,#3677,#3678,#3679,#3680,#3681,#3682,#3683,#3684));
#724=EDGE_LOOP('',(#3685,#3686,#3687,#3688));
#725=EDGE_LOOP('',(#3689));
#726=EDGE_LOOP('',(#3690));
#727=EDGE_LOOP('',(#3691));
#728=EDGE_LOOP('',(#3692));
#729=EDGE_LOOP('',(#3693,#3694,#3695));
#730=EDGE_LOOP('',(#3696));
#731=EDGE_LOOP('',(#3697));
#732=EDGE_LOOP('',(#3698,#3699));
#733=EDGE_LOOP('',(#3700,#3701));
#734=EDGE_LOOP('',(#3702,#3703,#3704,#3705));
#735=EDGE_LOOP('',(#3706,#3707,#3708,#3709));
#736=EDGE_LOOP('',(#3710,#3711,#3712,#3713));
#737=EDGE_LOOP('',(#3714,#3715,#3716,#3717,#3718,#3719,#3720,#3721,#3722,
#3723,#3724,#3725,#3726,#3727,#3728,#3729));
#738=EDGE_LOOP('',(#3730,#3731,#3732,#3733,#3734,#3735,#3736,#3737,#3738,
#3739,#3740,#3741,#3742,#3743,#3744,#3745));
#739=EDGE_LOOP('',(#3746,#3747,#3748,#3749));
#740=EDGE_LOOP('',(#3750,#3751,#3752,#3753));
#741=EDGE_LOOP('',(#3754,#3755,#3756,#3757));
#742=EDGE_LOOP('',(#3758,#3759,#3760,#3761,#3762,#3763));
#743=EDGE_LOOP('',(#3764,#3765,#3766,#3767,#3768,#3769));
#744=EDGE_LOOP('',(#3770,#3771,#3772,#3773));
#745=EDGE_LOOP('',(#3774,#3775,#3776,#3777));
#746=EDGE_LOOP('',(#3778,#3779,#3780,#3781));
#747=EDGE_LOOP('',(#3782,#3783,#3784,#3785));
#748=EDGE_LOOP('',(#3786,#3787,#3788,#3789));
#749=EDGE_LOOP('',(#3790,#3791,#3792,#3793));
#750=EDGE_LOOP('',(#3794,#3795,#3796,#3797));
#751=EDGE_LOOP('',(#3798,#3799,#3800,#3801));
#752=EDGE_LOOP('',(#3802,#3803,#3804,#3805));
#753=EDGE_LOOP('',(#3806,#3807,#3808,#3809));
#754=EDGE_LOOP('',(#3810,#3811,#3812,#3813,#3814,#3815,#3816,#3817,#3818));
#755=EDGE_LOOP('',(#3819,#3820,#3821,#3822));
#756=EDGE_LOOP('',(#3823,#3824,#3825,#3826));
#757=EDGE_LOOP('',(#3827,#3828,#3829,#3830));
#758=EDGE_LOOP('',(#3831,#3832,#3833,#3834));
#759=EDGE_LOOP('',(#3835,#3836,#3837,#3838));
#760=EDGE_LOOP('',(#3839));
#761=EDGE_LOOP('',(#3840,#3841,#3842,#3843));
#762=EDGE_LOOP('',(#3844));
#763=EDGE_LOOP('',(#3845));
#764=EDGE_LOOP('',(#3846,#3847,#3848,#3849));
#765=EDGE_LOOP('',(#3850,#3851,#3852,#3853));
#766=EDGE_LOOP('',(#3854,#3855,#3856,#3857));
#767=EDGE_LOOP('',(#3858,#3859,#3860,#3861,#3862,#3863,#3864,#3865,#3866,
#3867));
#768=EDGE_LOOP('',(#3868,#3869,#3870,#3871,#3872,#3873));
#769=EDGE_LOOP('',(#3874,#3875,#3876,#3877));
#770=EDGE_LOOP('',(#3878,#3879,#3880,#3881));
#771=EDGE_LOOP('',(#3882,#3883,#3884,#3885));
#772=EDGE_LOOP('',(#3886,#3887,#3888,#3889));
#773=EDGE_LOOP('',(#3890,#3891,#3892,#3893,#3894,#3895));
#774=EDGE_LOOP('',(#3896,#3897,#3898,#3899,#3900,#3901));
#775=EDGE_LOOP('',(#3902,#3903,#3904,#3905,#3906,#3907,#3908,#3909));
#776=EDGE_LOOP('',(#3910,#3911,#3912,#3913));
#777=EDGE_LOOP('',(#3914,#3915,#3916,#3917));
#778=EDGE_LOOP('',(#3918,#3919,#3920,#3921,#3922,#3923,#3924,#3925,#3926,
#3927));
#779=EDGE_LOOP('',(#3928,#3929,#3930,#3931));
#780=EDGE_LOOP('',(#3932,#3933,#3934,#3935,#3936,#3937,#3938,#3939));
#781=EDGE_LOOP('',(#3940,#3941,#3942,#3943));
#782=EDGE_LOOP('',(#3944,#3945,#3946,#3947,#3948,#3949,#3950,#3951,#3952,
#3953));
#783=EDGE_LOOP('',(#3954,#3955,#3956,#3957,#3958,#3959,#3960,#3961,#3962,
#3963));
#784=EDGE_LOOP('',(#3964,#3965,#3966,#3967));
#785=EDGE_LOOP('',(#3968,#3969,#3970,#3971));
#786=EDGE_LOOP('',(#3972,#3973,#3974,#3975));
#787=EDGE_LOOP('',(#3976,#3977,#3978,#3979));
#788=EDGE_LOOP('',(#3980,#3981,#3982,#3983));
#789=EDGE_LOOP('',(#3984));
#790=EDGE_LOOP('',(#3985));
#791=EDGE_LOOP('',(#3986,#3987,#3988,#3989));
#792=EDGE_LOOP('',(#3990,#3991,#3992,#3993));
#793=EDGE_LOOP('',(#3994,#3995,#3996,#3997));
#794=EDGE_LOOP('',(#3998,#3999,#4000,#4001));
#795=EDGE_LOOP('',(#4002,#4003,#4004,#4005,#4006,#4007,#4008,#4009,#4010,
#4011,#4012,#4013));
#796=EDGE_LOOP('',(#4014,#4015,#4016,#4017,#4018,#4019,#4020,#4021,#4022,
#4023,#4024,#4025));
#797=EDGE_LOOP('',(#4026,#4027,#4028,#4029));
#798=EDGE_LOOP('',(#4030,#4031,#4032,#4033));
#799=EDGE_LOOP('',(#4034,#4035,#4036,#4037));
#800=EDGE_LOOP('',(#4038));
#801=EDGE_LOOP('',(#4039,#4040,#4041,#4042));
#802=EDGE_LOOP('',(#4043,#4044,#4045,#4046));
#803=EDGE_LOOP('',(#4047,#4048,#4049,#4050,#4051,#4052,#4053,#4054));
#804=EDGE_LOOP('',(#4055,#4056,#4057,#4058));
#805=EDGE_LOOP('',(#4059,#4060,#4061,#4062));
#806=EDGE_LOOP('',(#4063,#4064,#4065,#4066));
#807=EDGE_LOOP('',(#4067,#4068,#4069,#4070));
#808=EDGE_LOOP('',(#4071,#4072,#4073,#4074));
#809=EDGE_LOOP('',(#4075,#4076,#4077,#4078));
#810=EDGE_LOOP('',(#4079,#4080,#4081,#4082));
#811=EDGE_LOOP('',(#4083,#4084,#4085,#4086,#4087,#4088,#4089,#4090));
#812=EDGE_LOOP('',(#4091,#4092,#4093,#4094));
#813=EDGE_LOOP('',(#4095,#4096,#4097,#4098));
#814=EDGE_LOOP('',(#4099,#4100,#4101,#4102));
#815=EDGE_LOOP('',(#4103,#4104,#4105,#4106));
#816=EDGE_LOOP('',(#4107,#4108,#4109,#4110));
#817=EDGE_LOOP('',(#4111,#4112,#4113,#4114));
#818=EDGE_LOOP('',(#4115,#4116,#4117,#4118));
#819=EDGE_LOOP('',(#4119,#4120,#4121,#4122));
#820=EDGE_LOOP('',(#4123,#4124,#4125,#4126));
#821=EDGE_LOOP('',(#4127,#4128,#4129,#4130));
#822=EDGE_LOOP('',(#4131,#4132,#4133,#4134));
#823=EDGE_LOOP('',(#4135,#4136,#4137,#4138));
#824=EDGE_LOOP('',(#4139,#4140,#4141,#4142));
#825=EDGE_LOOP('',(#4143,#4144,#4145,#4146));
#826=EDGE_LOOP('',(#4147,#4148,#4149,#4150));
#827=EDGE_LOOP('',(#4151,#4152,#4153,#4154));
#828=EDGE_LOOP('',(#4155,#4156,#4157,#4158));
#829=EDGE_LOOP('',(#4159,#4160,#4161,#4162,#4163));
#830=EDGE_LOOP('',(#4164,#4165,#4166,#4167,#4168,#4169));
#831=EDGE_LOOP('',(#4170,#4171,#4172,#4173,#4174,#4175));
#832=EDGE_LOOP('',(#4176,#4177,#4178,#4179,#4180,#4181));
#833=EDGE_LOOP('',(#4182,#4183,#4184,#4185,#4186,#4187));
#834=EDGE_LOOP('',(#4188,#4189,#4190,#4191));
#835=EDGE_LOOP('',(#4192,#4193,#4194,#4195));
#836=EDGE_LOOP('',(#4196,#4197,#4198,#4199));
#837=EDGE_LOOP('',(#4200,#4201,#4202,#4203));
#838=EDGE_LOOP('',(#4204,#4205,#4206,#4207));
#839=EDGE_LOOP('',(#4208,#4209,#4210,#4211,#4212,#4213,#4214,#4215,#4216));
#840=EDGE_LOOP('',(#4217,#4218,#4219,#4220));
#841=EDGE_LOOP('',(#4221,#4222,#4223,#4224));
#842=EDGE_LOOP('',(#4225,#4226,#4227,#4228));
#843=EDGE_LOOP('',(#4229,#4230,#4231,#4232));
#844=EDGE_LOOP('',(#4233,#4234,#4235,#4236,#4237,#4238,#4239,#4240));
#845=EDGE_LOOP('',(#4241,#4242,#4243,#4244,#4245,#4246));
#846=EDGE_LOOP('',(#4247,#4248,#4249,#4250));
#847=EDGE_LOOP('',(#4251,#4252,#4253,#4254));
#848=EDGE_LOOP('',(#4255,#4256,#4257,#4258));
#849=EDGE_LOOP('',(#4259,#4260,#4261));
#850=EDGE_LOOP('',(#4262,#4263,#4264,#4265));
#851=EDGE_LOOP('',(#4266,#4267,#4268,#4269));
#852=EDGE_LOOP('',(#4270,#4271,#4272,#4273,#4274,#4275,#4276,#4277,#4278));
#853=EDGE_LOOP('',(#4279,#4280,#4281,#4282,#4283,#4284,#4285,#4286,#4287,
#4288,#4289,#4290));
#854=EDGE_LOOP('',(#4291,#4292,#4293,#4294,#4295,#4296,#4297,#4298,#4299,
#4300,#4301,#4302,#4303,#4304,#4305,#4306,#4307));
#855=EDGE_LOOP('',(#4308,#4309,#4310,#4311,#4312));
#856=EDGE_LOOP('',(#4313,#4314,#4315,#4316));
#857=EDGE_LOOP('',(#4317));
#858=EDGE_LOOP('',(#4318));
#859=EDGE_LOOP('',(#4319));
#860=EDGE_LOOP('',(#4320,#4321,#4322,#4323,#4324,#4325,#4326,#4327));
#861=EDGE_LOOP('',(#4328));
#862=EDGE_LOOP('',(#4329));
#863=LINE('',#6229,#1378);
#864=LINE('',#6235,#1379);
#865=LINE('',#6242,#1380);
#866=LINE('',#6248,#1381);
#867=LINE('',#6255,#1382);
#868=LINE('',#6261,#1383);
#869=LINE('',#6268,#1384);
#870=LINE('',#6274,#1385);
#871=LINE('',#6282,#1386);
#872=LINE('',#6284,#1387);
#873=LINE('',#6286,#1388);
#874=LINE('',#6288,#1389);
#875=LINE('',#6290,#1390);
#876=LINE('',#6292,#1391);
#877=LINE('',#6294,#1392);
#878=LINE('',#6296,#1393);
#879=LINE('',#6298,#1394);
#880=LINE('',#6300,#1395);
#881=LINE('',#6302,#1396);
#882=LINE('',#6304,#1397);
#883=LINE('',#6306,#1398);
#884=LINE('',#6308,#1399);
#885=LINE('',#6310,#1400);
#886=LINE('',#6312,#1401);
#887=LINE('',#6314,#1402);
#888=LINE('',#6316,#1403);
#889=LINE('',#6318,#1404);
#890=LINE('',#6320,#1405);
#891=LINE('',#6322,#1406);
#892=LINE('',#6324,#1407);
#893=LINE('',#6326,#1408);
#894=LINE('',#6328,#1409);
#895=LINE('',#6330,#1410);
#896=LINE('',#6336,#1411);
#897=LINE('',#6338,#1412);
#898=LINE('',#6344,#1413);
#899=LINE('',#6346,#1414);
#900=LINE('',#6348,#1415);
#901=LINE('',#6350,#1416);
#902=LINE('',#6352,#1417);
#903=LINE('',#6354,#1418);
#904=LINE('',#6356,#1419);
#905=LINE('',#6360,#1420);
#906=LINE('',#6362,#1421);
#907=LINE('',#6378,#1422);
#908=LINE('',#6380,#1423);
#909=LINE('',#6382,#1424);
#910=LINE('',#6383,#1425);
#911=LINE('',#6386,#1426);
#912=LINE('',#6388,#1427);
#913=LINE('',#6390,#1428);
#914=LINE('',#6392,#1429);
#915=LINE('',#6394,#1430);
#916=LINE('',#6396,#1431);
#917=LINE('',#6398,#1432);
#918=LINE('',#6400,#1433);
#919=LINE('',#6402,#1434);
#920=LINE('',#6403,#1435);
#921=LINE('',#6411,#1436);
#922=LINE('',#6416,#1437);
#923=LINE('',#6422,#1438);
#924=LINE('',#6427,#1439);
#925=LINE('',#6433,#1440);
#926=LINE('',#6438,#1441);
#927=LINE('',#6444,#1442);
#928=LINE('',#6449,#1443);
#929=LINE('',#6457,#1444);
#930=LINE('',#6459,#1445);
#931=LINE('',#6460,#1446);
#932=LINE('',#6464,#1447);
#933=LINE('',#6465,#1448);
#934=LINE('',#6466,#1449);
#935=LINE('',#6471,#1450);
#936=LINE('',#6473,#1451);
#937=LINE('',#6475,#1452);
#938=LINE('',#6476,#1453);
#939=LINE('',#6479,#1454);
#940=LINE('',#6481,#1455);
#941=LINE('',#6482,#1456);
#942=LINE('',#6485,#1457);
#943=LINE('',#6487,#1458);
#944=LINE('',#6488,#1459);
#945=LINE('',#6490,#1460);
#946=LINE('',#6491,#1461);
#947=LINE('',#6496,#1462);
#948=LINE('',#6498,#1463);
#949=LINE('',#6500,#1464);
#950=LINE('',#6502,#1465);
#951=LINE('',#6504,#1466);
#952=LINE('',#6506,#1467);
#953=LINE('',#6507,#1468);
#954=LINE('',#6512,#1469);
#955=LINE('',#6513,#1470);
#956=LINE('',#6515,#1471);
#957=LINE('',#6516,#1472);
#958=LINE('',#6520,#1473);
#959=LINE('',#6522,#1474);
#960=LINE('',#6524,#1475);
#961=LINE('',#6526,#1476);
#962=LINE('',#6527,#1477);
#963=LINE('',#6529,#1478);
#964=LINE('',#6530,#1479);
#965=LINE('',#6532,#1480);
#966=LINE('',#6534,#1481);
#967=LINE('',#6535,#1482);
#968=LINE('',#6540,#1483);
#969=LINE('',#6541,#1484);
#970=LINE('',#6542,#1485);
#971=LINE('',#6546,#1486);
#972=LINE('',#6548,#1487);
#973=LINE('',#6550,#1488);
#974=LINE('',#6552,#1489);
#975=LINE('',#6554,#1490);
#976=LINE('',#6556,#1491);
#977=LINE('',#6558,#1492);
#978=LINE('',#6560,#1493);
#979=LINE('',#6562,#1494);
#980=LINE('',#6564,#1495);
#981=LINE('',#6566,#1496);
#982=LINE('',#6568,#1497);
#983=LINE('',#6570,#1498);
#984=LINE('',#6572,#1499);
#985=LINE('',#6574,#1500);
#986=LINE('',#6580,#1501);
#987=LINE('',#6582,#1502);
#988=LINE('',#6583,#1503);
#989=LINE('',#6585,#1504);
#990=LINE('',#6587,#1505);
#991=LINE('',#6589,#1506);
#992=LINE('',#6591,#1507);
#993=LINE('',#6592,#1508);
#994=LINE('',#6594,#1509);
#995=LINE('',#6596,#1510);
#996=LINE('',#6598,#1511);
#997=LINE('',#6604,#1512);
#998=LINE('',#6606,#1513);
#999=LINE('',#6608,#1514);
#1000=LINE('',#6609,#1515);
#1001=LINE('',#6613,#1516);
#1002=LINE('',#6615,#1517);
#1003=LINE('',#6616,#1518);
#1004=LINE('',#6624,#1519);
#1005=LINE('',#6625,#1520);
#1006=LINE('',#6626,#1521);
#1007=LINE('',#6629,#1522);
#1008=LINE('',#6631,#1523);
#1009=LINE('',#6633,#1524);
#1010=LINE('',#6634,#1525);
#1011=LINE('',#6637,#1526);
#1012=LINE('',#6639,#1527);
#1013=LINE('',#6640,#1528);
#1014=LINE('',#6643,#1529);
#1015=LINE('',#6644,#1530);
#1016=LINE('',#6647,#1531);
#1017=LINE('',#6648,#1532);
#1018=LINE('',#6651,#1533);
#1019=LINE('',#6653,#1534);
#1020=LINE('',#6654,#1535);
#1021=LINE('',#6662,#1536);
#1022=LINE('',#6670,#1537);
#1023=LINE('',#6672,#1538);
#1024=LINE('',#6674,#1539);
#1025=LINE('',#6675,#1540);
#1026=LINE('',#6679,#1541);
#1027=LINE('',#6681,#1542);
#1028=LINE('',#6683,#1543);
#1029=LINE('',#6684,#1544);
#1030=LINE('',#6686,#1545);
#1031=LINE('',#6688,#1546);
#1032=LINE('',#6689,#1547);
#1033=LINE('',#6690,#1548);
#1034=LINE('',#6691,#1549);
#1035=LINE('',#6693,#1550);
#1036=LINE('',#6694,#1551);
#1037=LINE('',#6700,#1552);
#1038=LINE('',#6702,#1553);
#1039=LINE('',#6706,#1554);
#1040=LINE('',#6708,#1555);
#1041=LINE('',#6710,#1556);
#1042=LINE('',#6711,#1557);
#1043=LINE('',#6715,#1558);
#1044=LINE('',#6716,#1559);
#1045=LINE('',#6717,#1560);
#1046=LINE('',#6721,#1561);
#1047=LINE('',#6722,#1562);
#1048=LINE('',#6723,#1563);
#1049=LINE('',#6727,#1564);
#1050=LINE('',#6729,#1565);
#1051=LINE('',#6731,#1566);
#1052=LINE('',#6732,#1567);
#1053=LINE('',#6736,#1568);
#1054=LINE('',#6738,#1569);
#1055=LINE('',#6740,#1570);
#1056=LINE('',#6741,#1571);
#1057=LINE('',#6744,#1572);
#1058=LINE('',#6746,#1573);
#1059=LINE('',#6748,#1574);
#1060=LINE('',#6750,#1575);
#1061=LINE('',#6752,#1576);
#1062=LINE('',#6760,#1577);
#1063=LINE('',#6762,#1578);
#1064=LINE('',#6763,#1579);
#1065=LINE('',#6766,#1580);
#1066=LINE('',#6768,#1581);
#1067=LINE('',#6770,#1582);
#1068=LINE('',#6771,#1583);
#1069=LINE('',#6790,#1584);
#1070=LINE('',#6792,#1585);
#1071=LINE('',#6793,#1586);
#1072=LINE('',#6796,#1587);
#1073=LINE('',#6798,#1588);
#1074=LINE('',#6799,#1589);
#1075=LINE('',#6802,#1590);
#1076=LINE('',#6803,#1591);
#1077=LINE('',#6806,#1592);
#1078=LINE('',#6808,#1593);
#1079=LINE('',#6810,#1594);
#1080=LINE('',#6812,#1595);
#1081=LINE('',#6813,#1596);
#1082=LINE('',#6814,#1597);
#1083=LINE('',#6820,#1598);
#1084=LINE('',#6822,#1599);
#1085=LINE('',#6824,#1600);
#1086=LINE('',#6825,#1601);
#1087=LINE('',#6826,#1602);
#1088=LINE('',#6832,#1603);
#1089=LINE('',#6836,#1604);
#1090=LINE('',#6838,#1605);
#1091=LINE('',#6839,#1606);
#1092=LINE('',#6841,#1607);
#1093=LINE('',#6844,#1608);
#1094=LINE('',#6846,#1609);
#1095=LINE('',#6847,#1610);
#1096=LINE('',#6848,#1611);
#1097=LINE('',#6850,#1612);
#1098=LINE('',#6852,#1613);
#1099=LINE('',#6854,#1614);
#1100=LINE('',#6856,#1615);
#1101=LINE('',#6858,#1616);
#1102=LINE('',#6860,#1617);
#1103=LINE('',#6862,#1618);
#1104=LINE('',#6864,#1619);
#1105=LINE('',#6866,#1620);
#1106=LINE('',#6868,#1621);
#1107=LINE('',#6870,#1622);
#1108=LINE('',#6872,#1623);
#1109=LINE('',#6873,#1624);
#1110=LINE('',#6876,#1625);
#1111=LINE('',#6877,#1626);
#1112=LINE('',#6880,#1627);
#1113=LINE('',#6882,#1628);
#1114=LINE('',#6883,#1629);
#1115=LINE('',#6886,#1630);
#1116=LINE('',#6887,#1631);
#1117=LINE('',#6890,#1632);
#1118=LINE('',#6891,#1633);
#1119=LINE('',#6893,#1634);
#1120=LINE('',#6897,#1635);
#1121=LINE('',#6901,#1636);
#1122=LINE('',#6905,#1637);
#1123=LINE('',#6909,#1638);
#1124=LINE('',#6912,#1639);
#1125=LINE('',#6915,#1640);
#1126=LINE('',#6917,#1641);
#1127=LINE('',#6918,#1642);
#1128=LINE('',#6921,#1643);
#1129=LINE('',#6926,#1644);
#1130=LINE('',#6928,#1645);
#1131=LINE('',#6930,#1646);
#1132=LINE('',#6933,#1647);
#1133=LINE('',#6935,#1648);
#1134=LINE('',#6938,#1649);
#1135=LINE('',#6939,#1650);
#1136=LINE('',#6942,#1651);
#1137=LINE('',#6943,#1652);
#1138=LINE('',#6945,#1653);
#1139=LINE('',#6947,#1654);
#1140=LINE('',#6949,#1655);
#1141=LINE('',#6951,#1656);
#1142=LINE('',#6953,#1657);
#1143=LINE('',#6955,#1658);
#1144=LINE('',#6957,#1659);
#1145=LINE('',#6958,#1660);
#1146=LINE('',#6960,#1661);
#1147=LINE('',#6963,#1662);
#1148=LINE('',#6965,#1663);
#1149=LINE('',#6966,#1664);
#1150=LINE('',#6969,#1665);
#1151=LINE('',#6971,#1666);
#1152=LINE('',#6973,#1667);
#1153=LINE('',#6975,#1668);
#1154=LINE('',#6976,#1669);
#1155=LINE('',#6980,#1670);
#1156=LINE('',#6982,#1671);
#1157=LINE('',#6984,#1672);
#1158=LINE('',#6985,#1673);
#1159=LINE('',#6987,#1674);
#1160=LINE('',#6988,#1675);
#1161=LINE('',#6990,#1676);
#1162=LINE('',#7008,#1677);
#1163=LINE('',#7010,#1678);
#1164=LINE('',#7012,#1679);
#1165=LINE('',#7014,#1680);
#1166=LINE('',#7016,#1681);
#1167=LINE('',#7018,#1682);
#1168=LINE('',#7020,#1683);
#1169=LINE('',#7022,#1684);
#1170=LINE('',#7024,#1685);
#1171=LINE('',#7026,#1686);
#1172=LINE('',#7027,#1687);
#1173=LINE('',#7028,#1688);
#1174=LINE('',#7030,#1689);
#1175=LINE('',#7032,#1690);
#1176=LINE('',#7034,#1691);
#1177=LINE('',#7036,#1692);
#1178=LINE('',#7038,#1693);
#1179=LINE('',#7040,#1694);
#1180=LINE('',#7042,#1695);
#1181=LINE('',#7044,#1696);
#1182=LINE('',#7046,#1697);
#1183=LINE('',#7048,#1698);
#1184=LINE('',#7050,#1699);
#1185=LINE('',#7051,#1700);
#1186=LINE('',#7053,#1701);
#1187=LINE('',#7054,#1702);
#1188=LINE('',#7056,#1703);
#1189=LINE('',#7057,#1704);
#1190=LINE('',#7060,#1705);
#1191=LINE('',#7061,#1706);
#1192=LINE('',#7063,#1707);
#1193=LINE('',#7067,#1708);
#1194=LINE('',#7069,#1709);
#1195=LINE('',#7072,#1710);
#1196=LINE('',#7074,#1711);
#1197=LINE('',#7075,#1712);
#1198=LINE('',#7078,#1713);
#1199=LINE('',#7080,#1714);
#1200=LINE('',#7081,#1715);
#1201=LINE('',#7084,#1716);
#1202=LINE('',#7085,#1717);
#1203=LINE('',#7088,#1718);
#1204=LINE('',#7090,#1719);
#1205=LINE('',#7091,#1720);
#1206=LINE('',#7094,#1721);
#1207=LINE('',#7095,#1722);
#1208=LINE('',#7098,#1723);
#1209=LINE('',#7099,#1724);
#1210=LINE('',#7102,#1725);
#1211=LINE('',#7103,#1726);
#1212=LINE('',#7105,#1727);
#1213=LINE('',#7107,#1728);
#1214=LINE('',#7109,#1729);
#1215=LINE('',#7110,#1730);
#1216=LINE('',#7112,#1731);
#1217=LINE('',#7113,#1732);
#1218=LINE('',#7116,#1733);
#1219=LINE('',#7117,#1734);
#1220=LINE('',#7123,#1735);
#1221=LINE('',#7130,#1736);
#1222=LINE('',#7140,#1737);
#1223=LINE('',#7143,#1738);
#1224=LINE('',#7149,#1739);
#1225=LINE('',#7152,#1740);
#1226=LINE('',#7154,#1741);
#1227=LINE('',#7155,#1742);
#1228=LINE('',#7158,#1743);
#1229=LINE('',#7162,#1744);
#1230=LINE('',#7164,#1745);
#1231=LINE('',#7166,#1746);
#1232=LINE('',#7169,#1747);
#1233=LINE('',#7175,#1748);
#1234=LINE('',#7177,#1749);
#1235=LINE('',#7179,#1750);
#1236=LINE('',#7182,#1751);
#1237=LINE('',#7184,#1752);
#1238=LINE('',#7185,#1753);
#1239=LINE('',#7187,#1754);
#1240=LINE('',#7188,#1755);
#1241=LINE('',#7192,#1756);
#1242=LINE('',#7194,#1757);
#1243=LINE('',#7195,#1758);
#1244=LINE('',#7198,#1759);
#1245=LINE('',#7203,#1760);
#1246=LINE('',#7206,#1761);
#1247=LINE('',#7208,#1762);
#1248=LINE('',#7210,#1763);
#1249=LINE('',#7212,#1764);
#1250=LINE('',#7213,#1765);
#1251=LINE('',#7219,#1766);
#1252=LINE('',#7222,#1767);
#1253=LINE('',#7228,#1768);
#1254=LINE('',#7231,#1769);
#1255=LINE('',#7233,#1770);
#1256=LINE('',#7234,#1771);
#1257=LINE('',#7236,#1772);
#1258=LINE('',#7238,#1773);
#1259=LINE('',#7240,#1774);
#1260=LINE('',#7242,#1775);
#1261=LINE('',#7243,#1776);
#1262=LINE('',#7245,#1777);
#1263=LINE('',#7248,#1778);
#1264=LINE('',#7249,#1779);
#1265=LINE('',#7251,#1780);
#1266=LINE('',#7252,#1781);
#1267=LINE('',#7255,#1782);
#1268=LINE('',#7256,#1783);
#1269=LINE('',#7259,#1784);
#1270=LINE('',#7263,#1785);
#1271=LINE('',#7264,#1786);
#1272=LINE('',#7267,#1787);
#1273=LINE('',#7269,#1788);
#1274=LINE('',#7271,#1789);
#1275=LINE('',#7274,#1790);
#1276=LINE('',#7277,#1791);
#1277=LINE('',#7281,#1792);
#1278=LINE('',#7284,#1793);
#1279=LINE('',#7286,#1794);
#1280=LINE('',#7288,#1795);
#1281=LINE('',#7296,#1796);
#1282=LINE('',#7299,#1797);
#1283=LINE('',#7302,#1798);
#1284=LINE('',#7306,#1799);
#1285=LINE('',#7308,#1800);
#1286=LINE('',#7309,#1801);
#1287=LINE('',#7311,#1802);
#1288=LINE('',#7313,#1803);
#1289=LINE('',#7315,#1804);
#1290=LINE('',#7316,#1805);
#1291=LINE('',#7320,#1806);
#1292=LINE('',#7322,#1807);
#1293=LINE('',#7323,#1808);
#1294=LINE('',#7324,#1809);
#1295=LINE('',#7326,#1810);
#1296=LINE('',#7328,#1811);
#1297=LINE('',#7330,#1812);
#1298=LINE('',#7331,#1813);
#1299=LINE('',#7335,#1814);
#1300=LINE('',#7339,#1815);
#1301=LINE('',#7340,#1816);
#1302=LINE('',#7343,#1817);
#1303=LINE('',#7344,#1818);
#1304=LINE('',#7348,#1819);
#1305=LINE('',#7350,#1820);
#1306=LINE('',#7352,#1821);
#1307=LINE('',#7353,#1822);
#1308=LINE('',#7354,#1823);
#1309=LINE('',#7356,#1824);
#1310=LINE('',#7358,#1825);
#1311=LINE('',#7360,#1826);
#1312=LINE('',#7361,#1827);
#1313=LINE('',#7366,#1828);
#1314=LINE('',#7367,#1829);
#1315=LINE('',#7370,#1830);
#1316=LINE('',#7371,#1831);
#1317=LINE('',#7375,#1832);
#1318=LINE('',#7377,#1833);
#1319=LINE('',#7379,#1834);
#1320=LINE('',#7380,#1835);
#1321=LINE('',#7381,#1836);
#1322=LINE('',#7383,#1837);
#1323=LINE('',#7385,#1838);
#1324=LINE('',#7387,#1839);
#1325=LINE('',#7388,#1840);
#1326=LINE('',#7392,#1841);
#1327=LINE('',#7394,#1842);
#1328=LINE('',#7396,#1843);
#1329=LINE('',#7399,#1844);
#1330=LINE('',#7401,#1845);
#1331=LINE('',#7403,#1846);
#1332=LINE('',#7406,#1847);
#1333=LINE('',#7408,#1848);
#1334=LINE('',#7409,#1849);
#1335=LINE('',#7413,#1850);
#1336=LINE('',#7414,#1851);
#1337=LINE('',#7420,#1852);
#1338=LINE('',#7421,#1853);
#1339=LINE('',#7422,#1854);
#1340=LINE('',#7425,#1855);
#1341=LINE('',#7427,#1856);
#1342=LINE('',#7429,#1857);
#1343=LINE('',#7430,#1858);
#1344=LINE('',#7433,#1859);
#1345=LINE('',#7435,#1860);
#1346=LINE('',#7437,#1861);
#1347=LINE('',#7439,#1862);
#1348=LINE('',#7440,#1863);
#1349=LINE('',#7443,#1864);
#1350=LINE('',#7444,#1865);
#1351=LINE('',#7445,#1866);
#1352=LINE('',#7447,#1867);
#1353=LINE('',#7448,#1868);
#1354=LINE('',#7452,#1869);
#1355=LINE('',#7455,#1870);
#1356=LINE('',#7456,#1871);
#1357=LINE('',#7458,#1872);
#1358=LINE('',#7461,#1873);
#1359=LINE('',#7462,#1874);
#1360=LINE('',#7463,#1875);
#1361=LINE('',#7466,#1876);
#1362=LINE('',#7469,#1877);
#1363=LINE('',#7472,#1878);
#1364=LINE('',#7474,#1879);
#1365=LINE('',#7476,#1880);
#1366=LINE('',#7478,#1881);
#1367=LINE('',#7479,#1882);
#1368=LINE('',#7483,#1883);
#1369=LINE('',#7485,#1884);
#1370=LINE('',#7488,#1885);
#1371=LINE('',#7490,#1886);
#1372=LINE('',#7492,#1887);
#1373=LINE('',#7496,#1888);
#1374=LINE('',#7498,#1889);
#1375=LINE('',#7500,#1890);
#1376=LINE('',#7504,#1891);
#1377=LINE('',#7508,#1892);
#1378=VECTOR('',#5003,1.25000000000001);
#1379=VECTOR('',#5010,2.5);
#1380=VECTOR('',#5019,1.25000000000001);
#1381=VECTOR('',#5026,2.5);
#1382=VECTOR('',#5035,1.24999999999999);
#1383=VECTOR('',#5042,2.49999999999999);
#1384=VECTOR('',#5051,1.25);
#1385=VECTOR('',#5058,2.5);
#1386=VECTOR('',#5067,10.);
#1387=VECTOR('',#5068,10.);
#1388=VECTOR('',#5069,10.);
#1389=VECTOR('',#5070,10.);
#1390=VECTOR('',#5071,10.);
#1391=VECTOR('',#5072,10.);
#1392=VECTOR('',#5073,10.);
#1393=VECTOR('',#5074,10.);
#1394=VECTOR('',#5075,10.);
#1395=VECTOR('',#5076,10.);
#1396=VECTOR('',#5077,10.);
#1397=VECTOR('',#5078,10.);
#1398=VECTOR('',#5079,10.);
#1399=VECTOR('',#5080,10.);
#1400=VECTOR('',#5081,10.);
#1401=VECTOR('',#5082,10.);
#1402=VECTOR('',#5083,10.);
#1403=VECTOR('',#5084,10.);
#1404=VECTOR('',#5085,10.);
#1405=VECTOR('',#5086,10.);
#1406=VECTOR('',#5087,10.);
#1407=VECTOR('',#5088,10.);
#1408=VECTOR('',#5089,10.);
#1409=VECTOR('',#5090,10.);
#1410=VECTOR('',#5091,10.);
#1411=VECTOR('',#5096,10.);
#1412=VECTOR('',#5097,10.);
#1413=VECTOR('',#5102,10.);
#1414=VECTOR('',#5103,10.);
#1415=VECTOR('',#5104,10.);
#1416=VECTOR('',#5105,10.);
#1417=VECTOR('',#5106,10.);
#1418=VECTOR('',#5107,10.);
#1419=VECTOR('',#5108,10.);
#1420=VECTOR('',#5111,10.);
#1421=VECTOR('',#5112,10.);
#1422=VECTOR('',#5127,10.);
#1423=VECTOR('',#5128,10.);
#1424=VECTOR('',#5129,10.);
#1425=VECTOR('',#5130,10.);
#1426=VECTOR('',#5131,10.);
#1427=VECTOR('',#5132,10.);
#1428=VECTOR('',#5133,10.);
#1429=VECTOR('',#5134,10.);
#1430=VECTOR('',#5135,10.);
#1431=VECTOR('',#5136,10.);
#1432=VECTOR('',#5137,10.);
#1433=VECTOR('',#5138,10.);
#1434=VECTOR('',#5139,10.);
#1435=VECTOR('',#5140,10.);
#1436=VECTOR('',#5151,1.25000000000001);
#1437=VECTOR('',#5158,2.5);
#1438=VECTOR('',#5165,1.25000000000001);
#1439=VECTOR('',#5172,2.5);
#1440=VECTOR('',#5179,1.25);
#1441=VECTOR('',#5186,2.5);
#1442=VECTOR('',#5193,1.25);
#1443=VECTOR('',#5200,2.5);
#1444=VECTOR('',#5213,10.);
#1445=VECTOR('',#5214,10.);
#1446=VECTOR('',#5215,10.);
#1447=VECTOR('',#5218,10.);
#1448=VECTOR('',#5219,10.);
#1449=VECTOR('',#5220,10.);
#1450=VECTOR('',#5225,10.);
#1451=VECTOR('',#5226,10.);
#1452=VECTOR('',#5227,10.);
#1453=VECTOR('',#5228,10.);
#1454=VECTOR('',#5231,10.);
#1455=VECTOR('',#5232,10.);
#1456=VECTOR('',#5233,10.);
#1457=VECTOR('',#5236,10.);
#1458=VECTOR('',#5237,10.);
#1459=VECTOR('',#5238,10.);
#1460=VECTOR('',#5241,10.);
#1461=VECTOR('',#5242,10.);
#1462=VECTOR('',#5247,10.);
#1463=VECTOR('',#5248,10.);
#1464=VECTOR('',#5249,10.);
#1465=VECTOR('',#5250,10.);
#1466=VECTOR('',#5251,10.);
#1467=VECTOR('',#5252,10.);
#1468=VECTOR('',#5253,10.);
#1469=VECTOR('',#5258,10.);
#1470=VECTOR('',#5259,10.);
#1471=VECTOR('',#5260,10.);
#1472=VECTOR('',#5261,10.);
#1473=VECTOR('',#5264,10.);
#1474=VECTOR('',#5265,10.);
#1475=VECTOR('',#5266,10.);
#1476=VECTOR('',#5267,10.);
#1477=VECTOR('',#5268,10.);
#1478=VECTOR('',#5271,10.);
#1479=VECTOR('',#5272,10.);
#1480=VECTOR('',#5275,10.);
#1481=VECTOR('',#5278,10.);
#1482=VECTOR('',#5279,10.);
#1483=VECTOR('',#5284,10.);
#1484=VECTOR('',#5285,10.);
#1485=VECTOR('',#5286,10.);
#1486=VECTOR('',#5289,10.);
#1487=VECTOR('',#5290,10.);
#1488=VECTOR('',#5291,10.);
#1489=VECTOR('',#5292,10.);
#1490=VECTOR('',#5293,10.);
#1491=VECTOR('',#5294,10.);
#1492=VECTOR('',#5295,10.);
#1493=VECTOR('',#5296,10.);
#1494=VECTOR('',#5297,10.);
#1495=VECTOR('',#5298,10.);
#1496=VECTOR('',#5299,10.);
#1497=VECTOR('',#5300,10.);
#1498=VECTOR('',#5301,10.);
#1499=VECTOR('',#5302,10.);
#1500=VECTOR('',#5303,10.);
#1501=VECTOR('',#5308,10.);
#1502=VECTOR('',#5309,10.);
#1503=VECTOR('',#5310,10.);
#1504=VECTOR('',#5311,10.);
#1505=VECTOR('',#5312,10.);
#1506=VECTOR('',#5313,10.);
#1507=VECTOR('',#5314,10.);
#1508=VECTOR('',#5315,10.);
#1509=VECTOR('',#5316,10.);
#1510=VECTOR('',#5317,10.);
#1511=VECTOR('',#5318,10.);
#1512=VECTOR('',#5323,10.);
#1513=VECTOR('',#5324,10.);
#1514=VECTOR('',#5325,10.);
#1515=VECTOR('',#5326,10.);
#1516=VECTOR('',#5329,10.);
#1517=VECTOR('',#5330,10.);
#1518=VECTOR('',#5331,10.);
#1519=VECTOR('',#5338,10.);
#1520=VECTOR('',#5339,10.);
#1521=VECTOR('',#5340,10.);
#1522=VECTOR('',#5341,10.);
#1523=VECTOR('',#5342,10.);
#1524=VECTOR('',#5343,10.);
#1525=VECTOR('',#5344,10.);
#1526=VECTOR('',#5347,10.);
#1527=VECTOR('',#5348,10.);
#1528=VECTOR('',#5349,10.);
#1529=VECTOR('',#5352,10.);
#1530=VECTOR('',#5353,10.);
#1531=VECTOR('',#5356,10.);
#1532=VECTOR('',#5357,10.);
#1533=VECTOR('',#5360,10.);
#1534=VECTOR('',#5361,10.);
#1535=VECTOR('',#5362,10.);
#1536=VECTOR('',#5371,2.5);
#1537=VECTOR('',#5380,10.);
#1538=VECTOR('',#5381,10.);
#1539=VECTOR('',#5382,10.);
#1540=VECTOR('',#5383,10.);
#1541=VECTOR('',#5386,10.);
#1542=VECTOR('',#5387,10.);
#1543=VECTOR('',#5388,10.);
#1544=VECTOR('',#5389,10.);
#1545=VECTOR('',#5392,10.);
#1546=VECTOR('',#5393,10.);
#1547=VECTOR('',#5394,10.);
#1548=VECTOR('',#5395,10.);
#1549=VECTOR('',#5396,10.);
#1550=VECTOR('',#5397,10.);
#1551=VECTOR('',#5398,10.);
#1552=VECTOR('',#5405,3.);
#1553=VECTOR('',#5408,3.);
#1554=VECTOR('',#5411,10.);
#1555=VECTOR('',#5412,10.);
#1556=VECTOR('',#5413,10.);
#1557=VECTOR('',#5414,10.);
#1558=VECTOR('',#5417,10.);
#1559=VECTOR('',#5418,10.);
#1560=VECTOR('',#5419,10.);
#1561=VECTOR('',#5422,10.);
#1562=VECTOR('',#5423,10.);
#1563=VECTOR('',#5424,10.);
#1564=VECTOR('',#5427,10.);
#1565=VECTOR('',#5428,10.);
#1566=VECTOR('',#5429,10.);
#1567=VECTOR('',#5430,10.);
#1568=VECTOR('',#5433,10.);
#1569=VECTOR('',#5434,10.);
#1570=VECTOR('',#5435,10.);
#1571=VECTOR('',#5436,10.);
#1572=VECTOR('',#5439,10.);
#1573=VECTOR('',#5440,10.);
#1574=VECTOR('',#5441,10.);
#1575=VECTOR('',#5442,10.);
#1576=VECTOR('',#5443,10.);
#1577=VECTOR('',#5450,10.);
#1578=VECTOR('',#5451,10.);
#1579=VECTOR('',#5452,10.);
#1580=VECTOR('',#5453,10.);
#1581=VECTOR('',#5454,10.);
#1582=VECTOR('',#5455,10.);
#1583=VECTOR('',#5456,10.);
#1584=VECTOR('',#5475,10.);
#1585=VECTOR('',#5476,10.);
#1586=VECTOR('',#5477,10.);
#1587=VECTOR('',#5480,10.);
#1588=VECTOR('',#5481,10.);
#1589=VECTOR('',#5482,10.);
#1590=VECTOR('',#5485,10.);
#1591=VECTOR('',#5486,10.);
#1592=VECTOR('',#5489,10.);
#1593=VECTOR('',#5490,10.);
#1594=VECTOR('',#5491,10.);
#1595=VECTOR('',#5492,10.);
#1596=VECTOR('',#5493,10.);
#1597=VECTOR('',#5494,10.);
#1598=VECTOR('',#5499,10.);
#1599=VECTOR('',#5500,10.);
#1600=VECTOR('',#5501,10.);
#1601=VECTOR('',#5502,10.);
#1602=VECTOR('',#5503,10.);
#1603=VECTOR('',#5508,10.);
#1604=VECTOR('',#5513,10.);
#1605=VECTOR('',#5514,10.);
#1606=VECTOR('',#5515,10.);
#1607=VECTOR('',#5518,10.);
#1608=VECTOR('',#5521,10.);
#1609=VECTOR('',#5522,10.);
#1610=VECTOR('',#5523,10.);
#1611=VECTOR('',#5524,10.);
#1612=VECTOR('',#5527,10.);
#1613=VECTOR('',#5528,10.);
#1614=VECTOR('',#5529,10.);
#1615=VECTOR('',#5530,10.);
#1616=VECTOR('',#5531,10.);
#1617=VECTOR('',#5532,10.);
#1618=VECTOR('',#5533,10.);
#1619=VECTOR('',#5534,10.);
#1620=VECTOR('',#5535,10.);
#1621=VECTOR('',#5536,10.);
#1622=VECTOR('',#5537,10.);
#1623=VECTOR('',#5538,10.);
#1624=VECTOR('',#5539,10.);
#1625=VECTOR('',#5542,10.);
#1626=VECTOR('',#5543,10.);
#1627=VECTOR('',#5546,10.);
#1628=VECTOR('',#5547,10.);
#1629=VECTOR('',#5548,10.);
#1630=VECTOR('',#5551,10.);
#1631=VECTOR('',#5552,10.);
#1632=VECTOR('',#5555,10.);
#1633=VECTOR('',#5556,10.);
#1634=VECTOR('',#5559,10.);
#1635=VECTOR('',#5564,1.2);
#1636=VECTOR('',#5569,1.2);
#1637=VECTOR('',#5574,1.2);
#1638=VECTOR('',#5579,1.2);
#1639=VECTOR('',#5582,10.);
#1640=VECTOR('',#5585,10.);
#1641=VECTOR('',#5588,10.);
#1642=VECTOR('',#5589,10.);
#1643=VECTOR('',#5592,10.);
#1644=VECTOR('',#5601,10.);
#1645=VECTOR('',#5604,10.);
#1646=VECTOR('',#5607,10.);
#1647=VECTOR('',#5612,10.);
#1648=VECTOR('',#5615,10.);
#1649=VECTOR('',#5618,10.);
#1650=VECTOR('',#5619,10.);
#1651=VECTOR('',#5622,10.);
#1652=VECTOR('',#5623,10.);
#1653=VECTOR('',#5626,10.);
#1654=VECTOR('',#5629,10.);
#1655=VECTOR('',#5632,10.);
#1656=VECTOR('',#5635,10.);
#1657=VECTOR('',#5638,10.);
#1658=VECTOR('',#5641,10.);
#1659=VECTOR('',#5644,10.);
#1660=VECTOR('',#5645,10.);
#1661=VECTOR('',#5648,10.);
#1662=VECTOR('',#5651,10.);
#1663=VECTOR('',#5652,10.);
#1664=VECTOR('',#5653,10.);
#1665=VECTOR('',#5656,10.);
#1666=VECTOR('',#5657,10.);
#1667=VECTOR('',#5658,10.);
#1668=VECTOR('',#5659,10.);
#1669=VECTOR('',#5660,10.);
#1670=VECTOR('',#5665,10.);
#1671=VECTOR('',#5668,2.5);
#1672=VECTOR('',#5671,10.);
#1673=VECTOR('',#5672,10.);
#1674=VECTOR('',#5675,10.);
#1675=VECTOR('',#5676,10.);
#1676=VECTOR('',#5679,10.);
#1677=VECTOR('',#5700,10.);
#1678=VECTOR('',#5701,10.);
#1679=VECTOR('',#5702,10.);
#1680=VECTOR('',#5703,10.);
#1681=VECTOR('',#5704,10.);
#1682=VECTOR('',#5705,10.);
#1683=VECTOR('',#5706,10.);
#1684=VECTOR('',#5707,10.);
#1685=VECTOR('',#5708,10.);
#1686=VECTOR('',#5709,10.);
#1687=VECTOR('',#5710,10.);
#1688=VECTOR('',#5711,10.);
#1689=VECTOR('',#5714,10.);
#1690=VECTOR('',#5715,10.);
#1691=VECTOR('',#5716,10.);
#1692=VECTOR('',#5717,10.);
#1693=VECTOR('',#5718,10.);
#1694=VECTOR('',#5719,10.);
#1695=VECTOR('',#5720,10.);
#1696=VECTOR('',#5721,10.);
#1697=VECTOR('',#5722,10.);
#1698=VECTOR('',#5723,10.);
#1699=VECTOR('',#5724,10.);
#1700=VECTOR('',#5725,10.);
#1701=VECTOR('',#5728,10.);
#1702=VECTOR('',#5729,10.);
#1703=VECTOR('',#5732,10.);
#1704=VECTOR('',#5733,10.);
#1705=VECTOR('',#5738,10.);
#1706=VECTOR('',#5739,10.);
#1707=VECTOR('',#5742,10.);
#1708=VECTOR('',#5749,8.2);
#1709=VECTOR('',#5752,8.2);
#1710=VECTOR('',#5755,10.);
#1711=VECTOR('',#5756,10.);
#1712=VECTOR('',#5757,10.);
#1713=VECTOR('',#5760,10.);
#1714=VECTOR('',#5761,10.);
#1715=VECTOR('',#5762,10.);
#1716=VECTOR('',#5765,10.);
#1717=VECTOR('',#5766,10.);
#1718=VECTOR('',#5769,10.);
#1719=VECTOR('',#5770,10.);
#1720=VECTOR('',#5771,10.);
#1721=VECTOR('',#5774,10.);
#1722=VECTOR('',#5775,10.);
#1723=VECTOR('',#5778,10.);
#1724=VECTOR('',#5779,10.);
#1725=VECTOR('',#5782,10.);
#1726=VECTOR('',#5783,10.);
#1727=VECTOR('',#5784,10.);
#1728=VECTOR('',#5785,10.);
#1729=VECTOR('',#5786,10.);
#1730=VECTOR('',#5787,10.);
#1731=VECTOR('',#5790,10.);
#1732=VECTOR('',#5791,10.);
#1733=VECTOR('',#5796,10.);
#1734=VECTOR('',#5797,10.);
#1735=VECTOR('',#5804,1.25);
#1736=VECTOR('',#5813,1.25);
#1737=VECTOR('',#5824,2.7);
#1738=VECTOR('',#5827,10.);
#1739=VECTOR('',#5832,2.7);
#1740=VECTOR('',#5835,10.);
#1741=VECTOR('',#5838,10.);
#1742=VECTOR('',#5839,10.);
#1743=VECTOR('',#5842,10.);
#1744=VECTOR('',#5845,10.);
#1745=VECTOR('',#5846,10.);
#1746=VECTOR('',#5847,10.);
#1747=VECTOR('',#5850,10.);
#1748=VECTOR('',#5855,10.);
#1749=VECTOR('',#5856,10.);
#1750=VECTOR('',#5857,10.);
#1751=VECTOR('',#5860,10.);
#1752=VECTOR('',#5863,10.);
#1753=VECTOR('',#5864,10.);
#1754=VECTOR('',#5867,10.);
#1755=VECTOR('',#5868,10.);
#1756=VECTOR('',#5873,5.4);
#1757=VECTOR('',#5874,10.);
#1758=VECTOR('',#5875,5.4);
#1759=VECTOR('',#5878,10.);
#1760=VECTOR('',#5885,10.);
#1761=VECTOR('',#5888,10.);
#1762=VECTOR('',#5889,10.);
#1763=VECTOR('',#5890,10.);
#1764=VECTOR('',#5891,10.);
#1765=VECTOR('',#5892,10.);
#1766=VECTOR('',#5897,5.4);
#1767=VECTOR('',#5900,10.);
#1768=VECTOR('',#5905,5.4);
#1769=VECTOR('',#5908,10.);
#1770=VECTOR('',#5911,10.);
#1771=VECTOR('',#5912,10.);
#1772=VECTOR('',#5913,10.);
#1773=VECTOR('',#5914,10.);
#1774=VECTOR('',#5915,10.);
#1775=VECTOR('',#5916,10.);
#1776=VECTOR('',#5917,10.);
#1777=VECTOR('',#5920,10.);
#1778=VECTOR('',#5923,10.);
#1779=VECTOR('',#5924,10.);
#1780=VECTOR('',#5925,10.);
#1781=VECTOR('',#5926,10.);
#1782=VECTOR('',#5929,10.);
#1783=VECTOR('',#5930,10.);
#1784=VECTOR('',#5933,10.);
#1785=VECTOR('',#5936,10.);
#1786=VECTOR('',#5937,10.);
#1787=VECTOR('',#5940,10.);
#1788=VECTOR('',#5941,10.);
#1789=VECTOR('',#5942,10.);
#1790=VECTOR('',#5945,10.);
#1791=VECTOR('',#5948,8.2);
#1792=VECTOR('',#5953,8.2);
#1793=VECTOR('',#5958,1.25);
#1794=VECTOR('',#5961,10.);
#1795=VECTOR('',#5964,10.);
#1796=VECTOR('',#5973,1.25);
#1797=VECTOR('',#5978,10.);
#1798=VECTOR('',#5983,10.);
#1799=VECTOR('',#5986,10.);
#1800=VECTOR('',#5987,10.);
#1801=VECTOR('',#5988,10.);
#1802=VECTOR('',#5989,10.);
#1803=VECTOR('',#5990,10.);
#1804=VECTOR('',#5991,10.);
#1805=VECTOR('',#5992,10.);
#1806=VECTOR('',#5995,10.);
#1807=VECTOR('',#5996,10.);
#1808=VECTOR('',#5997,10.);
#1809=VECTOR('',#5998,10.);
#1810=VECTOR('',#5999,10.);
#1811=VECTOR('',#6000,10.);
#1812=VECTOR('',#6001,10.);
#1813=VECTOR('',#6002,10.);
#1814=VECTOR('',#6009,2.25);
#1815=VECTOR('',#6014,10.);
#1816=VECTOR('',#6015,10.);
#1817=VECTOR('',#6018,10.);
#1818=VECTOR('',#6019,10.);
#1819=VECTOR('',#6022,10.);
#1820=VECTOR('',#6023,10.);
#1821=VECTOR('',#6024,10.);
#1822=VECTOR('',#6025,10.);
#1823=VECTOR('',#6026,10.);
#1824=VECTOR('',#6029,10.);
#1825=VECTOR('',#6032,10.);
#1826=VECTOR('',#6035,10.);
#1827=VECTOR('',#6036,10.);
#1828=VECTOR('',#6043,10.);
#1829=VECTOR('',#6044,10.);
#1830=VECTOR('',#6047,10.);
#1831=VECTOR('',#6048,10.);
#1832=VECTOR('',#6051,10.);
#1833=VECTOR('',#6052,10.);
#1834=VECTOR('',#6053,10.);
#1835=VECTOR('',#6054,10.);
#1836=VECTOR('',#6055,10.);
#1837=VECTOR('',#6058,10.);
#1838=VECTOR('',#6061,10.);
#1839=VECTOR('',#6064,10.);
#1840=VECTOR('',#6065,10.);
#1841=VECTOR('',#6072,10.);
#1842=VECTOR('',#6075,10.);
#1843=VECTOR('',#6078,10.);
#1844=VECTOR('',#6083,10.);
#1845=VECTOR('',#6086,10.);
#1846=VECTOR('',#6089,10.);
#1847=VECTOR('',#6094,10.);
#1848=VECTOR('',#6097,10.);
#1849=VECTOR('',#6098,10.);
#1850=VECTOR('',#6103,10.);
#1851=VECTOR('',#6104,10.);
#1852=VECTOR('',#6109,10.);
#1853=VECTOR('',#6110,10.);
#1854=VECTOR('',#6111,10.);
#1855=VECTOR('',#6114,10.);
#1856=VECTOR('',#6115,10.);
#1857=VECTOR('',#6116,10.);
#1858=VECTOR('',#6117,10.);
#1859=VECTOR('',#6120,10.);
#1860=VECTOR('',#6121,10.);
#1861=VECTOR('',#6122,10.);
#1862=VECTOR('',#6123,10.);
#1863=VECTOR('',#6124,10.);
#1864=VECTOR('',#6127,10.);
#1865=VECTOR('',#6128,10.);
#1866=VECTOR('',#6129,10.);
#1867=VECTOR('',#6132,10.);
#1868=VECTOR('',#6133,10.);
#1869=VECTOR('',#6140,10.);
#1870=VECTOR('',#6143,10.);
#1871=VECTOR('',#6144,10.);
#1872=VECTOR('',#6147,10.);
#1873=VECTOR('',#6150,10.);
#1874=VECTOR('',#6151,10.);
#1875=VECTOR('',#6152,10.);
#1876=VECTOR('',#6157,10.);
#1877=VECTOR('',#6162,10.);
#1878=VECTOR('',#6165,10.);
#1879=VECTOR('',#6166,10.);
#1880=VECTOR('',#6167,10.);
#1881=VECTOR('',#6168,10.);
#1882=VECTOR('',#6169,10.);
#1883=VECTOR('',#6174,10.);
#1884=VECTOR('',#6175,10.);
#1885=VECTOR('',#6180,10.);
#1886=VECTOR('',#6183,10.);
#1887=VECTOR('',#6186,10.);
#1888=VECTOR('',#6191,10.);
#1889=VECTOR('',#6194,10.);
#1890=VECTOR('',#6197,10.);
#1891=VECTOR('',#6204,2.25);
#1892=VECTOR('',#6209,2.25);
#1893=CIRCLE('',#4643,1.25000000000001);
#1894=CIRCLE('',#4644,1.25000000000001);
#1895=CIRCLE('',#4646,2.5);
#1896=CIRCLE('',#4647,2.5);
#1897=CIRCLE('',#4650,1.25000000000001);
#1898=CIRCLE('',#4651,1.25000000000001);
#1899=CIRCLE('',#4653,2.5);
#1900=CIRCLE('',#4654,2.5);
#1901=CIRCLE('',#4657,1.24999999999999);
#1902=CIRCLE('',#4658,1.24999999999999);
#1903=CIRCLE('',#4660,2.49999999999999);
#1904=CIRCLE('',#4661,2.49999999999999);
#1905=CIRCLE('',#4664,1.25);
#1906=CIRCLE('',#4665,1.25);
#1907=CIRCLE('',#4667,2.5);
#1908=CIRCLE('',#4668,2.5);
#1909=CIRCLE('',#4671,5.00023884462989);
#1910=CIRCLE('',#4672,5.00023884462989);
#1911=CIRCLE('',#4673,5.);
#1912=CIRCLE('',#4674,2.25);
#1913=CIRCLE('',#4675,2.25);
#1914=CIRCLE('',#4676,2.25);
#1915=CIRCLE('',#4677,5.);
#1916=CIRCLE('',#4678,2.5);
#1917=CIRCLE('',#4679,2.5);
#1918=CIRCLE('',#4680,2.5);
#1919=CIRCLE('',#4681,2.5);
#1920=CIRCLE('',#4682,3.);
#1921=CIRCLE('',#4683,3.);
#1922=CIRCLE('',#4688,1.25000000000001);
#1923=CIRCLE('',#4689,1.25000000000001);
#1924=CIRCLE('',#4691,2.5);
#1925=CIRCLE('',#4694,1.25000000000001);
#1926=CIRCLE('',#4695,1.25000000000001);
#1927=CIRCLE('',#4697,2.5);
#1928=CIRCLE('',#4700,1.25);
#1929=CIRCLE('',#4701,1.25);
#1930=CIRCLE('',#4703,2.5);
#1931=CIRCLE('',#4706,1.25);
#1932=CIRCLE('',#4707,1.25);
#1933=CIRCLE('',#4709,2.5);
#1934=CIRCLE('',#4724,2.25);
#1935=CIRCLE('',#4733,5.);
#1936=CIRCLE('',#4734,5.00023884462989);
#1937=CIRCLE('',#4735,5.00023884462989);
#1938=CIRCLE('',#4736,5.);
#1939=CIRCLE('',#4738,3.);
#1940=CIRCLE('',#4739,3.);
#1941=CIRCLE('',#4746,1.25);
#1942=CIRCLE('',#4748,2.5);
#1943=CIRCLE('',#4749,2.5);
#1944=CIRCLE('',#4751,1.25);
#1945=CIRCLE('',#4755,8.2);
#1946=CIRCLE('',#4756,8.2);
#1947=CIRCLE('',#4765,1.2);
#1948=CIRCLE('',#4766,1.2);
#1949=CIRCLE('',#4767,1.2);
#1950=CIRCLE('',#4768,1.20006471480133);
#1951=CIRCLE('',#4769,1.2);
#1952=CIRCLE('',#4770,1.20000000405512);
#1953=CIRCLE('',#4771,1.2);
#1954=CIRCLE('',#4772,1.2);
#1955=CIRCLE('',#4773,1.2);
#1956=CIRCLE('',#4774,1.2);
#1957=CIRCLE('',#4775,1.2);
#1958=CIRCLE('',#4780,8.2);
#1959=CIRCLE('',#4781,8.2);
#1960=CIRCLE('',#4783,1.2);
#1961=CIRCLE('',#4784,1.2);
#1962=CIRCLE('',#4795,1.2);
#1963=CIRCLE('',#4797,1.2);
#1964=CIRCLE('',#4799,1.2);
#1965=CIRCLE('',#4801,1.2);
#1966=CIRCLE('',#4803,1.2);
#1967=CIRCLE('',#4806,1.2);
#1968=CIRCLE('',#4808,1.2);
#1969=CIRCLE('',#4827,2.5);
#1970=CIRCLE('',#4833,8.2);
#1971=CIRCLE('',#4834,8.2);
#1972=CIRCLE('',#4835,1.2);
#1973=CIRCLE('',#4836,1.20000000405512);
#1974=CIRCLE('',#4837,1.2);
#1975=CIRCLE('',#4838,1.20006471480133);
#1976=CIRCLE('',#4865,1.25);
#1977=CIRCLE('',#4866,1.25);
#1978=CIRCLE('',#4869,1.25);
#1979=CIRCLE('',#4870,1.25);
#1980=CIRCLE('',#4872,2.25);
#1981=CIRCLE('',#4874,2.7);
#1982=CIRCLE('',#4875,2.7);
#1983=CIRCLE('',#4877,2.7);
#1984=CIRCLE('',#4878,2.7);
#1985=CIRCLE('',#4881,5.4);
#1986=CIRCLE('',#4882,5.4);
#1987=CIRCLE('',#4884,5.4);
#1988=CIRCLE('',#4885,5.4);
#1989=CIRCLE('',#4891,5.4);
#1990=CIRCLE('',#4893,5.4);
#1991=CIRCLE('',#4896,5.4);
#1992=CIRCLE('',#4897,5.4);
#1993=CIRCLE('',#4899,5.4);
#1994=CIRCLE('',#4900,5.4);
#1995=CIRCLE('',#4906,2.25);
#1996=CIRCLE('',#4908,2.25);
#1997=CIRCLE('',#4910,8.2);
#1998=CIRCLE('',#4912,8.2);
#1999=CIRCLE('',#4917,2.25);
#2000=CIRCLE('',#4918,1.25);
#2001=CIRCLE('',#4920,1.25);
#2002=CIRCLE('',#4959,2.25);
#2003=CIRCLE('',#4976,2.25);
#2004=CIRCLE('',#4977,2.25);
#2005=CIRCLE('',#4982,2.25);
#2006=CIRCLE('',#4986,2.25);
#2007=CIRCLE('',#4988,2.25);
#2008=CIRCLE('',#4990,2.25);
#2009=CIRCLE('',#4991,2.25);
#2010=VERTEX_POINT('',#6226);
#2011=VERTEX_POINT('',#6228);
#2012=VERTEX_POINT('',#6232);
#2013=VERTEX_POINT('',#6234);
#2014=VERTEX_POINT('',#6239);
#2015=VERTEX_POINT('',#6241);
#2016=VERTEX_POINT('',#6245);
#2017=VERTEX_POINT('',#6247);
#2018=VERTEX_POINT('',#6252);
#2019=VERTEX_POINT('',#6254);
#2020=VERTEX_POINT('',#6258);
#2021=VERTEX_POINT('',#6260);
#2022=VERTEX_POINT('',#6265);
#2023=VERTEX_POINT('',#6267);
#2024=VERTEX_POINT('',#6271);
#2025=VERTEX_POINT('',#6273);
#2026=VERTEX_POINT('',#6278);
#2027=VERTEX_POINT('',#6279);
#2028=VERTEX_POINT('',#6281);
#2029=VERTEX_POINT('',#6283);
#2030=VERTEX_POINT('',#6285);
#2031=VERTEX_POINT('',#6287);
#2032=VERTEX_POINT('',#6289);
#2033=VERTEX_POINT('',#6291);
#2034=VERTEX_POINT('',#6293);
#2035=VERTEX_POINT('',#6295);
#2036=VERTEX_POINT('',#6297);
#2037=VERTEX_POINT('',#6299);
#2038=VERTEX_POINT('',#6301);
#2039=VERTEX_POINT('',#6303);
#2040=VERTEX_POINT('',#6305);
#2041=VERTEX_POINT('',#6307);
#2042=VERTEX_POINT('',#6309);
#2043=VERTEX_POINT('',#6311);
#2044=VERTEX_POINT('',#6313);
#2045=VERTEX_POINT('',#6315);
#2046=VERTEX_POINT('',#6317);
#2047=VERTEX_POINT('',#6319);
#2048=VERTEX_POINT('',#6321);
#2049=VERTEX_POINT('',#6323);
#2050=VERTEX_POINT('',#6325);
#2051=VERTEX_POINT('',#6327);
#2052=VERTEX_POINT('',#6329);
#2053=VERTEX_POINT('',#6331);
#2054=VERTEX_POINT('',#6333);
#2055=VERTEX_POINT('',#6335);
#2056=VERTEX_POINT('',#6337);
#2057=VERTEX_POINT('',#6339);
#2058=VERTEX_POINT('',#6341);
#2059=VERTEX_POINT('',#6343);
#2060=VERTEX_POINT('',#6345);
#2061=VERTEX_POINT('',#6347);
#2062=VERTEX_POINT('',#6349);
#2063=VERTEX_POINT('',#6351);
#2064=VERTEX_POINT('',#6353);
#2065=VERTEX_POINT('',#6355);
#2066=VERTEX_POINT('',#6357);
#2067=VERTEX_POINT('',#6359);
#2068=VERTEX_POINT('',#6361);
#2069=VERTEX_POINT('',#6364);
#2070=VERTEX_POINT('',#6366);
#2071=VERTEX_POINT('',#6368);
#2072=VERTEX_POINT('',#6370);
#2073=VERTEX_POINT('',#6372);
#2074=VERTEX_POINT('',#6374);
#2075=VERTEX_POINT('',#6376);
#2076=VERTEX_POINT('',#6377);
#2077=VERTEX_POINT('',#6379);
#2078=VERTEX_POINT('',#6381);
#2079=VERTEX_POINT('',#6384);
#2080=VERTEX_POINT('',#6385);
#2081=VERTEX_POINT('',#6387);
#2082=VERTEX_POINT('',#6389);
#2083=VERTEX_POINT('',#6391);
#2084=VERTEX_POINT('',#6393);
#2085=VERTEX_POINT('',#6395);
#2086=VERTEX_POINT('',#6397);
#2087=VERTEX_POINT('',#6399);
#2088=VERTEX_POINT('',#6401);
#2089=VERTEX_POINT('',#6408);
#2090=VERTEX_POINT('',#6410);
#2091=VERTEX_POINT('',#6414);
#2092=VERTEX_POINT('',#6419);
#2093=VERTEX_POINT('',#6421);
#2094=VERTEX_POINT('',#6425);
#2095=VERTEX_POINT('',#6430);
#2096=VERTEX_POINT('',#6432);
#2097=VERTEX_POINT('',#6436);
#2098=VERTEX_POINT('',#6441);
#2099=VERTEX_POINT('',#6443);
#2100=VERTEX_POINT('',#6447);
#2101=VERTEX_POINT('',#6456);
#2102=VERTEX_POINT('',#6458);
#2103=VERTEX_POINT('',#6462);
#2104=VERTEX_POINT('',#6463);
#2105=VERTEX_POINT('',#6469);
#2106=VERTEX_POINT('',#6470);
#2107=VERTEX_POINT('',#6472);
#2108=VERTEX_POINT('',#6474);
#2109=VERTEX_POINT('',#6478);
#2110=VERTEX_POINT('',#6480);
#2111=VERTEX_POINT('',#6484);
#2112=VERTEX_POINT('',#6486);
#2113=VERTEX_POINT('',#6494);
#2114=VERTEX_POINT('',#6495);
#2115=VERTEX_POINT('',#6497);
#2116=VERTEX_POINT('',#6499);
#2117=VERTEX_POINT('',#6501);
#2118=VERTEX_POINT('',#6503);
#2119=VERTEX_POINT('',#6505);
#2120=VERTEX_POINT('',#6508);
#2121=VERTEX_POINT('',#6511);
#2122=VERTEX_POINT('',#6514);
#2123=VERTEX_POINT('',#6518);
#2124=VERTEX_POINT('',#6519);
#2125=VERTEX_POINT('',#6521);
#2126=VERTEX_POINT('',#6523);
#2127=VERTEX_POINT('',#6525);
#2128=VERTEX_POINT('',#6538);
#2129=VERTEX_POINT('',#6539);
#2130=VERTEX_POINT('',#6544);
#2131=VERTEX_POINT('',#6545);
#2132=VERTEX_POINT('',#6547);
#2133=VERTEX_POINT('',#6549);
#2134=VERTEX_POINT('',#6551);
#2135=VERTEX_POINT('',#6553);
#2136=VERTEX_POINT('',#6555);
#2137=VERTEX_POINT('',#6557);
#2138=VERTEX_POINT('',#6559);
#2139=VERTEX_POINT('',#6561);
#2140=VERTEX_POINT('',#6563);
#2141=VERTEX_POINT('',#6565);
#2142=VERTEX_POINT('',#6567);
#2143=VERTEX_POINT('',#6569);
#2144=VERTEX_POINT('',#6571);
#2145=VERTEX_POINT('',#6573);
#2146=VERTEX_POINT('',#6575);
#2147=VERTEX_POINT('',#6577);
#2148=VERTEX_POINT('',#6579);
#2149=VERTEX_POINT('',#6581);
#2150=VERTEX_POINT('',#6584);
#2151=VERTEX_POINT('',#6586);
#2152=VERTEX_POINT('',#6588);
#2153=VERTEX_POINT('',#6590);
#2154=VERTEX_POINT('',#6593);
#2155=VERTEX_POINT('',#6595);
#2156=VERTEX_POINT('',#6597);
#2157=VERTEX_POINT('',#6599);
#2158=VERTEX_POINT('',#6601);
#2159=VERTEX_POINT('',#6603);
#2160=VERTEX_POINT('',#6605);
#2161=VERTEX_POINT('',#6607);
#2162=VERTEX_POINT('',#6610);
#2163=VERTEX_POINT('',#6612);
#2164=VERTEX_POINT('',#6614);
#2165=VERTEX_POINT('',#6617);
#2166=VERTEX_POINT('',#6619);
#2167=VERTEX_POINT('',#6622);
#2168=VERTEX_POINT('',#6623);
#2169=VERTEX_POINT('',#6627);
#2170=VERTEX_POINT('',#6628);
#2171=VERTEX_POINT('',#6630);
#2172=VERTEX_POINT('',#6632);
#2173=VERTEX_POINT('',#6636);
#2174=VERTEX_POINT('',#6638);
#2175=VERTEX_POINT('',#6642);
#2176=VERTEX_POINT('',#6646);
#2177=VERTEX_POINT('',#6650);
#2178=VERTEX_POINT('',#6652);
#2179=VERTEX_POINT('',#6656);
#2180=VERTEX_POINT('',#6659);
#2181=VERTEX_POINT('',#6661);
#2182=VERTEX_POINT('',#6665);
#2183=VERTEX_POINT('',#6668);
#2184=VERTEX_POINT('',#6669);
#2185=VERTEX_POINT('',#6671);
#2186=VERTEX_POINT('',#6673);
#2187=VERTEX_POINT('',#6677);
#2188=VERTEX_POINT('',#6678);
#2189=VERTEX_POINT('',#6680);
#2190=VERTEX_POINT('',#6682);
#2191=VERTEX_POINT('',#6687);
#2192=VERTEX_POINT('',#6692);
#2193=VERTEX_POINT('',#6695);
#2194=VERTEX_POINT('',#6697);
#2195=VERTEX_POINT('',#6704);
#2196=VERTEX_POINT('',#6705);
#2197=VERTEX_POINT('',#6707);
#2198=VERTEX_POINT('',#6709);
#2199=VERTEX_POINT('',#6713);
#2200=VERTEX_POINT('',#6714);
#2201=VERTEX_POINT('',#6719);
#2202=VERTEX_POINT('',#6720);
#2203=VERTEX_POINT('',#6725);
#2204=VERTEX_POINT('',#6726);
#2205=VERTEX_POINT('',#6728);
#2206=VERTEX_POINT('',#6730);
#2207=VERTEX_POINT('',#6734);
#2208=VERTEX_POINT('',#6735);
#2209=VERTEX_POINT('',#6737);
#2210=VERTEX_POINT('',#6739);
#2211=VERTEX_POINT('',#6743);
#2212=VERTEX_POINT('',#6745);
#2213=VERTEX_POINT('',#6747);
#2214=VERTEX_POINT('',#6749);
#2215=VERTEX_POINT('',#6751);
#2216=VERTEX_POINT('',#6753);
#2217=VERTEX_POINT('',#6755);
#2218=VERTEX_POINT('',#6757);
#2219=VERTEX_POINT('',#6759);
#2220=VERTEX_POINT('',#6761);
#2221=VERTEX_POINT('',#6764);
#2222=VERTEX_POINT('',#6765);
#2223=VERTEX_POINT('',#6767);
#2224=VERTEX_POINT('',#6769);
#2225=VERTEX_POINT('',#6772);
#2226=VERTEX_POINT('',#6773);
#2227=VERTEX_POINT('',#6776);
#2228=VERTEX_POINT('',#6777);
#2229=VERTEX_POINT('',#6780);
#2230=VERTEX_POINT('',#6782);
#2231=VERTEX_POINT('',#6784);
#2232=VERTEX_POINT('',#6786);
#2233=VERTEX_POINT('',#6789);
#2234=VERTEX_POINT('',#6791);
#2235=VERTEX_POINT('',#6795);
#2236=VERTEX_POINT('',#6797);
#2237=VERTEX_POINT('',#6801);
#2238=VERTEX_POINT('',#6805);
#2239=VERTEX_POINT('',#6807);
#2240=VERTEX_POINT('',#6809);
#2241=VERTEX_POINT('',#6811);
#2242=VERTEX_POINT('',#6815);
#2243=VERTEX_POINT('',#6817);
#2244=VERTEX_POINT('',#6819);
#2245=VERTEX_POINT('',#6821);
#2246=VERTEX_POINT('',#6823);
#2247=VERTEX_POINT('',#6828);
#2248=VERTEX_POINT('',#6829);
#2249=VERTEX_POINT('',#6831);
#2250=VERTEX_POINT('',#6835);
#2251=VERTEX_POINT('',#6837);
#2252=VERTEX_POINT('',#6843);
#2253=VERTEX_POINT('',#6845);
#2254=VERTEX_POINT('',#6851);
#2255=VERTEX_POINT('',#6853);
#2256=VERTEX_POINT('',#6855);
#2257=VERTEX_POINT('',#6857);
#2258=VERTEX_POINT('',#6859);
#2259=VERTEX_POINT('',#6861);
#2260=VERTEX_POINT('',#6863);
#2261=VERTEX_POINT('',#6865);
#2262=VERTEX_POINT('',#6867);
#2263=VERTEX_POINT('',#6869);
#2264=VERTEX_POINT('',#6871);
#2265=VERTEX_POINT('',#6875);
#2266=VERTEX_POINT('',#6879);
#2267=VERTEX_POINT('',#6881);
#2268=VERTEX_POINT('',#6885);
#2269=VERTEX_POINT('',#6889);
#2270=VERTEX_POINT('',#6895);
#2271=VERTEX_POINT('',#6899);
#2272=VERTEX_POINT('',#6903);
#2273=VERTEX_POINT('',#6907);
#2274=VERTEX_POINT('',#6911);
#2275=VERTEX_POINT('',#6913);
#2276=VERTEX_POINT('',#6920);
#2277=VERTEX_POINT('',#6937);
#2278=VERTEX_POINT('',#6941);
#2279=VERTEX_POINT('',#6962);
#2280=VERTEX_POINT('',#6964);
#2281=VERTEX_POINT('',#6968);
#2282=VERTEX_POINT('',#6970);
#2283=VERTEX_POINT('',#6972);
#2284=VERTEX_POINT('',#6974);
#2285=VERTEX_POINT('',#6977);
#2286=VERTEX_POINT('',#6991);
#2287=VERTEX_POINT('',#6993);
#2288=VERTEX_POINT('',#6995);
#2289=VERTEX_POINT('',#6996);
#2290=VERTEX_POINT('',#6999);
#2291=VERTEX_POINT('',#7000);
#2292=VERTEX_POINT('',#7007);
#2293=VERTEX_POINT('',#7009);
#2294=VERTEX_POINT('',#7011);
#2295=VERTEX_POINT('',#7013);
#2296=VERTEX_POINT('',#7015);
#2297=VERTEX_POINT('',#7017);
#2298=VERTEX_POINT('',#7019);
#2299=VERTEX_POINT('',#7021);
#2300=VERTEX_POINT('',#7023);
#2301=VERTEX_POINT('',#7025);
#2302=VERTEX_POINT('',#7031);
#2303=VERTEX_POINT('',#7033);
#2304=VERTEX_POINT('',#7035);
#2305=VERTEX_POINT('',#7037);
#2306=VERTEX_POINT('',#7039);
#2307=VERTEX_POINT('',#7041);
#2308=VERTEX_POINT('',#7043);
#2309=VERTEX_POINT('',#7045);
#2310=VERTEX_POINT('',#7047);
#2311=VERTEX_POINT('',#7049);
#2312=VERTEX_POINT('',#7071);
#2313=VERTEX_POINT('',#7073);
#2314=VERTEX_POINT('',#7077);
#2315=VERTEX_POINT('',#7079);
#2316=VERTEX_POINT('',#7083);
#2317=VERTEX_POINT('',#7087);
#2318=VERTEX_POINT('',#7089);
#2319=VERTEX_POINT('',#7093);
#2320=VERTEX_POINT('',#7097);
#2321=VERTEX_POINT('',#7101);
#2322=VERTEX_POINT('',#7104);
#2323=VERTEX_POINT('',#7106);
#2324=VERTEX_POINT('',#7108);
#2325=VERTEX_POINT('',#7120);
#2326=VERTEX_POINT('',#7122);
#2327=VERTEX_POINT('',#7127);
#2328=VERTEX_POINT('',#7129);
#2329=VERTEX_POINT('',#7133);
#2330=VERTEX_POINT('',#7136);
#2331=VERTEX_POINT('',#7137);
#2332=VERTEX_POINT('',#7139);
#2333=VERTEX_POINT('',#7141);
#2334=VERTEX_POINT('',#7145);
#2335=VERTEX_POINT('',#7146);
#2336=VERTEX_POINT('',#7148);
#2337=VERTEX_POINT('',#7150);
#2338=VERTEX_POINT('',#7157);
#2339=VERTEX_POINT('',#7159);
#2340=VERTEX_POINT('',#7161);
#2341=VERTEX_POINT('',#7163);
#2342=VERTEX_POINT('',#7165);
#2343=VERTEX_POINT('',#7167);
#2344=VERTEX_POINT('',#7171);
#2345=VERTEX_POINT('',#7172);
#2346=VERTEX_POINT('',#7174);
#2347=VERTEX_POINT('',#7176);
#2348=VERTEX_POINT('',#7178);
#2349=VERTEX_POINT('',#7180);
#2350=VERTEX_POINT('',#7191);
#2351=VERTEX_POINT('',#7193);
#2352=VERTEX_POINT('',#7197);
#2353=VERTEX_POINT('',#7201);
#2354=VERTEX_POINT('',#7205);
#2355=VERTEX_POINT('',#7207);
#2356=VERTEX_POINT('',#7209);
#2357=VERTEX_POINT('',#7211);
#2358=VERTEX_POINT('',#7215);
#2359=VERTEX_POINT('',#7216);
#2360=VERTEX_POINT('',#7218);
#2361=VERTEX_POINT('',#7220);
#2362=VERTEX_POINT('',#7224);
#2363=VERTEX_POINT('',#7225);
#2364=VERTEX_POINT('',#7227);
#2365=VERTEX_POINT('',#7229);
#2366=VERTEX_POINT('',#7235);
#2367=VERTEX_POINT('',#7237);
#2368=VERTEX_POINT('',#7239);
#2369=VERTEX_POINT('',#7241);
#2370=VERTEX_POINT('',#7247);
#2371=VERTEX_POINT('',#7250);
#2372=VERTEX_POINT('',#7254);
#2373=VERTEX_POINT('',#7258);
#2374=VERTEX_POINT('',#7260);
#2375=VERTEX_POINT('',#7262);
#2376=VERTEX_POINT('',#7266);
#2377=VERTEX_POINT('',#7268);
#2378=VERTEX_POINT('',#7270);
#2379=VERTEX_POINT('',#7272);
#2380=VERTEX_POINT('',#7276);
#2381=VERTEX_POINT('',#7280);
#2382=VERTEX_POINT('',#7290);
#2383=VERTEX_POINT('',#7292);
#2384=VERTEX_POINT('',#7295);
#2385=VERTEX_POINT('',#7304);
#2386=VERTEX_POINT('',#7305);
#2387=VERTEX_POINT('',#7307);
#2388=VERTEX_POINT('',#7310);
#2389=VERTEX_POINT('',#7312);
#2390=VERTEX_POINT('',#7314);
#2391=VERTEX_POINT('',#7318);
#2392=VERTEX_POINT('',#7319);
#2393=VERTEX_POINT('',#7321);
#2394=VERTEX_POINT('',#7325);
#2395=VERTEX_POINT('',#7327);
#2396=VERTEX_POINT('',#7329);
#2397=VERTEX_POINT('',#7338);
#2398=VERTEX_POINT('',#7342);
#2399=VERTEX_POINT('',#7346);
#2400=VERTEX_POINT('',#7347);
#2401=VERTEX_POINT('',#7349);
#2402=VERTEX_POINT('',#7351);
#2403=VERTEX_POINT('',#7365);
#2404=VERTEX_POINT('',#7369);
#2405=VERTEX_POINT('',#7373);
#2406=VERTEX_POINT('',#7374);
#2407=VERTEX_POINT('',#7376);
#2408=VERTEX_POINT('',#7378);
#2409=VERTEX_POINT('',#7412);
#2410=VERTEX_POINT('',#7416);
#2411=VERTEX_POINT('',#7417);
#2412=VERTEX_POINT('',#7419);
#2413=VERTEX_POINT('',#7424);
#2414=VERTEX_POINT('',#7426);
#2415=VERTEX_POINT('',#7428);
#2416=VERTEX_POINT('',#7432);
#2417=VERTEX_POINT('',#7434);
#2418=VERTEX_POINT('',#7436);
#2419=VERTEX_POINT('',#7438);
#2420=VERTEX_POINT('',#7442);
#2421=VERTEX_POINT('',#7454);
#2422=VERTEX_POINT('',#7460);
#2423=VERTEX_POINT('',#7471);
#2424=VERTEX_POINT('',#7473);
#2425=VERTEX_POINT('',#7475);
#2426=VERTEX_POINT('',#7477);
#2427=VERTEX_POINT('',#7481);
#2428=VERTEX_POINT('',#7484);
#2429=VERTEX_POINT('',#7494);
#2430=VERTEX_POINT('',#7507);
#2431=EDGE_CURVE('',#2010,#2010,#1893,.T.);
#2432=EDGE_CURVE('',#2010,#2011,#863,.T.);
#2433=EDGE_CURVE('',#2011,#2011,#1894,.T.);
#2434=EDGE_CURVE('',#2012,#2012,#1895,.T.);
#2435=EDGE_CURVE('',#2012,#2013,#864,.T.);
#2436=EDGE_CURVE('',#2013,#2013,#1896,.T.);
#2437=EDGE_CURVE('',#2014,#2014,#1897,.T.);
#2438=EDGE_CURVE('',#2014,#2015,#865,.T.);
#2439=EDGE_CURVE('',#2015,#2015,#1898,.T.);
#2440=EDGE_CURVE('',#2016,#2016,#1899,.T.);
#2441=EDGE_CURVE('',#2016,#2017,#866,.T.);
#2442=EDGE_CURVE('',#2017,#2017,#1900,.T.);
#2443=EDGE_CURVE('',#2018,#2018,#1901,.T.);
#2444=EDGE_CURVE('',#2018,#2019,#867,.T.);
#2445=EDGE_CURVE('',#2019,#2019,#1902,.T.);
#2446=EDGE_CURVE('',#2020,#2020,#1903,.T.);
#2447=EDGE_CURVE('',#2020,#2021,#868,.T.);
#2448=EDGE_CURVE('',#2021,#2021,#1904,.T.);
#2449=EDGE_CURVE('',#2022,#2022,#1905,.T.);
#2450=EDGE_CURVE('',#2022,#2023,#869,.T.);
#2451=EDGE_CURVE('',#2023,#2023,#1906,.T.);
#2452=EDGE_CURVE('',#2024,#2024,#1907,.T.);
#2453=EDGE_CURVE('',#2024,#2025,#870,.T.);
#2454=EDGE_CURVE('',#2025,#2025,#1908,.T.);
#2455=EDGE_CURVE('',#2026,#2027,#1909,.T.);
#2456=EDGE_CURVE('',#2027,#2028,#871,.T.);
#2457=EDGE_CURVE('',#2028,#2029,#872,.T.);
#2458=EDGE_CURVE('',#2029,#2030,#873,.T.);
#2459=EDGE_CURVE('',#2031,#2030,#874,.T.);
#2460=EDGE_CURVE('',#2032,#2031,#875,.T.);
#2461=EDGE_CURVE('',#2032,#2033,#876,.T.);
#2462=EDGE_CURVE('',#2033,#2034,#877,.T.);
#2463=EDGE_CURVE('',#2034,#2035,#878,.T.);
#2464=EDGE_CURVE('',#2035,#2036,#879,.T.);
#2465=EDGE_CURVE('',#2036,#2037,#880,.T.);
#2466=EDGE_CURVE('',#2038,#2037,#881,.T.);
#2467=EDGE_CURVE('',#2039,#2038,#882,.T.);
#2468=EDGE_CURVE('',#2039,#2040,#883,.T.);
#2469=EDGE_CURVE('',#2041,#2040,#884,.T.);
#2470=EDGE_CURVE('',#2042,#2041,#885,.T.);
#2471=EDGE_CURVE('',#2043,#2042,#886,.T.);
#2472=EDGE_CURVE('',#2043,#2044,#887,.T.);
#2473=EDGE_CURVE('',#2044,#2045,#888,.T.);
#2474=EDGE_CURVE('',#2045,#2046,#889,.T.);
#2475=EDGE_CURVE('',#2046,#2047,#890,.T.);
#2476=EDGE_CURVE('',#2047,#2048,#891,.T.);
#2477=EDGE_CURVE('',#2049,#2048,#892,.T.);
#2478=EDGE_CURVE('',#2050,#2049,#893,.T.);
#2479=EDGE_CURVE('',#2050,#2051,#894,.T.);
#2480=EDGE_CURVE('',#2051,#2052,#895,.T.);
#2481=EDGE_CURVE('',#2052,#2053,#1910,.T.);
#2482=EDGE_CURVE('',#2053,#2054,#1911,.T.);
#2483=EDGE_CURVE('',#2054,#2055,#896,.T.);
#2484=EDGE_CURVE('',#2055,#2056,#897,.T.);
#2485=EDGE_CURVE('',#2056,#2057,#1912,.T.);
#2486=EDGE_CURVE('',#2057,#2058,#1913,.T.);
#2487=EDGE_CURVE('',#2058,#2059,#898,.T.);
#2488=EDGE_CURVE('',#2060,#2059,#899,.T.);
#2489=EDGE_CURVE('',#2061,#2060,#900,.T.);
#2490=EDGE_CURVE('',#2062,#2061,#901,.T.);
#2491=EDGE_CURVE('',#2063,#2062,#902,.T.);
#2492=EDGE_CURVE('',#2064,#2063,#903,.T.);
#2493=EDGE_CURVE('',#2064,#2065,#904,.T.);
#2494=EDGE_CURVE('',#2065,#2066,#1914,.T.);
#2495=EDGE_CURVE('',#2066,#2067,#905,.T.);
#2496=EDGE_CURVE('',#2067,#2068,#906,.T.);
#2497=EDGE_CURVE('',#2068,#2026,#1915,.T.);
#2498=EDGE_CURVE('',#2069,#2069,#1916,.T.);
#2499=EDGE_CURVE('',#2070,#2070,#1917,.T.);
#2500=EDGE_CURVE('',#2071,#2071,#1918,.T.);
#2501=EDGE_CURVE('',#2072,#2072,#1919,.T.);
#2502=EDGE_CURVE('',#2073,#2073,#1920,.T.);
#2503=EDGE_CURVE('',#2074,#2074,#1921,.T.);
#2504=EDGE_CURVE('',#2075,#2076,#907,.T.);
#2505=EDGE_CURVE('',#2077,#2076,#908,.T.);
#2506=EDGE_CURVE('',#2077,#2078,#909,.T.);
#2507=EDGE_CURVE('',#2078,#2075,#910,.T.);
#2508=EDGE_CURVE('',#2079,#2080,#911,.T.);
#2509=EDGE_CURVE('',#2080,#2081,#912,.T.);
#2510=EDGE_CURVE('',#2081,#2082,#913,.T.);
#2511=EDGE_CURVE('',#2082,#2083,#914,.T.);
#2512=EDGE_CURVE('',#2083,#2084,#915,.T.);
#2513=EDGE_CURVE('',#2084,#2085,#916,.T.);
#2514=EDGE_CURVE('',#2085,#2086,#917,.T.);
#2515=EDGE_CURVE('',#2086,#2087,#918,.T.);
#2516=EDGE_CURVE('',#2087,#2088,#919,.T.);
#2517=EDGE_CURVE('',#2088,#2079,#920,.T.);
#2518=EDGE_CURVE('',#2089,#2089,#1922,.T.);
#2519=EDGE_CURVE('',#2089,#2090,#921,.T.);
#2520=EDGE_CURVE('',#2090,#2090,#1923,.T.);
#2521=EDGE_CURVE('',#2091,#2091,#1924,.T.);
#2522=EDGE_CURVE('',#2091,#2069,#922,.T.);
#2523=EDGE_CURVE('',#2092,#2092,#1925,.T.);
#2524=EDGE_CURVE('',#2092,#2093,#923,.T.);
#2525=EDGE_CURVE('',#2093,#2093,#1926,.T.);
#2526=EDGE_CURVE('',#2094,#2094,#1927,.T.);
#2527=EDGE_CURVE('',#2094,#2070,#924,.T.);
#2528=EDGE_CURVE('',#2095,#2095,#1928,.T.);
#2529=EDGE_CURVE('',#2095,#2096,#925,.T.);
#2530=EDGE_CURVE('',#2096,#2096,#1929,.T.);
#2531=EDGE_CURVE('',#2097,#2097,#1930,.T.);
#2532=EDGE_CURVE('',#2097,#2071,#926,.T.);
#2533=EDGE_CURVE('',#2098,#2098,#1931,.T.);
#2534=EDGE_CURVE('',#2098,#2099,#927,.T.);
#2535=EDGE_CURVE('',#2099,#2099,#1932,.T.);
#2536=EDGE_CURVE('',#2100,#2100,#1933,.T.);
#2537=EDGE_CURVE('',#2100,#2072,#928,.T.);
#2538=EDGE_CURVE('',#2101,#2049,#929,.T.);
#2539=EDGE_CURVE('',#2048,#2102,#930,.T.);
#2540=EDGE_CURVE('',#2102,#2101,#931,.T.);
#2541=EDGE_CURVE('',#2103,#2104,#932,.T.);
#2542=EDGE_CURVE('',#2104,#2031,#933,.T.);
#2543=EDGE_CURVE('',#2030,#2103,#934,.T.);
#2544=EDGE_CURVE('',#2105,#2106,#935,.T.);
#2545=EDGE_CURVE('',#2105,#2107,#936,.T.);
#2546=EDGE_CURVE('',#2107,#2108,#937,.T.);
#2547=EDGE_CURVE('',#2106,#2108,#938,.T.);
#2548=EDGE_CURVE('',#2109,#2105,#939,.T.);
#2549=EDGE_CURVE('',#2109,#2110,#940,.T.);
#2550=EDGE_CURVE('',#2110,#2107,#941,.T.);
#2551=EDGE_CURVE('',#2111,#2109,#942,.T.);
#2552=EDGE_CURVE('',#2111,#2112,#943,.T.);
#2553=EDGE_CURVE('',#2112,#2110,#944,.T.);
#2554=EDGE_CURVE('',#2106,#2111,#945,.T.);
#2555=EDGE_CURVE('',#2108,#2112,#946,.T.);
#2556=EDGE_CURVE('',#2113,#2114,#947,.T.);
#2557=EDGE_CURVE('',#2115,#2113,#948,.T.);
#2558=EDGE_CURVE('',#2116,#2115,#949,.T.);
#2559=EDGE_CURVE('',#2117,#2116,#950,.T.);
#2560=EDGE_CURVE('',#2118,#2117,#951,.T.);
#2561=EDGE_CURVE('',#2118,#2119,#952,.T.);
#2562=EDGE_CURVE('',#2114,#2119,#953,.T.);
#2563=EDGE_CURVE('',#2120,#2120,#1934,.T.);
#2564=EDGE_CURVE('',#2087,#2121,#954,.T.);
#2565=EDGE_CURVE('',#2086,#2113,#955,.T.);
#2566=EDGE_CURVE('',#2122,#2114,#956,.T.);
#2567=EDGE_CURVE('',#2121,#2122,#957,.T.);
#2568=EDGE_CURVE('',#2123,#2124,#958,.T.);
#2569=EDGE_CURVE('',#2124,#2125,#959,.T.);
#2570=EDGE_CURVE('',#2125,#2126,#960,.T.);
#2571=EDGE_CURVE('',#2126,#2127,#961,.T.);
#2572=EDGE_CURVE('',#2127,#2123,#962,.T.);
#2573=EDGE_CURVE('',#2088,#2126,#963,.T.);
#2574=EDGE_CURVE('',#2079,#2125,#964,.T.);
#2575=EDGE_CURVE('',#2080,#2124,#965,.T.);
#2576=EDGE_CURVE('',#2087,#2127,#966,.T.);
#2577=EDGE_CURVE('',#2081,#2119,#967,.T.);
#2578=EDGE_CURVE('',#2128,#2129,#968,.T.);
#2579=EDGE_CURVE('',#2083,#2128,#969,.T.);
#2580=EDGE_CURVE('',#2082,#2129,#970,.T.);
#2581=EDGE_CURVE('',#2130,#2131,#971,.T.);
#2582=EDGE_CURVE('',#2131,#2132,#972,.T.);
#2583=EDGE_CURVE('',#2132,#2133,#973,.T.);
#2584=EDGE_CURVE('',#2133,#2134,#974,.T.);
#2585=EDGE_CURVE('',#2134,#2135,#975,.T.);
#2586=EDGE_CURVE('',#2135,#2136,#976,.T.);
#2587=EDGE_CURVE('',#2136,#2137,#977,.T.);
#2588=EDGE_CURVE('',#2137,#2138,#978,.T.);
#2589=EDGE_CURVE('',#2138,#2139,#979,.T.);
#2590=EDGE_CURVE('',#2139,#2140,#980,.T.);
#2591=EDGE_CURVE('',#2140,#2141,#981,.T.);
#2592=EDGE_CURVE('',#2142,#2141,#982,.T.);
#2593=EDGE_CURVE('',#2142,#2143,#983,.T.);
#2594=EDGE_CURVE('',#2143,#2144,#984,.T.);
#2595=EDGE_CURVE('',#2144,#2145,#985,.T.);
#2596=EDGE_CURVE('',#2145,#2146,#1935,.T.);
#2597=EDGE_CURVE('',#2146,#2147,#1936,.T.);
#2598=EDGE_CURVE('',#2147,#2148,#986,.T.);
#2599=EDGE_CURVE('',#2148,#2149,#987,.T.);
#2600=EDGE_CURVE('',#2149,#2101,#988,.T.);
#2601=EDGE_CURVE('',#2150,#2102,#989,.T.);
#2602=EDGE_CURVE('',#2150,#2151,#990,.T.);
#2603=EDGE_CURVE('',#2152,#2151,#991,.T.);
#2604=EDGE_CURVE('',#2153,#2152,#992,.T.);
#2605=EDGE_CURVE('',#2153,#2104,#993,.T.);
#2606=EDGE_CURVE('',#2103,#2154,#994,.T.);
#2607=EDGE_CURVE('',#2154,#2155,#995,.T.);
#2608=EDGE_CURVE('',#2155,#2156,#996,.T.);
#2609=EDGE_CURVE('',#2156,#2157,#1937,.T.);
#2610=EDGE_CURVE('',#2157,#2158,#1938,.T.);
#2611=EDGE_CURVE('',#2158,#2159,#997,.T.);
#2612=EDGE_CURVE('',#2159,#2160,#998,.T.);
#2613=EDGE_CURVE('',#2160,#2161,#999,.T.);
#2614=EDGE_CURVE('',#2130,#2161,#1000,.T.);
#2615=EDGE_CURVE('',#2162,#2162,#89,.T.);
#2616=EDGE_CURVE('',#2163,#2128,#1001,.T.);
#2617=EDGE_CURVE('',#2129,#2164,#1002,.T.);
#2618=EDGE_CURVE('',#2164,#2163,#1003,.T.);
#2619=EDGE_CURVE('',#2165,#2165,#1939,.T.);
#2620=EDGE_CURVE('',#2166,#2166,#1940,.T.);
#2621=EDGE_CURVE('',#2167,#2168,#1004,.T.);
#2622=EDGE_CURVE('',#2077,#2167,#1005,.T.);
#2623=EDGE_CURVE('',#2168,#2076,#1006,.T.);
#2624=EDGE_CURVE('',#2169,#2170,#1007,.T.);
#2625=EDGE_CURVE('',#2171,#2169,#1008,.T.);
#2626=EDGE_CURVE('',#2172,#2171,#1009,.T.);
#2627=EDGE_CURVE('',#2170,#2172,#1010,.T.);
#2628=EDGE_CURVE('',#2171,#2173,#1011,.T.);
#2629=EDGE_CURVE('',#2173,#2174,#1012,.T.);
#2630=EDGE_CURVE('',#2174,#2172,#1013,.T.);
#2631=EDGE_CURVE('',#2175,#2169,#1014,.T.);
#2632=EDGE_CURVE('',#2175,#2173,#1015,.T.);
#2633=EDGE_CURVE('',#2174,#2176,#1016,.T.);
#2634=EDGE_CURVE('',#2176,#2175,#1017,.T.);
#2635=EDGE_CURVE('',#2078,#2177,#1018,.T.);
#2636=EDGE_CURVE('',#2178,#2177,#1019,.T.);
#2637=EDGE_CURVE('',#2075,#2178,#1020,.T.);
#2638=EDGE_CURVE('',#2179,#2179,#1941,.T.);
#2639=EDGE_CURVE('',#2180,#2180,#1942,.T.);
#2640=EDGE_CURVE('',#2180,#2181,#1021,.T.);
#2641=EDGE_CURVE('',#2181,#2181,#1943,.T.);
#2642=EDGE_CURVE('',#2182,#2182,#1944,.T.);
#2643=EDGE_CURVE('',#2183,#2184,#1022,.T.);
#2644=EDGE_CURVE('',#2184,#2185,#1023,.T.);
#2645=EDGE_CURVE('',#2185,#2186,#1024,.T.);
#2646=EDGE_CURVE('',#2186,#2183,#1025,.T.);
#2647=EDGE_CURVE('',#2187,#2188,#1026,.T.);
#2648=EDGE_CURVE('',#2188,#2189,#1027,.T.);
#2649=EDGE_CURVE('',#2189,#2190,#1028,.T.);
#2650=EDGE_CURVE('',#2190,#2187,#1029,.T.);
#2651=EDGE_CURVE('',#2189,#2186,#1030,.T.);
#2652=EDGE_CURVE('',#2191,#2188,#1031,.T.);
#2653=EDGE_CURVE('',#2191,#2038,#1032,.T.);
#2654=EDGE_CURVE('',#2037,#2152,#1033,.T.);
#2655=EDGE_CURVE('',#2151,#2042,#1034,.T.);
#2656=EDGE_CURVE('',#2041,#2192,#1035,.T.);
#2657=EDGE_CURVE('',#2192,#2183,#1036,.T.);
#2658=EDGE_CURVE('',#2193,#2193,#1945,.T.);
#2659=EDGE_CURVE('',#2194,#2194,#1946,.T.);
#2660=EDGE_CURVE('',#2074,#2166,#1037,.T.);
#2661=EDGE_CURVE('',#2073,#2165,#1038,.T.);
#2662=EDGE_CURVE('',#2195,#2196,#1039,.T.);
#2663=EDGE_CURVE('',#2196,#2197,#1040,.T.);
#2664=EDGE_CURVE('',#2198,#2197,#1041,.T.);
#2665=EDGE_CURVE('',#2195,#2198,#1042,.T.);
#2666=EDGE_CURVE('',#2199,#2200,#1043,.T.);
#2667=EDGE_CURVE('',#2200,#2198,#1044,.T.);
#2668=EDGE_CURVE('',#2197,#2199,#1045,.T.);
#2669=EDGE_CURVE('',#2201,#2202,#1046,.T.);
#2670=EDGE_CURVE('',#2196,#2201,#1047,.T.);
#2671=EDGE_CURVE('',#2202,#2195,#1048,.T.);
#2672=EDGE_CURVE('',#2203,#2204,#1049,.T.);
#2673=EDGE_CURVE('',#2204,#2205,#1050,.T.);
#2674=EDGE_CURVE('',#2205,#2206,#1051,.T.);
#2675=EDGE_CURVE('',#2206,#2203,#1052,.T.);
#2676=EDGE_CURVE('',#2207,#2208,#1053,.T.);
#2677=EDGE_CURVE('',#2209,#2207,#1054,.T.);
#2678=EDGE_CURVE('',#2210,#2209,#1055,.T.);
#2679=EDGE_CURVE('',#2210,#2208,#1056,.T.);
#2680=EDGE_CURVE('',#2211,#2207,#1057,.T.);
#2681=EDGE_CURVE('',#2208,#2212,#1058,.T.);
#2682=EDGE_CURVE('',#2213,#2212,#1059,.T.);
#2683=EDGE_CURVE('',#2214,#2213,#1060,.T.);
#2684=EDGE_CURVE('',#2215,#2214,#1061,.T.);
#2685=EDGE_CURVE('',#2215,#2216,#1947,.T.);
#2686=EDGE_CURVE('',#2216,#2217,#1948,.T.);
#2687=EDGE_CURVE('',#2217,#2218,#1949,.T.);
#2688=EDGE_CURVE('',#2219,#2218,#1062,.T.);
#2689=EDGE_CURVE('',#2220,#2219,#1063,.T.);
#2690=EDGE_CURVE('',#2211,#2220,#1064,.T.);
#2691=EDGE_CURVE('',#2221,#2222,#1065,.T.);
#2692=EDGE_CURVE('',#2222,#2223,#1066,.T.);
#2693=EDGE_CURVE('',#2223,#2224,#1067,.T.);
#2694=EDGE_CURVE('',#2224,#2221,#1068,.T.);
#2695=EDGE_CURVE('',#2225,#2226,#1950,.T.);
#2696=EDGE_CURVE('',#2226,#2225,#1951,.T.);
#2697=EDGE_CURVE('',#2227,#2228,#1952,.T.);
#2698=EDGE_CURVE('',#2228,#2227,#1953,.T.);
#2699=EDGE_CURVE('',#2229,#2229,#1954,.T.);
#2700=EDGE_CURVE('',#2230,#2230,#1955,.T.);
#2701=EDGE_CURVE('',#2231,#2231,#1956,.T.);
#2702=EDGE_CURVE('',#2232,#2232,#1957,.T.);
#2703=EDGE_CURVE('',#2212,#2233,#1069,.T.);
#2704=EDGE_CURVE('',#2234,#2233,#1070,.T.);
#2705=EDGE_CURVE('',#2213,#2234,#1071,.T.);
#2706=EDGE_CURVE('',#2220,#2235,#1072,.T.);
#2707=EDGE_CURVE('',#2236,#2235,#1073,.T.);
#2708=EDGE_CURVE('',#2236,#2211,#1074,.T.);
#2709=EDGE_CURVE('',#2219,#2237,#1075,.T.);
#2710=EDGE_CURVE('',#2235,#2237,#1076,.T.);
#2711=EDGE_CURVE('',#2238,#2205,#1077,.T.);
#2712=EDGE_CURVE('',#2238,#2239,#1078,.T.);
#2713=EDGE_CURVE('',#2239,#2240,#1079,.T.);
#2714=EDGE_CURVE('',#2240,#2241,#1080,.T.);
#2715=EDGE_CURVE('',#2241,#2202,#1081,.T.);
#2716=EDGE_CURVE('',#2206,#2200,#1082,.T.);
#2717=EDGE_CURVE('',#2242,#2242,#1958,.T.);
#2718=EDGE_CURVE('',#2243,#2243,#1959,.T.);
#2719=EDGE_CURVE('',#2244,#2234,#1083,.T.);
#2720=EDGE_CURVE('',#2233,#2245,#1084,.T.);
#2721=EDGE_CURVE('',#2245,#2246,#1085,.T.);
#2722=EDGE_CURVE('',#2246,#2236,#1086,.T.);
#2723=EDGE_CURVE('',#2237,#2244,#1087,.T.);
#2724=EDGE_CURVE('',#2247,#2248,#1960,.T.);
#2725=EDGE_CURVE('',#2249,#2248,#1088,.T.);
#2726=EDGE_CURVE('',#2249,#2247,#1961,.T.);
#2727=EDGE_CURVE('',#2250,#2133,#1089,.T.);
#2728=EDGE_CURVE('',#2251,#2132,#1090,.T.);
#2729=EDGE_CURVE('',#2250,#2251,#1091,.T.);
#2730=EDGE_CURVE('',#2244,#2214,#1092,.T.);
#2731=EDGE_CURVE('',#2241,#2252,#1093,.T.);
#2732=EDGE_CURVE('',#2253,#2240,#1094,.T.);
#2733=EDGE_CURVE('',#2140,#2253,#1095,.T.);
#2734=EDGE_CURVE('',#2252,#2139,#1096,.T.);
#2735=EDGE_CURVE('',#2250,#2239,#1097,.T.);
#2736=EDGE_CURVE('',#2251,#2254,#1098,.T.);
#2737=EDGE_CURVE('',#2254,#2255,#1099,.T.);
#2738=EDGE_CURVE('',#2256,#2255,#1100,.T.);
#2739=EDGE_CURVE('',#2256,#2257,#1101,.T.);
#2740=EDGE_CURVE('',#2258,#2257,#1102,.T.);
#2741=EDGE_CURVE('',#2259,#2258,#1103,.T.);
#2742=EDGE_CURVE('',#2260,#2259,#1104,.T.);
#2743=EDGE_CURVE('',#2261,#2260,#1105,.T.);
#2744=EDGE_CURVE('',#2262,#2261,#1106,.T.);
#2745=EDGE_CURVE('',#2262,#2263,#1107,.T.);
#2746=EDGE_CURVE('',#2264,#2263,#1108,.T.);
#2747=EDGE_CURVE('',#2264,#2253,#1109,.T.);
#2748=EDGE_CURVE('',#2265,#2238,#1110,.T.);
#2749=EDGE_CURVE('',#2265,#2134,#1111,.T.);
#2750=EDGE_CURVE('',#2266,#2223,#1112,.T.);
#2751=EDGE_CURVE('',#2267,#2266,#1113,.T.);
#2752=EDGE_CURVE('',#2267,#2224,#1114,.T.);
#2753=EDGE_CURVE('',#2268,#2267,#1115,.T.);
#2754=EDGE_CURVE('',#2268,#2221,#1116,.T.);
#2755=EDGE_CURVE('',#2269,#2268,#1117,.T.);
#2756=EDGE_CURVE('',#2269,#2222,#1118,.T.);
#2757=EDGE_CURVE('',#2266,#2269,#1119,.T.);
#2758=EDGE_CURVE('',#2270,#2270,#1962,.T.);
#2759=EDGE_CURVE('',#2270,#2230,#1120,.T.);
#2760=EDGE_CURVE('',#2271,#2271,#1963,.T.);
#2761=EDGE_CURVE('',#2271,#2231,#1121,.T.);
#2762=EDGE_CURVE('',#2272,#2272,#1964,.T.);
#2763=EDGE_CURVE('',#2272,#2229,#1122,.T.);
#2764=EDGE_CURVE('',#2273,#2273,#1965,.T.);
#2765=EDGE_CURVE('',#2273,#2232,#1123,.T.);
#2766=EDGE_CURVE('',#2274,#2216,#1124,.T.);
#2767=EDGE_CURVE('',#2275,#2274,#1966,.T.);
#2768=EDGE_CURVE('',#2217,#2275,#1125,.T.);
#2769=EDGE_CURVE('',#2218,#2249,#1126,.T.);
#2770=EDGE_CURVE('',#2248,#2215,#1127,.T.);
#2771=EDGE_CURVE('',#2247,#2276,#1128,.T.);
#2772=EDGE_CURVE('',#2274,#2276,#1967,.T.);
#2773=EDGE_CURVE('',#2276,#2275,#1968,.T.);
#2774=EDGE_CURVE('',#2167,#2177,#1129,.T.);
#2775=EDGE_CURVE('',#2178,#2168,#1130,.T.);
#2776=EDGE_CURVE('',#2170,#2176,#1131,.T.);
#2777=EDGE_CURVE('',#2265,#2204,#1132,.T.);
#2778=EDGE_CURVE('',#2252,#2201,#1133,.T.);
#2779=EDGE_CURVE('',#2277,#2184,#1134,.T.);
#2780=EDGE_CURVE('',#2277,#2192,#1135,.T.);
#2781=EDGE_CURVE('',#2278,#2187,#1136,.T.);
#2782=EDGE_CURVE('',#2191,#2278,#1137,.T.);
#2783=EDGE_CURVE('',#2190,#2185,#1138,.T.);
#2784=EDGE_CURVE('',#2203,#2199,#1139,.T.);
#2785=EDGE_CURVE('',#2131,#2254,#1140,.T.);
#2786=EDGE_CURVE('',#2255,#2130,#1141,.T.);
#2787=EDGE_CURVE('',#2161,#2256,#1142,.T.);
#2788=EDGE_CURVE('',#2257,#2160,#1143,.T.);
#2789=EDGE_CURVE('',#2143,#2262,#1144,.T.);
#2790=EDGE_CURVE('',#2263,#2142,#1145,.T.);
#2791=EDGE_CURVE('',#2141,#2264,#1146,.T.);
#2792=EDGE_CURVE('',#2137,#2279,#1147,.T.);
#2793=EDGE_CURVE('',#2280,#2136,#1148,.T.);
#2794=EDGE_CURVE('',#2279,#2280,#1149,.T.);
#2795=EDGE_CURVE('',#2280,#2281,#1150,.T.);
#2796=EDGE_CURVE('',#2282,#2281,#1151,.T.);
#2797=EDGE_CURVE('',#2283,#2282,#1152,.T.);
#2798=EDGE_CURVE('',#2284,#2283,#1153,.T.);
#2799=EDGE_CURVE('',#2284,#2279,#1154,.T.);
#2800=EDGE_CURVE('',#2285,#2285,#1969,.T.);
#2801=EDGE_CURVE('',#2135,#2281,#1155,.T.);
#2802=EDGE_CURVE('',#2285,#2162,#1156,.T.);
#2803=EDGE_CURVE('',#2283,#2210,#1157,.T.);
#2804=EDGE_CURVE('',#2245,#2283,#1158,.T.);
#2805=EDGE_CURVE('',#2209,#2282,#1159,.T.);
#2806=EDGE_CURVE('',#2246,#2282,#1160,.T.);
#2807=EDGE_CURVE('',#2138,#2284,#1161,.T.);
#2808=EDGE_CURVE('',#2286,#2286,#1970,.T.);
#2809=EDGE_CURVE('',#2287,#2287,#1971,.T.);
#2810=EDGE_CURVE('',#2288,#2289,#1972,.T.);
#2811=EDGE_CURVE('',#2289,#2288,#1973,.T.);
#2812=EDGE_CURVE('',#2290,#2291,#1974,.T.);
#2813=EDGE_CURVE('',#2291,#2290,#1975,.T.);
#2814=EDGE_CURVE('',#2261,#2292,#1162,.T.);
#2815=EDGE_CURVE('',#2292,#2293,#1163,.T.);
#2816=EDGE_CURVE('',#2293,#2294,#1164,.T.);
#2817=EDGE_CURVE('',#2294,#2295,#1165,.T.);
#2818=EDGE_CURVE('',#2295,#2296,#1166,.T.);
#2819=EDGE_CURVE('',#2296,#2297,#1167,.T.);
#2820=EDGE_CURVE('',#2297,#2298,#1168,.T.);
#2821=EDGE_CURVE('',#2298,#2299,#1169,.T.);
#2822=EDGE_CURVE('',#2299,#2300,#1170,.T.);
#2823=EDGE_CURVE('',#2300,#2301,#1171,.T.);
#2824=EDGE_CURVE('',#2301,#2056,#1172,.T.);
#2825=EDGE_CURVE('',#2055,#2144,#1173,.T.);
#2826=EDGE_CURVE('',#2067,#2159,#1174,.T.);
#2827=EDGE_CURVE('',#2066,#2302,#1175,.T.);
#2828=EDGE_CURVE('',#2302,#2303,#1176,.T.);
#2829=EDGE_CURVE('',#2303,#2304,#1177,.T.);
#2830=EDGE_CURVE('',#2304,#2305,#1178,.T.);
#2831=EDGE_CURVE('',#2305,#2306,#1179,.T.);
#2832=EDGE_CURVE('',#2306,#2307,#1180,.T.);
#2833=EDGE_CURVE('',#2308,#2307,#1181,.T.);
#2834=EDGE_CURVE('',#2308,#2309,#1182,.T.);
#2835=EDGE_CURVE('',#2309,#2310,#1183,.T.);
#2836=EDGE_CURVE('',#2310,#2311,#1184,.T.);
#2837=EDGE_CURVE('',#2311,#2258,#1185,.T.);
#2838=EDGE_CURVE('',#2228,#2289,#1186,.T.);
#2839=EDGE_CURVE('',#2288,#2227,#1187,.T.);
#2840=EDGE_CURVE('',#2226,#2291,#1188,.T.);
#2841=EDGE_CURVE('',#2290,#2225,#1189,.T.);
#2842=EDGE_CURVE('',#2117,#2163,#1190,.T.);
#2843=EDGE_CURVE('',#2084,#2116,#1191,.T.);
#2844=EDGE_CURVE('',#2118,#2164,#1192,.T.);
#2845=EDGE_CURVE('',#2242,#2287,#1193,.T.);
#2846=EDGE_CURVE('',#2243,#2286,#1194,.T.);
#2847=EDGE_CURVE('',#2308,#2312,#1195,.T.);
#2848=EDGE_CURVE('',#2313,#2307,#1196,.T.);
#2849=EDGE_CURVE('',#2312,#2313,#1197,.T.);
#2850=EDGE_CURVE('',#2314,#2295,#1198,.T.);
#2851=EDGE_CURVE('',#2314,#2315,#1199,.T.);
#2852=EDGE_CURVE('',#2296,#2315,#1200,.T.);
#2853=EDGE_CURVE('',#2316,#2294,#1201,.T.);
#2854=EDGE_CURVE('',#2316,#2314,#1202,.T.);
#2855=EDGE_CURVE('',#2310,#2317,#1203,.T.);
#2856=EDGE_CURVE('',#2309,#2318,#1204,.T.);
#2857=EDGE_CURVE('',#2317,#2318,#1205,.T.);
#2858=EDGE_CURVE('',#2319,#2293,#1206,.T.);
#2859=EDGE_CURVE('',#2316,#2319,#1207,.T.);
#2860=EDGE_CURVE('',#2317,#2320,#1208,.T.);
#2861=EDGE_CURVE('',#2320,#2311,#1209,.T.);
#2862=EDGE_CURVE('',#2321,#2319,#1210,.T.);
#2863=EDGE_CURVE('',#2260,#2321,#1211,.T.);
#2864=EDGE_CURVE('',#2260,#2322,#1212,.T.);
#2865=EDGE_CURVE('',#2322,#2323,#1213,.T.);
#2866=EDGE_CURVE('',#2324,#2323,#1214,.T.);
#2867=EDGE_CURVE('',#2315,#2324,#1215,.T.);
#2868=EDGE_CURVE('',#2026,#2157,#1216,.T.);
#2869=EDGE_CURVE('',#2158,#2068,#1217,.T.);
#2870=EDGE_CURVE('',#2146,#2053,#1218,.T.);
#2871=EDGE_CURVE('',#2054,#2145,#1219,.T.);
#2872=EDGE_CURVE('',#2325,#2325,#1976,.T.);
#2873=EDGE_CURVE('',#2325,#2326,#1220,.T.);
#2874=EDGE_CURVE('',#2326,#2326,#1977,.T.);
#2875=EDGE_CURVE('',#2327,#2327,#1978,.T.);
#2876=EDGE_CURVE('',#2327,#2328,#1221,.T.);
#2877=EDGE_CURVE('',#2328,#2328,#1979,.T.);
#2878=EDGE_CURVE('',#2329,#2329,#1980,.T.);
#2879=EDGE_CURVE('',#2330,#2331,#1981,.T.);
#2880=EDGE_CURVE('',#2331,#2332,#1222,.T.);
#2881=EDGE_CURVE('',#2333,#2332,#1982,.F.);
#2882=EDGE_CURVE('',#2330,#2333,#1223,.T.);
#2883=EDGE_CURVE('',#2334,#2335,#1983,.F.);
#2884=EDGE_CURVE('',#2334,#2336,#1224,.T.);
#2885=EDGE_CURVE('',#2336,#2337,#1984,.T.);
#2886=EDGE_CURVE('',#2335,#2337,#1225,.T.);
#2887=EDGE_CURVE('',#2336,#2331,#1226,.T.);
#2888=EDGE_CURVE('',#2332,#2334,#1227,.T.);
#2889=EDGE_CURVE('',#2335,#2338,#1228,.T.);
#2890=EDGE_CURVE('',#2338,#2339,#1985,.T.);
#2891=EDGE_CURVE('',#2339,#2340,#1229,.T.);
#2892=EDGE_CURVE('',#2340,#2341,#1230,.T.);
#2893=EDGE_CURVE('',#2342,#2341,#1231,.T.);
#2894=EDGE_CURVE('',#2342,#2343,#1986,.T.);
#2895=EDGE_CURVE('',#2343,#2333,#1232,.T.);
#2896=EDGE_CURVE('',#2344,#2345,#1987,.T.);
#2897=EDGE_CURVE('',#2344,#2346,#1233,.T.);
#2898=EDGE_CURVE('',#2346,#2347,#1234,.T.);
#2899=EDGE_CURVE('',#2348,#2347,#1235,.T.);
#2900=EDGE_CURVE('',#2349,#2348,#1988,.T.);
#2901=EDGE_CURVE('',#2345,#2349,#1236,.T.);
#2902=EDGE_CURVE('',#2339,#2348,#1237,.T.);
#2903=EDGE_CURVE('',#2347,#2340,#1238,.T.);
#2904=EDGE_CURVE('',#2344,#2342,#1239,.T.);
#2905=EDGE_CURVE('',#2341,#2346,#1240,.T.);
#2906=EDGE_CURVE('',#2350,#2349,#1241,.T.);
#2907=EDGE_CURVE('',#2351,#2350,#1242,.T.);
#2908=EDGE_CURVE('',#2345,#2351,#1243,.T.);
#2909=EDGE_CURVE('',#2352,#2338,#1244,.T.);
#2910=EDGE_CURVE('',#2350,#2352,#1989,.F.);
#2911=EDGE_CURVE('',#2353,#2351,#1990,.F.);
#2912=EDGE_CURVE('',#2343,#2353,#1245,.T.);
#2913=EDGE_CURVE('',#2354,#2352,#1246,.T.);
#2914=EDGE_CURVE('',#2354,#2355,#1247,.T.);
#2915=EDGE_CURVE('',#2355,#2356,#1248,.T.);
#2916=EDGE_CURVE('',#2357,#2356,#1249,.T.);
#2917=EDGE_CURVE('',#2353,#2357,#1250,.T.);
#2918=EDGE_CURVE('',#2358,#2359,#1991,.F.);
#2919=EDGE_CURVE('',#2358,#2360,#1251,.T.);
#2920=EDGE_CURVE('',#2360,#2361,#1992,.T.);
#2921=EDGE_CURVE('',#2359,#2361,#1252,.T.);
#2922=EDGE_CURVE('',#2362,#2363,#1993,.F.);
#2923=EDGE_CURVE('',#2362,#2364,#1253,.T.);
#2924=EDGE_CURVE('',#2364,#2365,#1994,.T.);
#2925=EDGE_CURVE('',#2363,#2365,#1254,.T.);
#2926=EDGE_CURVE('',#2360,#2362,#1255,.T.);
#2927=EDGE_CURVE('',#2300,#2363,#1256,.T.);
#2928=EDGE_CURVE('',#2299,#2366,#1257,.T.);
#2929=EDGE_CURVE('',#2366,#2367,#1258,.T.);
#2930=EDGE_CURVE('',#2367,#2368,#1259,.T.);
#2931=EDGE_CURVE('',#2368,#2369,#1260,.T.);
#2932=EDGE_CURVE('',#2361,#2369,#1261,.T.);
#2933=EDGE_CURVE('',#2364,#2358,#1262,.T.);
#2934=EDGE_CURVE('',#2370,#2330,#1263,.T.);
#2935=EDGE_CURVE('',#2062,#2370,#1264,.T.);
#2936=EDGE_CURVE('',#2371,#2061,#1265,.T.);
#2937=EDGE_CURVE('',#2337,#2371,#1266,.T.);
#2938=EDGE_CURVE('',#2372,#2370,#1267,.T.);
#2939=EDGE_CURVE('',#2372,#2063,#1268,.T.);
#2940=EDGE_CURVE('',#2357,#2373,#1269,.T.);
#2941=EDGE_CURVE('',#2373,#2374,#1995,.T.);
#2942=EDGE_CURVE('',#2375,#2374,#1270,.T.);
#2943=EDGE_CURVE('',#2375,#2372,#1271,.T.);
#2944=EDGE_CURVE('',#2371,#2376,#1272,.T.);
#2945=EDGE_CURVE('',#2376,#2377,#1273,.T.);
#2946=EDGE_CURVE('',#2378,#2377,#1274,.T.);
#2947=EDGE_CURVE('',#2378,#2379,#1996,.T.);
#2948=EDGE_CURVE('',#2379,#2354,#1275,.T.);
#2949=EDGE_CURVE('',#2193,#2380,#1276,.T.);
#2950=EDGE_CURVE('',#2380,#2380,#1997,.T.);
#2951=EDGE_CURVE('',#2194,#2381,#1277,.T.);
#2952=EDGE_CURVE('',#2381,#2381,#1998,.T.);
#2953=EDGE_CURVE('',#2182,#2179,#1278,.T.);
#2954=EDGE_CURVE('',#2277,#2040,#1279,.T.);
#2955=EDGE_CURVE('',#2039,#2278,#1280,.T.);
#2956=EDGE_CURVE('',#2382,#2382,#1999,.T.);
#2957=EDGE_CURVE('',#2383,#2383,#2000,.T.);
#2958=EDGE_CURVE('',#2383,#2384,#1281,.T.);
#2959=EDGE_CURVE('',#2384,#2384,#2001,.T.);
#2960=EDGE_CURVE('',#2085,#2115,#1282,.T.);
#2961=EDGE_CURVE('',#2153,#2032,#1283,.T.);
#2962=EDGE_CURVE('',#2385,#2386,#1284,.T.);
#2963=EDGE_CURVE('',#2387,#2386,#1285,.T.);
#2964=EDGE_CURVE('',#2033,#2387,#1286,.T.);
#2965=EDGE_CURVE('',#2036,#2388,#1287,.T.);
#2966=EDGE_CURVE('',#2389,#2388,#1288,.T.);
#2967=EDGE_CURVE('',#2389,#2390,#1289,.T.);
#2968=EDGE_CURVE('',#2390,#2385,#1290,.T.);
#2969=EDGE_CURVE('',#2391,#2392,#1291,.T.);
#2970=EDGE_CURVE('',#2393,#2392,#1292,.T.);
#2971=EDGE_CURVE('',#2043,#2393,#1293,.T.);
#2972=EDGE_CURVE('',#2150,#2047,#1294,.T.);
#2973=EDGE_CURVE('',#2046,#2394,#1295,.T.);
#2974=EDGE_CURVE('',#2395,#2394,#1296,.T.);
#2975=EDGE_CURVE('',#2395,#2396,#1297,.T.);
#2976=EDGE_CURVE('',#2396,#2391,#1298,.T.);
#2977=EDGE_CURVE('',#2382,#2120,#1299,.T.);
#2978=EDGE_CURVE('',#2397,#2393,#1300,.T.);
#2979=EDGE_CURVE('',#2044,#2397,#1301,.T.);
#2980=EDGE_CURVE('',#2045,#2398,#1302,.T.);
#2981=EDGE_CURVE('',#2394,#2398,#1303,.T.);
#2982=EDGE_CURVE('',#2399,#2400,#1304,.T.);
#2983=EDGE_CURVE('',#2400,#2401,#1305,.T.);
#2984=EDGE_CURVE('',#2401,#2402,#1306,.T.);
#2985=EDGE_CURVE('',#2398,#2402,#1307,.T.);
#2986=EDGE_CURVE('',#2399,#2397,#1308,.T.);
#2987=EDGE_CURVE('',#2392,#2399,#1309,.T.);
#2988=EDGE_CURVE('',#2402,#2395,#1310,.T.);
#2989=EDGE_CURVE('',#2391,#2400,#1311,.T.);
#2990=EDGE_CURVE('',#2401,#2396,#1312,.T.);
#2991=EDGE_CURVE('',#2403,#2387,#1313,.T.);
#2992=EDGE_CURVE('',#2034,#2403,#1314,.T.);
#2993=EDGE_CURVE('',#2035,#2404,#1315,.T.);
#2994=EDGE_CURVE('',#2388,#2404,#1316,.T.);
#2995=EDGE_CURVE('',#2405,#2406,#1317,.T.);
#2996=EDGE_CURVE('',#2406,#2407,#1318,.T.);
#2997=EDGE_CURVE('',#2407,#2408,#1319,.T.);
#2998=EDGE_CURVE('',#2404,#2408,#1320,.T.);
#2999=EDGE_CURVE('',#2405,#2403,#1321,.T.);
#3000=EDGE_CURVE('',#2386,#2405,#1322,.T.);
#3001=EDGE_CURVE('',#2408,#2389,#1323,.T.);
#3002=EDGE_CURVE('',#2385,#2406,#1324,.T.);
#3003=EDGE_CURVE('',#2407,#2390,#1325,.T.);
#3004=EDGE_CURVE('',#2027,#2156,#1326,.T.);
#3005=EDGE_CURVE('',#2028,#2155,#1327,.T.);
#3006=EDGE_CURVE('',#2029,#2154,#1328,.T.);
#3007=EDGE_CURVE('',#2050,#2149,#1329,.T.);
#3008=EDGE_CURVE('',#2051,#2148,#1330,.T.);
#3009=EDGE_CURVE('',#2052,#2147,#1331,.T.);
#3010=EDGE_CURVE('',#2064,#2375,#1332,.T.);
#3011=EDGE_CURVE('',#2376,#2060,#1333,.T.);
#3012=EDGE_CURVE('',#2377,#2059,#1334,.T.);
#3013=EDGE_CURVE('',#2409,#2366,#1335,.T.);
#3014=EDGE_CURVE('',#2298,#2409,#1336,.T.);
#3015=EDGE_CURVE('',#2410,#2411,#2002,.T.);
#3016=EDGE_CURVE('',#2411,#2412,#1337,.T.);
#3017=EDGE_CURVE('',#2412,#2305,#1338,.T.);
#3018=EDGE_CURVE('',#2410,#2304,#1339,.T.);
#3019=EDGE_CURVE('',#2413,#2409,#1340,.T.);
#3020=EDGE_CURVE('',#2414,#2413,#1341,.T.);
#3021=EDGE_CURVE('',#2415,#2414,#1342,.T.);
#3022=EDGE_CURVE('',#2415,#2367,#1343,.T.);
#3023=EDGE_CURVE('',#2411,#2416,#1344,.T.);
#3024=EDGE_CURVE('',#2416,#2417,#1345,.T.);
#3025=EDGE_CURVE('',#2418,#2417,#1346,.T.);
#3026=EDGE_CURVE('',#2419,#2418,#1347,.T.);
#3027=EDGE_CURVE('',#2412,#2419,#1348,.T.);
#3028=EDGE_CURVE('',#2418,#2420,#1349,.T.);
#3029=EDGE_CURVE('',#2420,#2313,#1350,.T.);
#3030=EDGE_CURVE('',#2419,#2306,#1351,.T.);
#3031=EDGE_CURVE('',#2297,#2413,#1352,.T.);
#3032=EDGE_CURVE('',#2324,#2414,#1353,.T.);
#3033=EDGE_CURVE('',#2323,#2415,#1354,.T.);
#3034=EDGE_CURVE('',#2421,#2420,#1355,.T.);
#3035=EDGE_CURVE('',#2417,#2421,#1356,.T.);
#3036=EDGE_CURVE('',#2318,#2312,#1357,.T.);
#3037=EDGE_CURVE('',#2421,#2422,#1358,.T.);
#3038=EDGE_CURVE('',#2259,#2422,#1359,.T.);
#3039=EDGE_CURVE('',#2320,#2259,#1360,.T.);
#3040=EDGE_CURVE('',#2292,#2321,#1361,.T.);
#3041=EDGE_CURVE('',#2422,#2322,#1362,.T.);
#3042=EDGE_CURVE('',#2423,#2359,#1363,.T.);
#3043=EDGE_CURVE('',#2423,#2424,#1364,.T.);
#3044=EDGE_CURVE('',#2424,#2425,#1365,.T.);
#3045=EDGE_CURVE('',#2425,#2426,#1366,.T.);
#3046=EDGE_CURVE('',#2365,#2426,#1367,.T.);
#3047=EDGE_CURVE('',#2424,#2427,#2003,.T.);
#3048=EDGE_CURVE('',#2356,#2427,#1368,.T.);
#3049=EDGE_CURVE('',#2428,#2355,#1369,.T.);
#3050=EDGE_CURVE('',#2428,#2425,#2004,.T.);
#3051=EDGE_CURVE('',#2058,#2378,#1370,.T.);
#3052=EDGE_CURVE('',#2379,#2428,#1371,.T.);
#3053=EDGE_CURVE('',#2427,#2373,#1372,.T.);
#3054=EDGE_CURVE('',#2302,#2429,#2005,.T.);
#3055=EDGE_CURVE('',#2429,#2303,#1373,.T.);
#3056=EDGE_CURVE('',#2374,#2065,#1374,.T.);
#3057=EDGE_CURVE('',#2429,#2410,#1375,.T.);
#3058=EDGE_CURVE('',#2416,#2368,#2006,.T.);
#3059=EDGE_CURVE('',#2057,#2329,#1376,.T.);
#3060=EDGE_CURVE('',#2426,#2301,#2007,.T.);
#3061=EDGE_CURVE('',#2423,#2430,#1377,.T.);
#3062=EDGE_CURVE('',#2430,#2430,#2008,.T.);
#3063=EDGE_CURVE('',#2369,#2423,#2009,.T.);
#3064=ORIENTED_EDGE('',*,*,#2431,.F.);
#3065=ORIENTED_EDGE('',*,*,#2432,.T.);
#3066=ORIENTED_EDGE('',*,*,#2433,.F.);
#3067=ORIENTED_EDGE('',*,*,#2432,.F.);
#3068=ORIENTED_EDGE('',*,*,#2434,.F.);
#3069=ORIENTED_EDGE('',*,*,#2435,.T.);
#3070=ORIENTED_EDGE('',*,*,#2436,.F.);
#3071=ORIENTED_EDGE('',*,*,#2435,.F.);
#3072=ORIENTED_EDGE('',*,*,#2434,.T.);
#3073=ORIENTED_EDGE('',*,*,#2431,.T.);
#3074=ORIENTED_EDGE('',*,*,#2437,.F.);
#3075=ORIENTED_EDGE('',*,*,#2438,.T.);
#3076=ORIENTED_EDGE('',*,*,#2439,.F.);
#3077=ORIENTED_EDGE('',*,*,#2438,.F.);
#3078=ORIENTED_EDGE('',*,*,#2440,.F.);
#3079=ORIENTED_EDGE('',*,*,#2441,.T.);
#3080=ORIENTED_EDGE('',*,*,#2442,.F.);
#3081=ORIENTED_EDGE('',*,*,#2441,.F.);
#3082=ORIENTED_EDGE('',*,*,#2440,.T.);
#3083=ORIENTED_EDGE('',*,*,#2437,.T.);
#3084=ORIENTED_EDGE('',*,*,#2443,.F.);
#3085=ORIENTED_EDGE('',*,*,#2444,.T.);
#3086=ORIENTED_EDGE('',*,*,#2445,.F.);
#3087=ORIENTED_EDGE('',*,*,#2444,.F.);
#3088=ORIENTED_EDGE('',*,*,#2446,.F.);
#3089=ORIENTED_EDGE('',*,*,#2447,.T.);
#3090=ORIENTED_EDGE('',*,*,#2448,.F.);
#3091=ORIENTED_EDGE('',*,*,#2447,.F.);
#3092=ORIENTED_EDGE('',*,*,#2446,.T.);
#3093=ORIENTED_EDGE('',*,*,#2443,.T.);
#3094=ORIENTED_EDGE('',*,*,#2449,.F.);
#3095=ORIENTED_EDGE('',*,*,#2450,.T.);
#3096=ORIENTED_EDGE('',*,*,#2451,.F.);
#3097=ORIENTED_EDGE('',*,*,#2450,.F.);
#3098=ORIENTED_EDGE('',*,*,#2452,.F.);
#3099=ORIENTED_EDGE('',*,*,#2453,.T.);
#3100=ORIENTED_EDGE('',*,*,#2454,.F.);
#3101=ORIENTED_EDGE('',*,*,#2453,.F.);
#3102=ORIENTED_EDGE('',*,*,#2452,.T.);
#3103=ORIENTED_EDGE('',*,*,#2449,.T.);
#3104=ORIENTED_EDGE('',*,*,#2455,.T.);
#3105=ORIENTED_EDGE('',*,*,#2456,.T.);
#3106=ORIENTED_EDGE('',*,*,#2457,.T.);
#3107=ORIENTED_EDGE('',*,*,#2458,.T.);
#3108=ORIENTED_EDGE('',*,*,#2459,.F.);
#3109=ORIENTED_EDGE('',*,*,#2460,.F.);
#3110=ORIENTED_EDGE('',*,*,#2461,.T.);
#3111=ORIENTED_EDGE('',*,*,#2462,.T.);
#3112=ORIENTED_EDGE('',*,*,#2463,.T.);
#3113=ORIENTED_EDGE('',*,*,#2464,.T.);
#3114=ORIENTED_EDGE('',*,*,#2465,.T.);
#3115=ORIENTED_EDGE('',*,*,#2466,.F.);
#3116=ORIENTED_EDGE('',*,*,#2467,.F.);
#3117=ORIENTED_EDGE('',*,*,#2468,.T.);
#3118=ORIENTED_EDGE('',*,*,#2469,.F.);
#3119=ORIENTED_EDGE('',*,*,#2470,.F.);
#3120=ORIENTED_EDGE('',*,*,#2471,.F.);
#3121=ORIENTED_EDGE('',*,*,#2472,.T.);
#3122=ORIENTED_EDGE('',*,*,#2473,.T.);
#3123=ORIENTED_EDGE('',*,*,#2474,.T.);
#3124=ORIENTED_EDGE('',*,*,#2475,.T.);
#3125=ORIENTED_EDGE('',*,*,#2476,.T.);
#3126=ORIENTED_EDGE('',*,*,#2477,.F.);
#3127=ORIENTED_EDGE('',*,*,#2478,.F.);
#3128=ORIENTED_EDGE('',*,*,#2479,.T.);
#3129=ORIENTED_EDGE('',*,*,#2480,.T.);
#3130=ORIENTED_EDGE('',*,*,#2481,.T.);
#3131=ORIENTED_EDGE('',*,*,#2482,.T.);
#3132=ORIENTED_EDGE('',*,*,#2483,.T.);
#3133=ORIENTED_EDGE('',*,*,#2484,.T.);
#3134=ORIENTED_EDGE('',*,*,#2485,.T.);
#3135=ORIENTED_EDGE('',*,*,#2486,.T.);
#3136=ORIENTED_EDGE('',*,*,#2487,.T.);
#3137=ORIENTED_EDGE('',*,*,#2488,.F.);
#3138=ORIENTED_EDGE('',*,*,#2489,.F.);
#3139=ORIENTED_EDGE('',*,*,#2490,.F.);
#3140=ORIENTED_EDGE('',*,*,#2491,.F.);
#3141=ORIENTED_EDGE('',*,*,#2492,.F.);
#3142=ORIENTED_EDGE('',*,*,#2493,.T.);
#3143=ORIENTED_EDGE('',*,*,#2494,.T.);
#3144=ORIENTED_EDGE('',*,*,#2495,.T.);
#3145=ORIENTED_EDGE('',*,*,#2496,.T.);
#3146=ORIENTED_EDGE('',*,*,#2497,.T.);
#3147=ORIENTED_EDGE('',*,*,#2436,.T.);
#3148=ORIENTED_EDGE('',*,*,#2442,.T.);
#3149=ORIENTED_EDGE('',*,*,#2448,.T.);
#3150=ORIENTED_EDGE('',*,*,#2454,.T.);
#3151=ORIENTED_EDGE('',*,*,#2498,.T.);
#3152=ORIENTED_EDGE('',*,*,#2499,.T.);
#3153=ORIENTED_EDGE('',*,*,#2500,.T.);
#3154=ORIENTED_EDGE('',*,*,#2501,.T.);
#3155=ORIENTED_EDGE('',*,*,#2502,.T.);
#3156=ORIENTED_EDGE('',*,*,#2503,.T.);
#3157=ORIENTED_EDGE('',*,*,#2504,.T.);
#3158=ORIENTED_EDGE('',*,*,#2505,.F.);
#3159=ORIENTED_EDGE('',*,*,#2506,.T.);
#3160=ORIENTED_EDGE('',*,*,#2507,.T.);
#3161=ORIENTED_EDGE('',*,*,#2508,.T.);
#3162=ORIENTED_EDGE('',*,*,#2509,.T.);
#3163=ORIENTED_EDGE('',*,*,#2510,.T.);
#3164=ORIENTED_EDGE('',*,*,#2511,.T.);
#3165=ORIENTED_EDGE('',*,*,#2512,.T.);
#3166=ORIENTED_EDGE('',*,*,#2513,.T.);
#3167=ORIENTED_EDGE('',*,*,#2514,.T.);
#3168=ORIENTED_EDGE('',*,*,#2515,.T.);
#3169=ORIENTED_EDGE('',*,*,#2516,.T.);
#3170=ORIENTED_EDGE('',*,*,#2517,.T.);
#3171=ORIENTED_EDGE('',*,*,#2451,.T.);
#3172=ORIENTED_EDGE('',*,*,#2445,.T.);
#3173=ORIENTED_EDGE('',*,*,#2439,.T.);
#3174=ORIENTED_EDGE('',*,*,#2518,.F.);
#3175=ORIENTED_EDGE('',*,*,#2519,.T.);
#3176=ORIENTED_EDGE('',*,*,#2520,.F.);
#3177=ORIENTED_EDGE('',*,*,#2519,.F.);
#3178=ORIENTED_EDGE('',*,*,#2521,.F.);
#3179=ORIENTED_EDGE('',*,*,#2522,.T.);
#3180=ORIENTED_EDGE('',*,*,#2498,.F.);
#3181=ORIENTED_EDGE('',*,*,#2522,.F.);
#3182=ORIENTED_EDGE('',*,*,#2521,.T.);
#3183=ORIENTED_EDGE('',*,*,#2518,.T.);
#3184=ORIENTED_EDGE('',*,*,#2523,.F.);
#3185=ORIENTED_EDGE('',*,*,#2524,.T.);
#3186=ORIENTED_EDGE('',*,*,#2525,.F.);
#3187=ORIENTED_EDGE('',*,*,#2524,.F.);
#3188=ORIENTED_EDGE('',*,*,#2526,.F.);
#3189=ORIENTED_EDGE('',*,*,#2527,.T.);
#3190=ORIENTED_EDGE('',*,*,#2499,.F.);
#3191=ORIENTED_EDGE('',*,*,#2527,.F.);
#3192=ORIENTED_EDGE('',*,*,#2526,.T.);
#3193=ORIENTED_EDGE('',*,*,#2523,.T.);
#3194=ORIENTED_EDGE('',*,*,#2528,.F.);
#3195=ORIENTED_EDGE('',*,*,#2529,.T.);
#3196=ORIENTED_EDGE('',*,*,#2530,.F.);
#3197=ORIENTED_EDGE('',*,*,#2529,.F.);
#3198=ORIENTED_EDGE('',*,*,#2531,.F.);
#3199=ORIENTED_EDGE('',*,*,#2532,.T.);
#3200=ORIENTED_EDGE('',*,*,#2500,.F.);
#3201=ORIENTED_EDGE('',*,*,#2532,.F.);
#3202=ORIENTED_EDGE('',*,*,#2531,.T.);
#3203=ORIENTED_EDGE('',*,*,#2528,.T.);
#3204=ORIENTED_EDGE('',*,*,#2533,.F.);
#3205=ORIENTED_EDGE('',*,*,#2534,.T.);
#3206=ORIENTED_EDGE('',*,*,#2535,.F.);
#3207=ORIENTED_EDGE('',*,*,#2534,.F.);
#3208=ORIENTED_EDGE('',*,*,#2536,.F.);
#3209=ORIENTED_EDGE('',*,*,#2537,.T.);
#3210=ORIENTED_EDGE('',*,*,#2501,.F.);
#3211=ORIENTED_EDGE('',*,*,#2537,.F.);
#3212=ORIENTED_EDGE('',*,*,#2536,.T.);
#3213=ORIENTED_EDGE('',*,*,#2533,.T.);
#3214=ORIENTED_EDGE('',*,*,#2433,.T.);
#3215=ORIENTED_EDGE('',*,*,#2535,.T.);
#3216=ORIENTED_EDGE('',*,*,#2530,.T.);
#3217=ORIENTED_EDGE('',*,*,#2525,.T.);
#3218=ORIENTED_EDGE('',*,*,#2538,.T.);
#3219=ORIENTED_EDGE('',*,*,#2477,.T.);
#3220=ORIENTED_EDGE('',*,*,#2539,.T.);
#3221=ORIENTED_EDGE('',*,*,#2540,.T.);
#3222=ORIENTED_EDGE('',*,*,#2541,.T.);
#3223=ORIENTED_EDGE('',*,*,#2542,.T.);
#3224=ORIENTED_EDGE('',*,*,#2459,.T.);
#3225=ORIENTED_EDGE('',*,*,#2543,.T.);
#3226=ORIENTED_EDGE('',*,*,#2520,.T.);
#3227=ORIENTED_EDGE('',*,*,#2544,.F.);
#3228=ORIENTED_EDGE('',*,*,#2545,.T.);
#3229=ORIENTED_EDGE('',*,*,#2546,.T.);
#3230=ORIENTED_EDGE('',*,*,#2547,.F.);
#3231=ORIENTED_EDGE('',*,*,#2548,.F.);
#3232=ORIENTED_EDGE('',*,*,#2549,.T.);
#3233=ORIENTED_EDGE('',*,*,#2550,.T.);
#3234=ORIENTED_EDGE('',*,*,#2545,.F.);
#3235=ORIENTED_EDGE('',*,*,#2551,.F.);
#3236=ORIENTED_EDGE('',*,*,#2552,.T.);
#3237=ORIENTED_EDGE('',*,*,#2553,.T.);
#3238=ORIENTED_EDGE('',*,*,#2549,.F.);
#3239=ORIENTED_EDGE('',*,*,#2554,.F.);
#3240=ORIENTED_EDGE('',*,*,#2547,.T.);
#3241=ORIENTED_EDGE('',*,*,#2555,.T.);
#3242=ORIENTED_EDGE('',*,*,#2552,.F.);
#3243=ORIENTED_EDGE('',*,*,#2555,.F.);
#3244=ORIENTED_EDGE('',*,*,#2546,.F.);
#3245=ORIENTED_EDGE('',*,*,#2550,.F.);
#3246=ORIENTED_EDGE('',*,*,#2553,.F.);
#3247=ORIENTED_EDGE('',*,*,#2556,.F.);
#3248=ORIENTED_EDGE('',*,*,#2557,.F.);
#3249=ORIENTED_EDGE('',*,*,#2558,.F.);
#3250=ORIENTED_EDGE('',*,*,#2559,.F.);
#3251=ORIENTED_EDGE('',*,*,#2560,.F.);
#3252=ORIENTED_EDGE('',*,*,#2561,.T.);
#3253=ORIENTED_EDGE('',*,*,#2562,.F.);
#3254=ORIENTED_EDGE('',*,*,#2563,.T.);
#3255=ORIENTED_EDGE('',*,*,#2564,.F.);
#3256=ORIENTED_EDGE('',*,*,#2515,.F.);
#3257=ORIENTED_EDGE('',*,*,#2565,.T.);
#3258=ORIENTED_EDGE('',*,*,#2556,.T.);
#3259=ORIENTED_EDGE('',*,*,#2566,.F.);
#3260=ORIENTED_EDGE('',*,*,#2567,.F.);
#3261=ORIENTED_EDGE('',*,*,#2568,.T.);
#3262=ORIENTED_EDGE('',*,*,#2569,.T.);
#3263=ORIENTED_EDGE('',*,*,#2570,.T.);
#3264=ORIENTED_EDGE('',*,*,#2571,.T.);
#3265=ORIENTED_EDGE('',*,*,#2572,.T.);
#3266=ORIENTED_EDGE('',*,*,#2517,.F.);
#3267=ORIENTED_EDGE('',*,*,#2573,.T.);
#3268=ORIENTED_EDGE('',*,*,#2570,.F.);
#3269=ORIENTED_EDGE('',*,*,#2574,.F.);
#3270=ORIENTED_EDGE('',*,*,#2508,.F.);
#3271=ORIENTED_EDGE('',*,*,#2574,.T.);
#3272=ORIENTED_EDGE('',*,*,#2569,.F.);
#3273=ORIENTED_EDGE('',*,*,#2575,.F.);
#3274=ORIENTED_EDGE('',*,*,#2572,.F.);
#3275=ORIENTED_EDGE('',*,*,#2576,.F.);
#3276=ORIENTED_EDGE('',*,*,#2564,.T.);
#3277=ORIENTED_EDGE('',*,*,#2567,.T.);
#3278=ORIENTED_EDGE('',*,*,#2566,.T.);
#3279=ORIENTED_EDGE('',*,*,#2562,.T.);
#3280=ORIENTED_EDGE('',*,*,#2577,.F.);
#3281=ORIENTED_EDGE('',*,*,#2509,.F.);
#3282=ORIENTED_EDGE('',*,*,#2575,.T.);
#3283=ORIENTED_EDGE('',*,*,#2568,.F.);
#3284=ORIENTED_EDGE('',*,*,#2544,.T.);
#3285=ORIENTED_EDGE('',*,*,#2554,.T.);
#3286=ORIENTED_EDGE('',*,*,#2551,.T.);
#3287=ORIENTED_EDGE('',*,*,#2548,.T.);
#3288=ORIENTED_EDGE('',*,*,#2516,.F.);
#3289=ORIENTED_EDGE('',*,*,#2576,.T.);
#3290=ORIENTED_EDGE('',*,*,#2571,.F.);
#3291=ORIENTED_EDGE('',*,*,#2573,.F.);
#3292=ORIENTED_EDGE('',*,*,#2578,.F.);
#3293=ORIENTED_EDGE('',*,*,#2579,.F.);
#3294=ORIENTED_EDGE('',*,*,#2511,.F.);
#3295=ORIENTED_EDGE('',*,*,#2580,.T.);
#3296=ORIENTED_EDGE('',*,*,#2581,.T.);
#3297=ORIENTED_EDGE('',*,*,#2582,.T.);
#3298=ORIENTED_EDGE('',*,*,#2583,.T.);
#3299=ORIENTED_EDGE('',*,*,#2584,.T.);
#3300=ORIENTED_EDGE('',*,*,#2585,.T.);
#3301=ORIENTED_EDGE('',*,*,#2586,.T.);
#3302=ORIENTED_EDGE('',*,*,#2587,.T.);
#3303=ORIENTED_EDGE('',*,*,#2588,.T.);
#3304=ORIENTED_EDGE('',*,*,#2589,.T.);
#3305=ORIENTED_EDGE('',*,*,#2590,.T.);
#3306=ORIENTED_EDGE('',*,*,#2591,.T.);
#3307=ORIENTED_EDGE('',*,*,#2592,.F.);
#3308=ORIENTED_EDGE('',*,*,#2593,.T.);
#3309=ORIENTED_EDGE('',*,*,#2594,.T.);
#3310=ORIENTED_EDGE('',*,*,#2595,.T.);
#3311=ORIENTED_EDGE('',*,*,#2596,.T.);
#3312=ORIENTED_EDGE('',*,*,#2597,.T.);
#3313=ORIENTED_EDGE('',*,*,#2598,.T.);
#3314=ORIENTED_EDGE('',*,*,#2599,.T.);
#3315=ORIENTED_EDGE('',*,*,#2600,.T.);
#3316=ORIENTED_EDGE('',*,*,#2540,.F.);
#3317=ORIENTED_EDGE('',*,*,#2601,.F.);
#3318=ORIENTED_EDGE('',*,*,#2602,.T.);
#3319=ORIENTED_EDGE('',*,*,#2603,.F.);
#3320=ORIENTED_EDGE('',*,*,#2604,.F.);
#3321=ORIENTED_EDGE('',*,*,#2605,.T.);
#3322=ORIENTED_EDGE('',*,*,#2541,.F.);
#3323=ORIENTED_EDGE('',*,*,#2606,.T.);
#3324=ORIENTED_EDGE('',*,*,#2607,.T.);
#3325=ORIENTED_EDGE('',*,*,#2608,.T.);
#3326=ORIENTED_EDGE('',*,*,#2609,.T.);
#3327=ORIENTED_EDGE('',*,*,#2610,.T.);
#3328=ORIENTED_EDGE('',*,*,#2611,.T.);
#3329=ORIENTED_EDGE('',*,*,#2612,.T.);
#3330=ORIENTED_EDGE('',*,*,#2613,.T.);
#3331=ORIENTED_EDGE('',*,*,#2614,.F.);
#3332=ORIENTED_EDGE('',*,*,#2615,.T.);
#3333=ORIENTED_EDGE('',*,*,#2616,.T.);
#3334=ORIENTED_EDGE('',*,*,#2578,.T.);
#3335=ORIENTED_EDGE('',*,*,#2617,.T.);
#3336=ORIENTED_EDGE('',*,*,#2618,.T.);
#3337=ORIENTED_EDGE('',*,*,#2619,.T.);
#3338=ORIENTED_EDGE('',*,*,#2620,.T.);
#3339=ORIENTED_EDGE('',*,*,#2621,.F.);
#3340=ORIENTED_EDGE('',*,*,#2622,.F.);
#3341=ORIENTED_EDGE('',*,*,#2505,.T.);
#3342=ORIENTED_EDGE('',*,*,#2623,.F.);
#3343=ORIENTED_EDGE('',*,*,#2624,.F.);
#3344=ORIENTED_EDGE('',*,*,#2625,.F.);
#3345=ORIENTED_EDGE('',*,*,#2626,.F.);
#3346=ORIENTED_EDGE('',*,*,#2627,.F.);
#3347=ORIENTED_EDGE('',*,*,#2626,.T.);
#3348=ORIENTED_EDGE('',*,*,#2628,.T.);
#3349=ORIENTED_EDGE('',*,*,#2629,.T.);
#3350=ORIENTED_EDGE('',*,*,#2630,.T.);
#3351=ORIENTED_EDGE('',*,*,#2625,.T.);
#3352=ORIENTED_EDGE('',*,*,#2631,.F.);
#3353=ORIENTED_EDGE('',*,*,#2632,.T.);
#3354=ORIENTED_EDGE('',*,*,#2628,.F.);
#3355=ORIENTED_EDGE('',*,*,#2633,.F.);
#3356=ORIENTED_EDGE('',*,*,#2629,.F.);
#3357=ORIENTED_EDGE('',*,*,#2632,.F.);
#3358=ORIENTED_EDGE('',*,*,#2634,.F.);
#3359=ORIENTED_EDGE('',*,*,#2507,.F.);
#3360=ORIENTED_EDGE('',*,*,#2635,.T.);
#3361=ORIENTED_EDGE('',*,*,#2636,.F.);
#3362=ORIENTED_EDGE('',*,*,#2637,.F.);
#3363=ORIENTED_EDGE('',*,*,#2638,.F.);
#3364=ORIENTED_EDGE('',*,*,#2639,.F.);
#3365=ORIENTED_EDGE('',*,*,#2640,.T.);
#3366=ORIENTED_EDGE('',*,*,#2641,.F.);
#3367=ORIENTED_EDGE('',*,*,#2640,.F.);
#3368=ORIENTED_EDGE('',*,*,#2639,.T.);
#3369=ORIENTED_EDGE('',*,*,#2642,.T.);
#3370=ORIENTED_EDGE('',*,*,#2643,.T.);
#3371=ORIENTED_EDGE('',*,*,#2644,.T.);
#3372=ORIENTED_EDGE('',*,*,#2645,.T.);
#3373=ORIENTED_EDGE('',*,*,#2646,.T.);
#3374=ORIENTED_EDGE('',*,*,#2647,.T.);
#3375=ORIENTED_EDGE('',*,*,#2648,.T.);
#3376=ORIENTED_EDGE('',*,*,#2649,.T.);
#3377=ORIENTED_EDGE('',*,*,#2650,.T.);
#3378=ORIENTED_EDGE('',*,*,#2651,.F.);
#3379=ORIENTED_EDGE('',*,*,#2648,.F.);
#3380=ORIENTED_EDGE('',*,*,#2652,.F.);
#3381=ORIENTED_EDGE('',*,*,#2653,.T.);
#3382=ORIENTED_EDGE('',*,*,#2466,.T.);
#3383=ORIENTED_EDGE('',*,*,#2654,.T.);
#3384=ORIENTED_EDGE('',*,*,#2603,.T.);
#3385=ORIENTED_EDGE('',*,*,#2655,.T.);
#3386=ORIENTED_EDGE('',*,*,#2470,.T.);
#3387=ORIENTED_EDGE('',*,*,#2656,.T.);
#3388=ORIENTED_EDGE('',*,*,#2657,.T.);
#3389=ORIENTED_EDGE('',*,*,#2646,.F.);
#3390=ORIENTED_EDGE('',*,*,#2658,.T.);
#3391=ORIENTED_EDGE('',*,*,#2659,.T.);
#3392=ORIENTED_EDGE('',*,*,#2641,.T.);
#3393=ORIENTED_EDGE('',*,*,#2503,.F.);
#3394=ORIENTED_EDGE('',*,*,#2660,.T.);
#3395=ORIENTED_EDGE('',*,*,#2620,.F.);
#3396=ORIENTED_EDGE('',*,*,#2660,.F.);
#3397=ORIENTED_EDGE('',*,*,#2502,.F.);
#3398=ORIENTED_EDGE('',*,*,#2661,.T.);
#3399=ORIENTED_EDGE('',*,*,#2619,.F.);
#3400=ORIENTED_EDGE('',*,*,#2661,.F.);
#3401=ORIENTED_EDGE('',*,*,#2662,.T.);
#3402=ORIENTED_EDGE('',*,*,#2663,.T.);
#3403=ORIENTED_EDGE('',*,*,#2664,.F.);
#3404=ORIENTED_EDGE('',*,*,#2665,.F.);
#3405=ORIENTED_EDGE('',*,*,#2666,.T.);
#3406=ORIENTED_EDGE('',*,*,#2667,.T.);
#3407=ORIENTED_EDGE('',*,*,#2664,.T.);
#3408=ORIENTED_EDGE('',*,*,#2668,.T.);
#3409=ORIENTED_EDGE('',*,*,#2669,.F.);
#3410=ORIENTED_EDGE('',*,*,#2670,.F.);
#3411=ORIENTED_EDGE('',*,*,#2662,.F.);
#3412=ORIENTED_EDGE('',*,*,#2671,.F.);
#3413=ORIENTED_EDGE('',*,*,#2672,.T.);
#3414=ORIENTED_EDGE('',*,*,#2673,.T.);
#3415=ORIENTED_EDGE('',*,*,#2674,.T.);
#3416=ORIENTED_EDGE('',*,*,#2675,.T.);
#3417=ORIENTED_EDGE('',*,*,#2676,.F.);
#3418=ORIENTED_EDGE('',*,*,#2677,.F.);
#3419=ORIENTED_EDGE('',*,*,#2678,.F.);
#3420=ORIENTED_EDGE('',*,*,#2679,.T.);
#3421=ORIENTED_EDGE('',*,*,#2680,.T.);
#3422=ORIENTED_EDGE('',*,*,#2676,.T.);
#3423=ORIENTED_EDGE('',*,*,#2681,.T.);
#3424=ORIENTED_EDGE('',*,*,#2682,.F.);
#3425=ORIENTED_EDGE('',*,*,#2683,.F.);
#3426=ORIENTED_EDGE('',*,*,#2684,.F.);
#3427=ORIENTED_EDGE('',*,*,#2685,.T.);
#3428=ORIENTED_EDGE('',*,*,#2686,.T.);
#3429=ORIENTED_EDGE('',*,*,#2687,.T.);
#3430=ORIENTED_EDGE('',*,*,#2688,.F.);
#3431=ORIENTED_EDGE('',*,*,#2689,.F.);
#3432=ORIENTED_EDGE('',*,*,#2690,.F.);
#3433=ORIENTED_EDGE('',*,*,#2691,.T.);
#3434=ORIENTED_EDGE('',*,*,#2692,.T.);
#3435=ORIENTED_EDGE('',*,*,#2693,.T.);
#3436=ORIENTED_EDGE('',*,*,#2694,.T.);
#3437=ORIENTED_EDGE('',*,*,#2695,.T.);
#3438=ORIENTED_EDGE('',*,*,#2696,.T.);
#3439=ORIENTED_EDGE('',*,*,#2697,.T.);
#3440=ORIENTED_EDGE('',*,*,#2698,.T.);
#3441=ORIENTED_EDGE('',*,*,#2699,.T.);
#3442=ORIENTED_EDGE('',*,*,#2700,.T.);
#3443=ORIENTED_EDGE('',*,*,#2701,.T.);
#3444=ORIENTED_EDGE('',*,*,#2702,.T.);
#3445=ORIENTED_EDGE('',*,*,#2682,.T.);
#3446=ORIENTED_EDGE('',*,*,#2703,.T.);
#3447=ORIENTED_EDGE('',*,*,#2704,.F.);
#3448=ORIENTED_EDGE('',*,*,#2705,.F.);
#3449=ORIENTED_EDGE('',*,*,#2690,.T.);
#3450=ORIENTED_EDGE('',*,*,#2706,.T.);
#3451=ORIENTED_EDGE('',*,*,#2707,.F.);
#3452=ORIENTED_EDGE('',*,*,#2708,.T.);
#3453=ORIENTED_EDGE('',*,*,#2689,.T.);
#3454=ORIENTED_EDGE('',*,*,#2709,.T.);
#3455=ORIENTED_EDGE('',*,*,#2710,.F.);
#3456=ORIENTED_EDGE('',*,*,#2706,.F.);
#3457=ORIENTED_EDGE('',*,*,#2711,.F.);
#3458=ORIENTED_EDGE('',*,*,#2712,.T.);
#3459=ORIENTED_EDGE('',*,*,#2713,.T.);
#3460=ORIENTED_EDGE('',*,*,#2714,.T.);
#3461=ORIENTED_EDGE('',*,*,#2715,.T.);
#3462=ORIENTED_EDGE('',*,*,#2671,.T.);
#3463=ORIENTED_EDGE('',*,*,#2665,.T.);
#3464=ORIENTED_EDGE('',*,*,#2667,.F.);
#3465=ORIENTED_EDGE('',*,*,#2716,.F.);
#3466=ORIENTED_EDGE('',*,*,#2674,.F.);
#3467=ORIENTED_EDGE('',*,*,#2717,.T.);
#3468=ORIENTED_EDGE('',*,*,#2718,.T.);
#3469=ORIENTED_EDGE('',*,*,#2719,.T.);
#3470=ORIENTED_EDGE('',*,*,#2704,.T.);
#3471=ORIENTED_EDGE('',*,*,#2720,.T.);
#3472=ORIENTED_EDGE('',*,*,#2721,.T.);
#3473=ORIENTED_EDGE('',*,*,#2722,.T.);
#3474=ORIENTED_EDGE('',*,*,#2707,.T.);
#3475=ORIENTED_EDGE('',*,*,#2710,.T.);
#3476=ORIENTED_EDGE('',*,*,#2723,.T.);
#3477=ORIENTED_EDGE('',*,*,#2724,.T.);
#3478=ORIENTED_EDGE('',*,*,#2725,.F.);
#3479=ORIENTED_EDGE('',*,*,#2726,.T.);
#3480=ORIENTED_EDGE('',*,*,#2727,.T.);
#3481=ORIENTED_EDGE('',*,*,#2583,.F.);
#3482=ORIENTED_EDGE('',*,*,#2728,.F.);
#3483=ORIENTED_EDGE('',*,*,#2729,.F.);
#3484=ORIENTED_EDGE('',*,*,#2683,.T.);
#3485=ORIENTED_EDGE('',*,*,#2705,.T.);
#3486=ORIENTED_EDGE('',*,*,#2719,.F.);
#3487=ORIENTED_EDGE('',*,*,#2730,.T.);
#3488=ORIENTED_EDGE('',*,*,#2731,.F.);
#3489=ORIENTED_EDGE('',*,*,#2714,.F.);
#3490=ORIENTED_EDGE('',*,*,#2732,.F.);
#3491=ORIENTED_EDGE('',*,*,#2733,.F.);
#3492=ORIENTED_EDGE('',*,*,#2590,.F.);
#3493=ORIENTED_EDGE('',*,*,#2734,.F.);
#3494=ORIENTED_EDGE('',*,*,#2732,.T.);
#3495=ORIENTED_EDGE('',*,*,#2713,.F.);
#3496=ORIENTED_EDGE('',*,*,#2735,.F.);
#3497=ORIENTED_EDGE('',*,*,#2729,.T.);
#3498=ORIENTED_EDGE('',*,*,#2736,.T.);
#3499=ORIENTED_EDGE('',*,*,#2737,.T.);
#3500=ORIENTED_EDGE('',*,*,#2738,.F.);
#3501=ORIENTED_EDGE('',*,*,#2739,.T.);
#3502=ORIENTED_EDGE('',*,*,#2740,.F.);
#3503=ORIENTED_EDGE('',*,*,#2741,.F.);
#3504=ORIENTED_EDGE('',*,*,#2742,.F.);
#3505=ORIENTED_EDGE('',*,*,#2743,.F.);
#3506=ORIENTED_EDGE('',*,*,#2744,.F.);
#3507=ORIENTED_EDGE('',*,*,#2745,.T.);
#3508=ORIENTED_EDGE('',*,*,#2746,.F.);
#3509=ORIENTED_EDGE('',*,*,#2747,.T.);
#3510=ORIENTED_EDGE('',*,*,#2748,.F.);
#3511=ORIENTED_EDGE('',*,*,#2749,.T.);
#3512=ORIENTED_EDGE('',*,*,#2584,.F.);
#3513=ORIENTED_EDGE('',*,*,#2727,.F.);
#3514=ORIENTED_EDGE('',*,*,#2735,.T.);
#3515=ORIENTED_EDGE('',*,*,#2712,.F.);
#3516=ORIENTED_EDGE('',*,*,#2750,.F.);
#3517=ORIENTED_EDGE('',*,*,#2751,.F.);
#3518=ORIENTED_EDGE('',*,*,#2752,.T.);
#3519=ORIENTED_EDGE('',*,*,#2693,.F.);
#3520=ORIENTED_EDGE('',*,*,#2752,.F.);
#3521=ORIENTED_EDGE('',*,*,#2753,.F.);
#3522=ORIENTED_EDGE('',*,*,#2754,.T.);
#3523=ORIENTED_EDGE('',*,*,#2694,.F.);
#3524=ORIENTED_EDGE('',*,*,#2754,.F.);
#3525=ORIENTED_EDGE('',*,*,#2755,.F.);
#3526=ORIENTED_EDGE('',*,*,#2756,.T.);
#3527=ORIENTED_EDGE('',*,*,#2691,.F.);
#3528=ORIENTED_EDGE('',*,*,#2756,.F.);
#3529=ORIENTED_EDGE('',*,*,#2757,.F.);
#3530=ORIENTED_EDGE('',*,*,#2750,.T.);
#3531=ORIENTED_EDGE('',*,*,#2692,.F.);
#3532=ORIENTED_EDGE('',*,*,#2758,.F.);
#3533=ORIENTED_EDGE('',*,*,#2759,.T.);
#3534=ORIENTED_EDGE('',*,*,#2700,.F.);
#3535=ORIENTED_EDGE('',*,*,#2759,.F.);
#3536=ORIENTED_EDGE('',*,*,#2760,.F.);
#3537=ORIENTED_EDGE('',*,*,#2761,.T.);
#3538=ORIENTED_EDGE('',*,*,#2701,.F.);
#3539=ORIENTED_EDGE('',*,*,#2761,.F.);
#3540=ORIENTED_EDGE('',*,*,#2762,.F.);
#3541=ORIENTED_EDGE('',*,*,#2763,.T.);
#3542=ORIENTED_EDGE('',*,*,#2699,.F.);
#3543=ORIENTED_EDGE('',*,*,#2763,.F.);
#3544=ORIENTED_EDGE('',*,*,#2764,.F.);
#3545=ORIENTED_EDGE('',*,*,#2765,.T.);
#3546=ORIENTED_EDGE('',*,*,#2702,.F.);
#3547=ORIENTED_EDGE('',*,*,#2765,.F.);
#3548=ORIENTED_EDGE('',*,*,#2766,.F.);
#3549=ORIENTED_EDGE('',*,*,#2767,.F.);
#3550=ORIENTED_EDGE('',*,*,#2768,.F.);
#3551=ORIENTED_EDGE('',*,*,#2686,.F.);
#3552=ORIENTED_EDGE('',*,*,#2684,.T.);
#3553=ORIENTED_EDGE('',*,*,#2730,.F.);
#3554=ORIENTED_EDGE('',*,*,#2723,.F.);
#3555=ORIENTED_EDGE('',*,*,#2709,.F.);
#3556=ORIENTED_EDGE('',*,*,#2688,.T.);
#3557=ORIENTED_EDGE('',*,*,#2769,.T.);
#3558=ORIENTED_EDGE('',*,*,#2725,.T.);
#3559=ORIENTED_EDGE('',*,*,#2770,.T.);
#3560=ORIENTED_EDGE('',*,*,#2724,.F.);
#3561=ORIENTED_EDGE('',*,*,#2771,.T.);
#3562=ORIENTED_EDGE('',*,*,#2772,.F.);
#3563=ORIENTED_EDGE('',*,*,#2766,.T.);
#3564=ORIENTED_EDGE('',*,*,#2685,.F.);
#3565=ORIENTED_EDGE('',*,*,#2770,.F.);
#3566=ORIENTED_EDGE('',*,*,#2768,.T.);
#3567=ORIENTED_EDGE('',*,*,#2773,.F.);
#3568=ORIENTED_EDGE('',*,*,#2771,.F.);
#3569=ORIENTED_EDGE('',*,*,#2726,.F.);
#3570=ORIENTED_EDGE('',*,*,#2769,.F.);
#3571=ORIENTED_EDGE('',*,*,#2687,.F.);
#3572=ORIENTED_EDGE('',*,*,#2622,.T.);
#3573=ORIENTED_EDGE('',*,*,#2774,.T.);
#3574=ORIENTED_EDGE('',*,*,#2635,.F.);
#3575=ORIENTED_EDGE('',*,*,#2506,.F.);
#3576=ORIENTED_EDGE('',*,*,#2621,.T.);
#3577=ORIENTED_EDGE('',*,*,#2775,.F.);
#3578=ORIENTED_EDGE('',*,*,#2636,.T.);
#3579=ORIENTED_EDGE('',*,*,#2774,.F.);
#3580=ORIENTED_EDGE('',*,*,#2624,.T.);
#3581=ORIENTED_EDGE('',*,*,#2776,.T.);
#3582=ORIENTED_EDGE('',*,*,#2634,.T.);
#3583=ORIENTED_EDGE('',*,*,#2631,.T.);
#3584=ORIENTED_EDGE('',*,*,#2627,.T.);
#3585=ORIENTED_EDGE('',*,*,#2630,.F.);
#3586=ORIENTED_EDGE('',*,*,#2633,.T.);
#3587=ORIENTED_EDGE('',*,*,#2776,.F.);
#3588=ORIENTED_EDGE('',*,*,#2748,.T.);
#3589=ORIENTED_EDGE('',*,*,#2711,.T.);
#3590=ORIENTED_EDGE('',*,*,#2673,.F.);
#3591=ORIENTED_EDGE('',*,*,#2777,.F.);
#3592=ORIENTED_EDGE('',*,*,#2731,.T.);
#3593=ORIENTED_EDGE('',*,*,#2778,.T.);
#3594=ORIENTED_EDGE('',*,*,#2669,.T.);
#3595=ORIENTED_EDGE('',*,*,#2715,.F.);
#3596=ORIENTED_EDGE('',*,*,#2779,.T.);
#3597=ORIENTED_EDGE('',*,*,#2643,.F.);
#3598=ORIENTED_EDGE('',*,*,#2657,.F.);
#3599=ORIENTED_EDGE('',*,*,#2780,.F.);
#3600=ORIENTED_EDGE('',*,*,#2781,.F.);
#3601=ORIENTED_EDGE('',*,*,#2782,.F.);
#3602=ORIENTED_EDGE('',*,*,#2652,.T.);
#3603=ORIENTED_EDGE('',*,*,#2647,.F.);
#3604=ORIENTED_EDGE('',*,*,#2783,.F.);
#3605=ORIENTED_EDGE('',*,*,#2649,.F.);
#3606=ORIENTED_EDGE('',*,*,#2651,.T.);
#3607=ORIENTED_EDGE('',*,*,#2645,.F.);
#3608=ORIENTED_EDGE('',*,*,#2784,.F.);
#3609=ORIENTED_EDGE('',*,*,#2675,.F.);
#3610=ORIENTED_EDGE('',*,*,#2716,.T.);
#3611=ORIENTED_EDGE('',*,*,#2666,.F.);
#3612=ORIENTED_EDGE('',*,*,#2728,.T.);
#3613=ORIENTED_EDGE('',*,*,#2582,.F.);
#3614=ORIENTED_EDGE('',*,*,#2785,.T.);
#3615=ORIENTED_EDGE('',*,*,#2736,.F.);
#3616=ORIENTED_EDGE('',*,*,#2581,.F.);
#3617=ORIENTED_EDGE('',*,*,#2786,.F.);
#3618=ORIENTED_EDGE('',*,*,#2737,.F.);
#3619=ORIENTED_EDGE('',*,*,#2785,.F.);
#3620=ORIENTED_EDGE('',*,*,#2786,.T.);
#3621=ORIENTED_EDGE('',*,*,#2614,.T.);
#3622=ORIENTED_EDGE('',*,*,#2787,.T.);
#3623=ORIENTED_EDGE('',*,*,#2738,.T.);
#3624=ORIENTED_EDGE('',*,*,#2739,.F.);
#3625=ORIENTED_EDGE('',*,*,#2787,.F.);
#3626=ORIENTED_EDGE('',*,*,#2613,.F.);
#3627=ORIENTED_EDGE('',*,*,#2788,.F.);
#3628=ORIENTED_EDGE('',*,*,#2745,.F.);
#3629=ORIENTED_EDGE('',*,*,#2789,.F.);
#3630=ORIENTED_EDGE('',*,*,#2593,.F.);
#3631=ORIENTED_EDGE('',*,*,#2790,.F.);
#3632=ORIENTED_EDGE('',*,*,#2791,.T.);
#3633=ORIENTED_EDGE('',*,*,#2746,.T.);
#3634=ORIENTED_EDGE('',*,*,#2790,.T.);
#3635=ORIENTED_EDGE('',*,*,#2592,.T.);
#3636=ORIENTED_EDGE('',*,*,#2792,.F.);
#3637=ORIENTED_EDGE('',*,*,#2587,.F.);
#3638=ORIENTED_EDGE('',*,*,#2793,.F.);
#3639=ORIENTED_EDGE('',*,*,#2794,.F.);
#3640=ORIENTED_EDGE('',*,*,#2794,.T.);
#3641=ORIENTED_EDGE('',*,*,#2795,.T.);
#3642=ORIENTED_EDGE('',*,*,#2796,.F.);
#3643=ORIENTED_EDGE('',*,*,#2797,.F.);
#3644=ORIENTED_EDGE('',*,*,#2798,.F.);
#3645=ORIENTED_EDGE('',*,*,#2799,.T.);
#3646=ORIENTED_EDGE('',*,*,#2800,.T.);
#3647=ORIENTED_EDGE('',*,*,#2793,.T.);
#3648=ORIENTED_EDGE('',*,*,#2586,.F.);
#3649=ORIENTED_EDGE('',*,*,#2801,.T.);
#3650=ORIENTED_EDGE('',*,*,#2795,.F.);
#3651=ORIENTED_EDGE('',*,*,#2800,.F.);
#3652=ORIENTED_EDGE('',*,*,#2802,.T.);
#3653=ORIENTED_EDGE('',*,*,#2615,.F.);
#3654=ORIENTED_EDGE('',*,*,#2802,.F.);
#3655=ORIENTED_EDGE('',*,*,#2803,.F.);
#3656=ORIENTED_EDGE('',*,*,#2804,.F.);
#3657=ORIENTED_EDGE('',*,*,#2720,.F.);
#3658=ORIENTED_EDGE('',*,*,#2703,.F.);
#3659=ORIENTED_EDGE('',*,*,#2681,.F.);
#3660=ORIENTED_EDGE('',*,*,#2679,.F.);
#3661=ORIENTED_EDGE('',*,*,#2805,.F.);
#3662=ORIENTED_EDGE('',*,*,#2677,.T.);
#3663=ORIENTED_EDGE('',*,*,#2680,.F.);
#3664=ORIENTED_EDGE('',*,*,#2708,.F.);
#3665=ORIENTED_EDGE('',*,*,#2722,.F.);
#3666=ORIENTED_EDGE('',*,*,#2806,.T.);
#3667=ORIENTED_EDGE('',*,*,#2805,.T.);
#3668=ORIENTED_EDGE('',*,*,#2796,.T.);
#3669=ORIENTED_EDGE('',*,*,#2801,.F.);
#3670=ORIENTED_EDGE('',*,*,#2585,.F.);
#3671=ORIENTED_EDGE('',*,*,#2749,.F.);
#3672=ORIENTED_EDGE('',*,*,#2777,.T.);
#3673=ORIENTED_EDGE('',*,*,#2672,.F.);
#3674=ORIENTED_EDGE('',*,*,#2784,.T.);
#3675=ORIENTED_EDGE('',*,*,#2668,.F.);
#3676=ORIENTED_EDGE('',*,*,#2663,.F.);
#3677=ORIENTED_EDGE('',*,*,#2670,.T.);
#3678=ORIENTED_EDGE('',*,*,#2778,.F.);
#3679=ORIENTED_EDGE('',*,*,#2734,.T.);
#3680=ORIENTED_EDGE('',*,*,#2589,.F.);
#3681=ORIENTED_EDGE('',*,*,#2807,.T.);
#3682=ORIENTED_EDGE('',*,*,#2798,.T.);
#3683=ORIENTED_EDGE('',*,*,#2803,.T.);
#3684=ORIENTED_EDGE('',*,*,#2678,.T.);
#3685=ORIENTED_EDGE('',*,*,#2755,.T.);
#3686=ORIENTED_EDGE('',*,*,#2753,.T.);
#3687=ORIENTED_EDGE('',*,*,#2751,.T.);
#3688=ORIENTED_EDGE('',*,*,#2757,.T.);
#3689=ORIENTED_EDGE('',*,*,#2758,.T.);
#3690=ORIENTED_EDGE('',*,*,#2760,.T.);
#3691=ORIENTED_EDGE('',*,*,#2762,.T.);
#3692=ORIENTED_EDGE('',*,*,#2764,.T.);
#3693=ORIENTED_EDGE('',*,*,#2772,.T.);
#3694=ORIENTED_EDGE('',*,*,#2773,.T.);
#3695=ORIENTED_EDGE('',*,*,#2767,.T.);
#3696=ORIENTED_EDGE('',*,*,#2808,.T.);
#3697=ORIENTED_EDGE('',*,*,#2809,.T.);
#3698=ORIENTED_EDGE('',*,*,#2810,.T.);
#3699=ORIENTED_EDGE('',*,*,#2811,.T.);
#3700=ORIENTED_EDGE('',*,*,#2812,.T.);
#3701=ORIENTED_EDGE('',*,*,#2813,.T.);
#3702=ORIENTED_EDGE('',*,*,#2804,.T.);
#3703=ORIENTED_EDGE('',*,*,#2797,.T.);
#3704=ORIENTED_EDGE('',*,*,#2806,.F.);
#3705=ORIENTED_EDGE('',*,*,#2721,.F.);
#3706=ORIENTED_EDGE('',*,*,#2792,.T.);
#3707=ORIENTED_EDGE('',*,*,#2799,.F.);
#3708=ORIENTED_EDGE('',*,*,#2807,.F.);
#3709=ORIENTED_EDGE('',*,*,#2588,.F.);
#3710=ORIENTED_EDGE('',*,*,#2733,.T.);
#3711=ORIENTED_EDGE('',*,*,#2747,.F.);
#3712=ORIENTED_EDGE('',*,*,#2791,.F.);
#3713=ORIENTED_EDGE('',*,*,#2591,.F.);
#3714=ORIENTED_EDGE('',*,*,#2744,.T.);
#3715=ORIENTED_EDGE('',*,*,#2814,.T.);
#3716=ORIENTED_EDGE('',*,*,#2815,.T.);
#3717=ORIENTED_EDGE('',*,*,#2816,.T.);
#3718=ORIENTED_EDGE('',*,*,#2817,.T.);
#3719=ORIENTED_EDGE('',*,*,#2818,.T.);
#3720=ORIENTED_EDGE('',*,*,#2819,.T.);
#3721=ORIENTED_EDGE('',*,*,#2820,.T.);
#3722=ORIENTED_EDGE('',*,*,#2821,.T.);
#3723=ORIENTED_EDGE('',*,*,#2822,.T.);
#3724=ORIENTED_EDGE('',*,*,#2823,.T.);
#3725=ORIENTED_EDGE('',*,*,#2824,.T.);
#3726=ORIENTED_EDGE('',*,*,#2484,.F.);
#3727=ORIENTED_EDGE('',*,*,#2825,.T.);
#3728=ORIENTED_EDGE('',*,*,#2594,.F.);
#3729=ORIENTED_EDGE('',*,*,#2789,.T.);
#3730=ORIENTED_EDGE('',*,*,#2788,.T.);
#3731=ORIENTED_EDGE('',*,*,#2612,.F.);
#3732=ORIENTED_EDGE('',*,*,#2826,.F.);
#3733=ORIENTED_EDGE('',*,*,#2495,.F.);
#3734=ORIENTED_EDGE('',*,*,#2827,.T.);
#3735=ORIENTED_EDGE('',*,*,#2828,.T.);
#3736=ORIENTED_EDGE('',*,*,#2829,.T.);
#3737=ORIENTED_EDGE('',*,*,#2830,.T.);
#3738=ORIENTED_EDGE('',*,*,#2831,.T.);
#3739=ORIENTED_EDGE('',*,*,#2832,.T.);
#3740=ORIENTED_EDGE('',*,*,#2833,.F.);
#3741=ORIENTED_EDGE('',*,*,#2834,.T.);
#3742=ORIENTED_EDGE('',*,*,#2835,.T.);
#3743=ORIENTED_EDGE('',*,*,#2836,.T.);
#3744=ORIENTED_EDGE('',*,*,#2837,.T.);
#3745=ORIENTED_EDGE('',*,*,#2740,.T.);
#3746=ORIENTED_EDGE('',*,*,#2838,.T.);
#3747=ORIENTED_EDGE('',*,*,#2810,.F.);
#3748=ORIENTED_EDGE('',*,*,#2839,.T.);
#3749=ORIENTED_EDGE('',*,*,#2698,.F.);
#3750=ORIENTED_EDGE('',*,*,#2840,.T.);
#3751=ORIENTED_EDGE('',*,*,#2812,.F.);
#3752=ORIENTED_EDGE('',*,*,#2841,.T.);
#3753=ORIENTED_EDGE('',*,*,#2696,.F.);
#3754=ORIENTED_EDGE('',*,*,#2623,.T.);
#3755=ORIENTED_EDGE('',*,*,#2504,.F.);
#3756=ORIENTED_EDGE('',*,*,#2637,.T.);
#3757=ORIENTED_EDGE('',*,*,#2775,.T.);
#3758=ORIENTED_EDGE('',*,*,#2616,.F.);
#3759=ORIENTED_EDGE('',*,*,#2842,.F.);
#3760=ORIENTED_EDGE('',*,*,#2559,.T.);
#3761=ORIENTED_EDGE('',*,*,#2843,.F.);
#3762=ORIENTED_EDGE('',*,*,#2512,.F.);
#3763=ORIENTED_EDGE('',*,*,#2579,.T.);
#3764=ORIENTED_EDGE('',*,*,#2561,.F.);
#3765=ORIENTED_EDGE('',*,*,#2844,.T.);
#3766=ORIENTED_EDGE('',*,*,#2617,.F.);
#3767=ORIENTED_EDGE('',*,*,#2580,.F.);
#3768=ORIENTED_EDGE('',*,*,#2510,.F.);
#3769=ORIENTED_EDGE('',*,*,#2577,.T.);
#3770=ORIENTED_EDGE('',*,*,#2839,.F.);
#3771=ORIENTED_EDGE('',*,*,#2811,.F.);
#3772=ORIENTED_EDGE('',*,*,#2838,.F.);
#3773=ORIENTED_EDGE('',*,*,#2697,.F.);
#3774=ORIENTED_EDGE('',*,*,#2841,.F.);
#3775=ORIENTED_EDGE('',*,*,#2813,.F.);
#3776=ORIENTED_EDGE('',*,*,#2840,.F.);
#3777=ORIENTED_EDGE('',*,*,#2695,.F.);
#3778=ORIENTED_EDGE('',*,*,#2717,.F.);
#3779=ORIENTED_EDGE('',*,*,#2845,.T.);
#3780=ORIENTED_EDGE('',*,*,#2809,.F.);
#3781=ORIENTED_EDGE('',*,*,#2845,.F.);
#3782=ORIENTED_EDGE('',*,*,#2718,.F.);
#3783=ORIENTED_EDGE('',*,*,#2846,.T.);
#3784=ORIENTED_EDGE('',*,*,#2808,.F.);
#3785=ORIENTED_EDGE('',*,*,#2846,.F.);
#3786=ORIENTED_EDGE('',*,*,#2847,.F.);
#3787=ORIENTED_EDGE('',*,*,#2833,.T.);
#3788=ORIENTED_EDGE('',*,*,#2848,.F.);
#3789=ORIENTED_EDGE('',*,*,#2849,.F.);
#3790=ORIENTED_EDGE('',*,*,#2850,.F.);
#3791=ORIENTED_EDGE('',*,*,#2851,.T.);
#3792=ORIENTED_EDGE('',*,*,#2852,.F.);
#3793=ORIENTED_EDGE('',*,*,#2818,.F.);
#3794=ORIENTED_EDGE('',*,*,#2850,.T.);
#3795=ORIENTED_EDGE('',*,*,#2817,.F.);
#3796=ORIENTED_EDGE('',*,*,#2853,.F.);
#3797=ORIENTED_EDGE('',*,*,#2854,.T.);
#3798=ORIENTED_EDGE('',*,*,#2855,.F.);
#3799=ORIENTED_EDGE('',*,*,#2835,.F.);
#3800=ORIENTED_EDGE('',*,*,#2856,.T.);
#3801=ORIENTED_EDGE('',*,*,#2857,.F.);
#3802=ORIENTED_EDGE('',*,*,#2858,.F.);
#3803=ORIENTED_EDGE('',*,*,#2859,.F.);
#3804=ORIENTED_EDGE('',*,*,#2853,.T.);
#3805=ORIENTED_EDGE('',*,*,#2816,.F.);
#3806=ORIENTED_EDGE('',*,*,#2855,.T.);
#3807=ORIENTED_EDGE('',*,*,#2860,.T.);
#3808=ORIENTED_EDGE('',*,*,#2861,.T.);
#3809=ORIENTED_EDGE('',*,*,#2836,.F.);
#3810=ORIENTED_EDGE('',*,*,#2854,.F.);
#3811=ORIENTED_EDGE('',*,*,#2859,.T.);
#3812=ORIENTED_EDGE('',*,*,#2862,.F.);
#3813=ORIENTED_EDGE('',*,*,#2863,.F.);
#3814=ORIENTED_EDGE('',*,*,#2864,.T.);
#3815=ORIENTED_EDGE('',*,*,#2865,.T.);
#3816=ORIENTED_EDGE('',*,*,#2866,.F.);
#3817=ORIENTED_EDGE('',*,*,#2867,.F.);
#3818=ORIENTED_EDGE('',*,*,#2851,.F.);
#3819=ORIENTED_EDGE('',*,*,#2868,.F.);
#3820=ORIENTED_EDGE('',*,*,#2497,.F.);
#3821=ORIENTED_EDGE('',*,*,#2869,.F.);
#3822=ORIENTED_EDGE('',*,*,#2610,.F.);
#3823=ORIENTED_EDGE('',*,*,#2869,.T.);
#3824=ORIENTED_EDGE('',*,*,#2496,.F.);
#3825=ORIENTED_EDGE('',*,*,#2826,.T.);
#3826=ORIENTED_EDGE('',*,*,#2611,.F.);
#3827=ORIENTED_EDGE('',*,*,#2870,.F.);
#3828=ORIENTED_EDGE('',*,*,#2596,.F.);
#3829=ORIENTED_EDGE('',*,*,#2871,.F.);
#3830=ORIENTED_EDGE('',*,*,#2482,.F.);
#3831=ORIENTED_EDGE('',*,*,#2871,.T.);
#3832=ORIENTED_EDGE('',*,*,#2595,.F.);
#3833=ORIENTED_EDGE('',*,*,#2825,.F.);
#3834=ORIENTED_EDGE('',*,*,#2483,.F.);
#3835=ORIENTED_EDGE('',*,*,#2872,.F.);
#3836=ORIENTED_EDGE('',*,*,#2873,.T.);
#3837=ORIENTED_EDGE('',*,*,#2874,.T.);
#3838=ORIENTED_EDGE('',*,*,#2873,.F.);
#3839=ORIENTED_EDGE('',*,*,#2874,.F.);
#3840=ORIENTED_EDGE('',*,*,#2875,.F.);
#3841=ORIENTED_EDGE('',*,*,#2876,.T.);
#3842=ORIENTED_EDGE('',*,*,#2877,.F.);
#3843=ORIENTED_EDGE('',*,*,#2876,.F.);
#3844=ORIENTED_EDGE('',*,*,#2878,.T.);
#3845=ORIENTED_EDGE('',*,*,#2875,.T.);
#3846=ORIENTED_EDGE('',*,*,#2879,.T.);
#3847=ORIENTED_EDGE('',*,*,#2880,.T.);
#3848=ORIENTED_EDGE('',*,*,#2881,.F.);
#3849=ORIENTED_EDGE('',*,*,#2882,.F.);
#3850=ORIENTED_EDGE('',*,*,#2883,.F.);
#3851=ORIENTED_EDGE('',*,*,#2884,.T.);
#3852=ORIENTED_EDGE('',*,*,#2885,.T.);
#3853=ORIENTED_EDGE('',*,*,#2886,.F.);
#3854=ORIENTED_EDGE('',*,*,#2880,.F.);
#3855=ORIENTED_EDGE('',*,*,#2887,.F.);
#3856=ORIENTED_EDGE('',*,*,#2884,.F.);
#3857=ORIENTED_EDGE('',*,*,#2888,.F.);
#3858=ORIENTED_EDGE('',*,*,#2881,.T.);
#3859=ORIENTED_EDGE('',*,*,#2888,.T.);
#3860=ORIENTED_EDGE('',*,*,#2883,.T.);
#3861=ORIENTED_EDGE('',*,*,#2889,.T.);
#3862=ORIENTED_EDGE('',*,*,#2890,.T.);
#3863=ORIENTED_EDGE('',*,*,#2891,.T.);
#3864=ORIENTED_EDGE('',*,*,#2892,.T.);
#3865=ORIENTED_EDGE('',*,*,#2893,.F.);
#3866=ORIENTED_EDGE('',*,*,#2894,.T.);
#3867=ORIENTED_EDGE('',*,*,#2895,.T.);
#3868=ORIENTED_EDGE('',*,*,#2896,.F.);
#3869=ORIENTED_EDGE('',*,*,#2897,.T.);
#3870=ORIENTED_EDGE('',*,*,#2898,.T.);
#3871=ORIENTED_EDGE('',*,*,#2899,.F.);
#3872=ORIENTED_EDGE('',*,*,#2900,.F.);
#3873=ORIENTED_EDGE('',*,*,#2901,.F.);
#3874=ORIENTED_EDGE('',*,*,#2902,.T.);
#3875=ORIENTED_EDGE('',*,*,#2899,.T.);
#3876=ORIENTED_EDGE('',*,*,#2903,.T.);
#3877=ORIENTED_EDGE('',*,*,#2891,.F.);
#3878=ORIENTED_EDGE('',*,*,#2904,.T.);
#3879=ORIENTED_EDGE('',*,*,#2893,.T.);
#3880=ORIENTED_EDGE('',*,*,#2905,.T.);
#3881=ORIENTED_EDGE('',*,*,#2897,.F.);
#3882=ORIENTED_EDGE('',*,*,#2892,.F.);
#3883=ORIENTED_EDGE('',*,*,#2903,.F.);
#3884=ORIENTED_EDGE('',*,*,#2898,.F.);
#3885=ORIENTED_EDGE('',*,*,#2905,.F.);
#3886=ORIENTED_EDGE('',*,*,#2901,.T.);
#3887=ORIENTED_EDGE('',*,*,#2906,.F.);
#3888=ORIENTED_EDGE('',*,*,#2907,.F.);
#3889=ORIENTED_EDGE('',*,*,#2908,.F.);
#3890=ORIENTED_EDGE('',*,*,#2900,.T.);
#3891=ORIENTED_EDGE('',*,*,#2902,.F.);
#3892=ORIENTED_EDGE('',*,*,#2890,.F.);
#3893=ORIENTED_EDGE('',*,*,#2909,.F.);
#3894=ORIENTED_EDGE('',*,*,#2910,.F.);
#3895=ORIENTED_EDGE('',*,*,#2906,.T.);
#3896=ORIENTED_EDGE('',*,*,#2896,.T.);
#3897=ORIENTED_EDGE('',*,*,#2908,.T.);
#3898=ORIENTED_EDGE('',*,*,#2911,.F.);
#3899=ORIENTED_EDGE('',*,*,#2912,.F.);
#3900=ORIENTED_EDGE('',*,*,#2894,.F.);
#3901=ORIENTED_EDGE('',*,*,#2904,.F.);
#3902=ORIENTED_EDGE('',*,*,#2907,.T.);
#3903=ORIENTED_EDGE('',*,*,#2910,.T.);
#3904=ORIENTED_EDGE('',*,*,#2913,.F.);
#3905=ORIENTED_EDGE('',*,*,#2914,.T.);
#3906=ORIENTED_EDGE('',*,*,#2915,.T.);
#3907=ORIENTED_EDGE('',*,*,#2916,.F.);
#3908=ORIENTED_EDGE('',*,*,#2917,.F.);
#3909=ORIENTED_EDGE('',*,*,#2911,.T.);
#3910=ORIENTED_EDGE('',*,*,#2918,.F.);
#3911=ORIENTED_EDGE('',*,*,#2919,.T.);
#3912=ORIENTED_EDGE('',*,*,#2920,.T.);
#3913=ORIENTED_EDGE('',*,*,#2921,.F.);
#3914=ORIENTED_EDGE('',*,*,#2922,.F.);
#3915=ORIENTED_EDGE('',*,*,#2923,.T.);
#3916=ORIENTED_EDGE('',*,*,#2924,.T.);
#3917=ORIENTED_EDGE('',*,*,#2925,.F.);
#3918=ORIENTED_EDGE('',*,*,#2920,.F.);
#3919=ORIENTED_EDGE('',*,*,#2926,.T.);
#3920=ORIENTED_EDGE('',*,*,#2922,.T.);
#3921=ORIENTED_EDGE('',*,*,#2927,.F.);
#3922=ORIENTED_EDGE('',*,*,#2822,.F.);
#3923=ORIENTED_EDGE('',*,*,#2928,.T.);
#3924=ORIENTED_EDGE('',*,*,#2929,.T.);
#3925=ORIENTED_EDGE('',*,*,#2930,.T.);
#3926=ORIENTED_EDGE('',*,*,#2931,.T.);
#3927=ORIENTED_EDGE('',*,*,#2932,.F.);
#3928=ORIENTED_EDGE('',*,*,#2919,.F.);
#3929=ORIENTED_EDGE('',*,*,#2933,.F.);
#3930=ORIENTED_EDGE('',*,*,#2923,.F.);
#3931=ORIENTED_EDGE('',*,*,#2926,.F.);
#3932=ORIENTED_EDGE('',*,*,#2934,.F.);
#3933=ORIENTED_EDGE('',*,*,#2935,.F.);
#3934=ORIENTED_EDGE('',*,*,#2490,.T.);
#3935=ORIENTED_EDGE('',*,*,#2936,.F.);
#3936=ORIENTED_EDGE('',*,*,#2937,.F.);
#3937=ORIENTED_EDGE('',*,*,#2885,.F.);
#3938=ORIENTED_EDGE('',*,*,#2887,.T.);
#3939=ORIENTED_EDGE('',*,*,#2879,.F.);
#3940=ORIENTED_EDGE('',*,*,#2935,.T.);
#3941=ORIENTED_EDGE('',*,*,#2938,.F.);
#3942=ORIENTED_EDGE('',*,*,#2939,.T.);
#3943=ORIENTED_EDGE('',*,*,#2491,.T.);
#3944=ORIENTED_EDGE('',*,*,#2934,.T.);
#3945=ORIENTED_EDGE('',*,*,#2882,.T.);
#3946=ORIENTED_EDGE('',*,*,#2895,.F.);
#3947=ORIENTED_EDGE('',*,*,#2912,.T.);
#3948=ORIENTED_EDGE('',*,*,#2917,.T.);
#3949=ORIENTED_EDGE('',*,*,#2940,.T.);
#3950=ORIENTED_EDGE('',*,*,#2941,.T.);
#3951=ORIENTED_EDGE('',*,*,#2942,.F.);
#3952=ORIENTED_EDGE('',*,*,#2943,.T.);
#3953=ORIENTED_EDGE('',*,*,#2938,.T.);
#3954=ORIENTED_EDGE('',*,*,#2909,.T.);
#3955=ORIENTED_EDGE('',*,*,#2889,.F.);
#3956=ORIENTED_EDGE('',*,*,#2886,.T.);
#3957=ORIENTED_EDGE('',*,*,#2937,.T.);
#3958=ORIENTED_EDGE('',*,*,#2944,.T.);
#3959=ORIENTED_EDGE('',*,*,#2945,.T.);
#3960=ORIENTED_EDGE('',*,*,#2946,.F.);
#3961=ORIENTED_EDGE('',*,*,#2947,.T.);
#3962=ORIENTED_EDGE('',*,*,#2948,.T.);
#3963=ORIENTED_EDGE('',*,*,#2913,.T.);
#3964=ORIENTED_EDGE('',*,*,#2658,.F.);
#3965=ORIENTED_EDGE('',*,*,#2949,.T.);
#3966=ORIENTED_EDGE('',*,*,#2950,.F.);
#3967=ORIENTED_EDGE('',*,*,#2949,.F.);
#3968=ORIENTED_EDGE('',*,*,#2659,.F.);
#3969=ORIENTED_EDGE('',*,*,#2951,.T.);
#3970=ORIENTED_EDGE('',*,*,#2952,.F.);
#3971=ORIENTED_EDGE('',*,*,#2951,.F.);
#3972=ORIENTED_EDGE('',*,*,#2642,.F.);
#3973=ORIENTED_EDGE('',*,*,#2953,.T.);
#3974=ORIENTED_EDGE('',*,*,#2638,.T.);
#3975=ORIENTED_EDGE('',*,*,#2953,.F.);
#3976=ORIENTED_EDGE('',*,*,#2780,.T.);
#3977=ORIENTED_EDGE('',*,*,#2656,.F.);
#3978=ORIENTED_EDGE('',*,*,#2469,.T.);
#3979=ORIENTED_EDGE('',*,*,#2954,.F.);
#3980=ORIENTED_EDGE('',*,*,#2782,.T.);
#3981=ORIENTED_EDGE('',*,*,#2955,.F.);
#3982=ORIENTED_EDGE('',*,*,#2467,.T.);
#3983=ORIENTED_EDGE('',*,*,#2653,.F.);
#3984=ORIENTED_EDGE('',*,*,#2956,.F.);
#3985=ORIENTED_EDGE('',*,*,#2957,.F.);
#3986=ORIENTED_EDGE('',*,*,#2957,.T.);
#3987=ORIENTED_EDGE('',*,*,#2958,.T.);
#3988=ORIENTED_EDGE('',*,*,#2959,.T.);
#3989=ORIENTED_EDGE('',*,*,#2958,.F.);
#3990=ORIENTED_EDGE('',*,*,#2513,.F.);
#3991=ORIENTED_EDGE('',*,*,#2843,.T.);
#3992=ORIENTED_EDGE('',*,*,#2558,.T.);
#3993=ORIENTED_EDGE('',*,*,#2960,.F.);
#3994=ORIENTED_EDGE('',*,*,#2560,.T.);
#3995=ORIENTED_EDGE('',*,*,#2842,.T.);
#3996=ORIENTED_EDGE('',*,*,#2618,.F.);
#3997=ORIENTED_EDGE('',*,*,#2844,.F.);
#3998=ORIENTED_EDGE('',*,*,#2605,.F.);
#3999=ORIENTED_EDGE('',*,*,#2961,.T.);
#4000=ORIENTED_EDGE('',*,*,#2460,.T.);
#4001=ORIENTED_EDGE('',*,*,#2542,.F.);
#4002=ORIENTED_EDGE('',*,*,#2962,.T.);
#4003=ORIENTED_EDGE('',*,*,#2963,.F.);
#4004=ORIENTED_EDGE('',*,*,#2964,.F.);
#4005=ORIENTED_EDGE('',*,*,#2461,.F.);
#4006=ORIENTED_EDGE('',*,*,#2961,.F.);
#4007=ORIENTED_EDGE('',*,*,#2604,.T.);
#4008=ORIENTED_EDGE('',*,*,#2654,.F.);
#4009=ORIENTED_EDGE('',*,*,#2465,.F.);
#4010=ORIENTED_EDGE('',*,*,#2965,.T.);
#4011=ORIENTED_EDGE('',*,*,#2966,.F.);
#4012=ORIENTED_EDGE('',*,*,#2967,.T.);
#4013=ORIENTED_EDGE('',*,*,#2968,.T.);
#4014=ORIENTED_EDGE('',*,*,#2969,.T.);
#4015=ORIENTED_EDGE('',*,*,#2970,.F.);
#4016=ORIENTED_EDGE('',*,*,#2971,.F.);
#4017=ORIENTED_EDGE('',*,*,#2471,.T.);
#4018=ORIENTED_EDGE('',*,*,#2655,.F.);
#4019=ORIENTED_EDGE('',*,*,#2602,.F.);
#4020=ORIENTED_EDGE('',*,*,#2972,.T.);
#4021=ORIENTED_EDGE('',*,*,#2475,.F.);
#4022=ORIENTED_EDGE('',*,*,#2973,.T.);
#4023=ORIENTED_EDGE('',*,*,#2974,.F.);
#4024=ORIENTED_EDGE('',*,*,#2975,.T.);
#4025=ORIENTED_EDGE('',*,*,#2976,.T.);
#4026=ORIENTED_EDGE('',*,*,#2601,.T.);
#4027=ORIENTED_EDGE('',*,*,#2539,.F.);
#4028=ORIENTED_EDGE('',*,*,#2476,.F.);
#4029=ORIENTED_EDGE('',*,*,#2972,.F.);
#4030=ORIENTED_EDGE('',*,*,#2514,.F.);
#4031=ORIENTED_EDGE('',*,*,#2960,.T.);
#4032=ORIENTED_EDGE('',*,*,#2557,.T.);
#4033=ORIENTED_EDGE('',*,*,#2565,.F.);
#4034=ORIENTED_EDGE('',*,*,#2956,.T.);
#4035=ORIENTED_EDGE('',*,*,#2977,.T.);
#4036=ORIENTED_EDGE('',*,*,#2563,.F.);
#4037=ORIENTED_EDGE('',*,*,#2977,.F.);
#4038=ORIENTED_EDGE('',*,*,#2959,.F.);
#4039=ORIENTED_EDGE('',*,*,#2472,.F.);
#4040=ORIENTED_EDGE('',*,*,#2971,.T.);
#4041=ORIENTED_EDGE('',*,*,#2978,.F.);
#4042=ORIENTED_EDGE('',*,*,#2979,.F.);
#4043=ORIENTED_EDGE('',*,*,#2474,.F.);
#4044=ORIENTED_EDGE('',*,*,#2980,.T.);
#4045=ORIENTED_EDGE('',*,*,#2981,.F.);
#4046=ORIENTED_EDGE('',*,*,#2973,.F.);
#4047=ORIENTED_EDGE('',*,*,#2982,.T.);
#4048=ORIENTED_EDGE('',*,*,#2983,.T.);
#4049=ORIENTED_EDGE('',*,*,#2984,.T.);
#4050=ORIENTED_EDGE('',*,*,#2985,.F.);
#4051=ORIENTED_EDGE('',*,*,#2980,.F.);
#4052=ORIENTED_EDGE('',*,*,#2473,.F.);
#4053=ORIENTED_EDGE('',*,*,#2979,.T.);
#4054=ORIENTED_EDGE('',*,*,#2986,.F.);
#4055=ORIENTED_EDGE('',*,*,#2987,.T.);
#4056=ORIENTED_EDGE('',*,*,#2986,.T.);
#4057=ORIENTED_EDGE('',*,*,#2978,.T.);
#4058=ORIENTED_EDGE('',*,*,#2970,.T.);
#4059=ORIENTED_EDGE('',*,*,#2988,.T.);
#4060=ORIENTED_EDGE('',*,*,#2974,.T.);
#4061=ORIENTED_EDGE('',*,*,#2981,.T.);
#4062=ORIENTED_EDGE('',*,*,#2985,.T.);
#4063=ORIENTED_EDGE('',*,*,#2989,.F.);
#4064=ORIENTED_EDGE('',*,*,#2976,.F.);
#4065=ORIENTED_EDGE('',*,*,#2990,.F.);
#4066=ORIENTED_EDGE('',*,*,#2983,.F.);
#4067=ORIENTED_EDGE('',*,*,#2987,.F.);
#4068=ORIENTED_EDGE('',*,*,#2969,.F.);
#4069=ORIENTED_EDGE('',*,*,#2989,.T.);
#4070=ORIENTED_EDGE('',*,*,#2982,.F.);
#4071=ORIENTED_EDGE('',*,*,#2988,.F.);
#4072=ORIENTED_EDGE('',*,*,#2984,.F.);
#4073=ORIENTED_EDGE('',*,*,#2990,.T.);
#4074=ORIENTED_EDGE('',*,*,#2975,.F.);
#4075=ORIENTED_EDGE('',*,*,#2462,.F.);
#4076=ORIENTED_EDGE('',*,*,#2964,.T.);
#4077=ORIENTED_EDGE('',*,*,#2991,.F.);
#4078=ORIENTED_EDGE('',*,*,#2992,.F.);
#4079=ORIENTED_EDGE('',*,*,#2464,.F.);
#4080=ORIENTED_EDGE('',*,*,#2993,.T.);
#4081=ORIENTED_EDGE('',*,*,#2994,.F.);
#4082=ORIENTED_EDGE('',*,*,#2965,.F.);
#4083=ORIENTED_EDGE('',*,*,#2995,.T.);
#4084=ORIENTED_EDGE('',*,*,#2996,.T.);
#4085=ORIENTED_EDGE('',*,*,#2997,.T.);
#4086=ORIENTED_EDGE('',*,*,#2998,.F.);
#4087=ORIENTED_EDGE('',*,*,#2993,.F.);
#4088=ORIENTED_EDGE('',*,*,#2463,.F.);
#4089=ORIENTED_EDGE('',*,*,#2992,.T.);
#4090=ORIENTED_EDGE('',*,*,#2999,.F.);
#4091=ORIENTED_EDGE('',*,*,#3000,.T.);
#4092=ORIENTED_EDGE('',*,*,#2999,.T.);
#4093=ORIENTED_EDGE('',*,*,#2991,.T.);
#4094=ORIENTED_EDGE('',*,*,#2963,.T.);
#4095=ORIENTED_EDGE('',*,*,#3001,.T.);
#4096=ORIENTED_EDGE('',*,*,#2966,.T.);
#4097=ORIENTED_EDGE('',*,*,#2994,.T.);
#4098=ORIENTED_EDGE('',*,*,#2998,.T.);
#4099=ORIENTED_EDGE('',*,*,#3002,.F.);
#4100=ORIENTED_EDGE('',*,*,#2968,.F.);
#4101=ORIENTED_EDGE('',*,*,#3003,.F.);
#4102=ORIENTED_EDGE('',*,*,#2996,.F.);
#4103=ORIENTED_EDGE('',*,*,#3000,.F.);
#4104=ORIENTED_EDGE('',*,*,#2962,.F.);
#4105=ORIENTED_EDGE('',*,*,#3002,.T.);
#4106=ORIENTED_EDGE('',*,*,#2995,.F.);
#4107=ORIENTED_EDGE('',*,*,#3001,.F.);
#4108=ORIENTED_EDGE('',*,*,#2997,.F.);
#4109=ORIENTED_EDGE('',*,*,#3003,.T.);
#4110=ORIENTED_EDGE('',*,*,#2967,.F.);
#4111=ORIENTED_EDGE('',*,*,#2868,.T.);
#4112=ORIENTED_EDGE('',*,*,#2609,.F.);
#4113=ORIENTED_EDGE('',*,*,#3004,.F.);
#4114=ORIENTED_EDGE('',*,*,#2455,.F.);
#4115=ORIENTED_EDGE('',*,*,#2608,.F.);
#4116=ORIENTED_EDGE('',*,*,#3005,.F.);
#4117=ORIENTED_EDGE('',*,*,#2456,.F.);
#4118=ORIENTED_EDGE('',*,*,#3004,.T.);
#4119=ORIENTED_EDGE('',*,*,#2607,.F.);
#4120=ORIENTED_EDGE('',*,*,#3006,.F.);
#4121=ORIENTED_EDGE('',*,*,#2457,.F.);
#4122=ORIENTED_EDGE('',*,*,#3005,.T.);
#4123=ORIENTED_EDGE('',*,*,#2606,.F.);
#4124=ORIENTED_EDGE('',*,*,#2543,.F.);
#4125=ORIENTED_EDGE('',*,*,#2458,.F.);
#4126=ORIENTED_EDGE('',*,*,#3006,.T.);
#4127=ORIENTED_EDGE('',*,*,#2600,.F.);
#4128=ORIENTED_EDGE('',*,*,#3007,.F.);
#4129=ORIENTED_EDGE('',*,*,#2478,.T.);
#4130=ORIENTED_EDGE('',*,*,#2538,.F.);
#4131=ORIENTED_EDGE('',*,*,#2599,.F.);
#4132=ORIENTED_EDGE('',*,*,#3008,.F.);
#4133=ORIENTED_EDGE('',*,*,#2479,.F.);
#4134=ORIENTED_EDGE('',*,*,#3007,.T.);
#4135=ORIENTED_EDGE('',*,*,#2598,.F.);
#4136=ORIENTED_EDGE('',*,*,#3009,.F.);
#4137=ORIENTED_EDGE('',*,*,#2480,.F.);
#4138=ORIENTED_EDGE('',*,*,#3008,.T.);
#4139=ORIENTED_EDGE('',*,*,#2870,.T.);
#4140=ORIENTED_EDGE('',*,*,#2481,.F.);
#4141=ORIENTED_EDGE('',*,*,#3009,.T.);
#4142=ORIENTED_EDGE('',*,*,#2597,.F.);
#4143=ORIENTED_EDGE('',*,*,#2943,.F.);
#4144=ORIENTED_EDGE('',*,*,#3010,.F.);
#4145=ORIENTED_EDGE('',*,*,#2492,.T.);
#4146=ORIENTED_EDGE('',*,*,#2939,.F.);
#4147=ORIENTED_EDGE('',*,*,#2945,.F.);
#4148=ORIENTED_EDGE('',*,*,#3011,.T.);
#4149=ORIENTED_EDGE('',*,*,#2488,.T.);
#4150=ORIENTED_EDGE('',*,*,#3012,.F.);
#4151=ORIENTED_EDGE('',*,*,#2936,.T.);
#4152=ORIENTED_EDGE('',*,*,#2489,.T.);
#4153=ORIENTED_EDGE('',*,*,#3011,.F.);
#4154=ORIENTED_EDGE('',*,*,#2944,.F.);
#4155=ORIENTED_EDGE('',*,*,#3013,.T.);
#4156=ORIENTED_EDGE('',*,*,#2928,.F.);
#4157=ORIENTED_EDGE('',*,*,#2821,.F.);
#4158=ORIENTED_EDGE('',*,*,#3014,.T.);
#4159=ORIENTED_EDGE('',*,*,#3015,.T.);
#4160=ORIENTED_EDGE('',*,*,#3016,.T.);
#4161=ORIENTED_EDGE('',*,*,#3017,.T.);
#4162=ORIENTED_EDGE('',*,*,#2830,.F.);
#4163=ORIENTED_EDGE('',*,*,#3018,.F.);
#4164=ORIENTED_EDGE('',*,*,#3013,.F.);
#4165=ORIENTED_EDGE('',*,*,#3019,.F.);
#4166=ORIENTED_EDGE('',*,*,#3020,.F.);
#4167=ORIENTED_EDGE('',*,*,#3021,.F.);
#4168=ORIENTED_EDGE('',*,*,#3022,.T.);
#4169=ORIENTED_EDGE('',*,*,#2929,.F.);
#4170=ORIENTED_EDGE('',*,*,#3023,.T.);
#4171=ORIENTED_EDGE('',*,*,#3024,.T.);
#4172=ORIENTED_EDGE('',*,*,#3025,.F.);
#4173=ORIENTED_EDGE('',*,*,#3026,.F.);
#4174=ORIENTED_EDGE('',*,*,#3027,.F.);
#4175=ORIENTED_EDGE('',*,*,#3016,.F.);
#4176=ORIENTED_EDGE('',*,*,#3026,.T.);
#4177=ORIENTED_EDGE('',*,*,#3028,.T.);
#4178=ORIENTED_EDGE('',*,*,#3029,.T.);
#4179=ORIENTED_EDGE('',*,*,#2848,.T.);
#4180=ORIENTED_EDGE('',*,*,#2832,.F.);
#4181=ORIENTED_EDGE('',*,*,#3030,.F.);
#4182=ORIENTED_EDGE('',*,*,#3020,.T.);
#4183=ORIENTED_EDGE('',*,*,#3031,.F.);
#4184=ORIENTED_EDGE('',*,*,#2819,.F.);
#4185=ORIENTED_EDGE('',*,*,#2852,.T.);
#4186=ORIENTED_EDGE('',*,*,#2867,.T.);
#4187=ORIENTED_EDGE('',*,*,#3032,.T.);
#4188=ORIENTED_EDGE('',*,*,#3027,.T.);
#4189=ORIENTED_EDGE('',*,*,#3030,.T.);
#4190=ORIENTED_EDGE('',*,*,#2831,.F.);
#4191=ORIENTED_EDGE('',*,*,#3017,.F.);
#4192=ORIENTED_EDGE('',*,*,#3019,.T.);
#4193=ORIENTED_EDGE('',*,*,#3014,.F.);
#4194=ORIENTED_EDGE('',*,*,#2820,.F.);
#4195=ORIENTED_EDGE('',*,*,#3031,.T.);
#4196=ORIENTED_EDGE('',*,*,#2866,.T.);
#4197=ORIENTED_EDGE('',*,*,#3033,.T.);
#4198=ORIENTED_EDGE('',*,*,#3021,.T.);
#4199=ORIENTED_EDGE('',*,*,#3032,.F.);
#4200=ORIENTED_EDGE('',*,*,#3034,.T.);
#4201=ORIENTED_EDGE('',*,*,#3028,.F.);
#4202=ORIENTED_EDGE('',*,*,#3025,.T.);
#4203=ORIENTED_EDGE('',*,*,#3035,.T.);
#4204=ORIENTED_EDGE('',*,*,#2847,.T.);
#4205=ORIENTED_EDGE('',*,*,#3036,.F.);
#4206=ORIENTED_EDGE('',*,*,#2856,.F.);
#4207=ORIENTED_EDGE('',*,*,#2834,.F.);
#4208=ORIENTED_EDGE('',*,*,#3036,.T.);
#4209=ORIENTED_EDGE('',*,*,#2849,.T.);
#4210=ORIENTED_EDGE('',*,*,#3029,.F.);
#4211=ORIENTED_EDGE('',*,*,#3034,.F.);
#4212=ORIENTED_EDGE('',*,*,#3037,.T.);
#4213=ORIENTED_EDGE('',*,*,#3038,.F.);
#4214=ORIENTED_EDGE('',*,*,#3039,.F.);
#4215=ORIENTED_EDGE('',*,*,#2860,.F.);
#4216=ORIENTED_EDGE('',*,*,#2857,.T.);
#4217=ORIENTED_EDGE('',*,*,#3039,.T.);
#4218=ORIENTED_EDGE('',*,*,#2741,.T.);
#4219=ORIENTED_EDGE('',*,*,#2837,.F.);
#4220=ORIENTED_EDGE('',*,*,#2861,.F.);
#4221=ORIENTED_EDGE('',*,*,#2863,.T.);
#4222=ORIENTED_EDGE('',*,*,#3040,.F.);
#4223=ORIENTED_EDGE('',*,*,#2814,.F.);
#4224=ORIENTED_EDGE('',*,*,#2743,.T.);
#4225=ORIENTED_EDGE('',*,*,#2858,.T.);
#4226=ORIENTED_EDGE('',*,*,#2815,.F.);
#4227=ORIENTED_EDGE('',*,*,#3040,.T.);
#4228=ORIENTED_EDGE('',*,*,#2862,.T.);
#4229=ORIENTED_EDGE('',*,*,#2742,.T.);
#4230=ORIENTED_EDGE('',*,*,#3038,.T.);
#4231=ORIENTED_EDGE('',*,*,#3041,.T.);
#4232=ORIENTED_EDGE('',*,*,#2864,.F.);
#4233=ORIENTED_EDGE('',*,*,#3042,.F.);
#4234=ORIENTED_EDGE('',*,*,#3043,.T.);
#4235=ORIENTED_EDGE('',*,*,#3044,.T.);
#4236=ORIENTED_EDGE('',*,*,#3045,.T.);
#4237=ORIENTED_EDGE('',*,*,#3046,.F.);
#4238=ORIENTED_EDGE('',*,*,#2924,.F.);
#4239=ORIENTED_EDGE('',*,*,#2933,.T.);
#4240=ORIENTED_EDGE('',*,*,#2918,.T.);
#4241=ORIENTED_EDGE('',*,*,#3047,.T.);
#4242=ORIENTED_EDGE('',*,*,#3048,.F.);
#4243=ORIENTED_EDGE('',*,*,#2915,.F.);
#4244=ORIENTED_EDGE('',*,*,#3049,.F.);
#4245=ORIENTED_EDGE('',*,*,#3050,.T.);
#4246=ORIENTED_EDGE('',*,*,#3044,.F.);
#4247=ORIENTED_EDGE('',*,*,#3051,.T.);
#4248=ORIENTED_EDGE('',*,*,#2946,.T.);
#4249=ORIENTED_EDGE('',*,*,#3012,.T.);
#4250=ORIENTED_EDGE('',*,*,#2487,.F.);
#4251=ORIENTED_EDGE('',*,*,#3052,.T.);
#4252=ORIENTED_EDGE('',*,*,#3049,.T.);
#4253=ORIENTED_EDGE('',*,*,#2914,.F.);
#4254=ORIENTED_EDGE('',*,*,#2948,.F.);
#4255=ORIENTED_EDGE('',*,*,#3053,.T.);
#4256=ORIENTED_EDGE('',*,*,#2940,.F.);
#4257=ORIENTED_EDGE('',*,*,#2916,.T.);
#4258=ORIENTED_EDGE('',*,*,#3048,.T.);
#4259=ORIENTED_EDGE('',*,*,#3054,.T.);
#4260=ORIENTED_EDGE('',*,*,#3055,.T.);
#4261=ORIENTED_EDGE('',*,*,#2828,.F.);
#4262=ORIENTED_EDGE('',*,*,#3056,.T.);
#4263=ORIENTED_EDGE('',*,*,#2493,.F.);
#4264=ORIENTED_EDGE('',*,*,#3010,.T.);
#4265=ORIENTED_EDGE('',*,*,#2942,.T.);
#4266=ORIENTED_EDGE('',*,*,#3057,.T.);
#4267=ORIENTED_EDGE('',*,*,#3018,.T.);
#4268=ORIENTED_EDGE('',*,*,#2829,.F.);
#4269=ORIENTED_EDGE('',*,*,#3055,.F.);
#4270=ORIENTED_EDGE('',*,*,#3058,.T.);
#4271=ORIENTED_EDGE('',*,*,#2930,.F.);
#4272=ORIENTED_EDGE('',*,*,#3022,.F.);
#4273=ORIENTED_EDGE('',*,*,#3033,.F.);
#4274=ORIENTED_EDGE('',*,*,#2865,.F.);
#4275=ORIENTED_EDGE('',*,*,#3041,.F.);
#4276=ORIENTED_EDGE('',*,*,#3037,.F.);
#4277=ORIENTED_EDGE('',*,*,#3035,.F.);
#4278=ORIENTED_EDGE('',*,*,#3024,.F.);
#4279=ORIENTED_EDGE('',*,*,#3052,.F.);
#4280=ORIENTED_EDGE('',*,*,#2947,.F.);
#4281=ORIENTED_EDGE('',*,*,#3051,.F.);
#4282=ORIENTED_EDGE('',*,*,#2486,.F.);
#4283=ORIENTED_EDGE('',*,*,#3059,.T.);
#4284=ORIENTED_EDGE('',*,*,#2878,.F.);
#4285=ORIENTED_EDGE('',*,*,#3059,.F.);
#4286=ORIENTED_EDGE('',*,*,#2485,.F.);
#4287=ORIENTED_EDGE('',*,*,#2824,.F.);
#4288=ORIENTED_EDGE('',*,*,#3060,.F.);
#4289=ORIENTED_EDGE('',*,*,#3045,.F.);
#4290=ORIENTED_EDGE('',*,*,#3050,.F.);
#4291=ORIENTED_EDGE('',*,*,#3023,.F.);
#4292=ORIENTED_EDGE('',*,*,#3015,.F.);
#4293=ORIENTED_EDGE('',*,*,#3057,.F.);
#4294=ORIENTED_EDGE('',*,*,#3054,.F.);
#4295=ORIENTED_EDGE('',*,*,#2827,.F.);
#4296=ORIENTED_EDGE('',*,*,#2494,.F.);
#4297=ORIENTED_EDGE('',*,*,#3056,.F.);
#4298=ORIENTED_EDGE('',*,*,#2941,.F.);
#4299=ORIENTED_EDGE('',*,*,#3053,.F.);
#4300=ORIENTED_EDGE('',*,*,#3047,.F.);
#4301=ORIENTED_EDGE('',*,*,#3043,.F.);
#4302=ORIENTED_EDGE('',*,*,#3061,.T.);
#4303=ORIENTED_EDGE('',*,*,#3062,.F.);
#4304=ORIENTED_EDGE('',*,*,#3061,.F.);
#4305=ORIENTED_EDGE('',*,*,#3063,.F.);
#4306=ORIENTED_EDGE('',*,*,#2931,.F.);
#4307=ORIENTED_EDGE('',*,*,#3058,.F.);
#4308=ORIENTED_EDGE('',*,*,#3060,.T.);
#4309=ORIENTED_EDGE('',*,*,#2823,.F.);
#4310=ORIENTED_EDGE('',*,*,#2927,.T.);
#4311=ORIENTED_EDGE('',*,*,#2925,.T.);
#4312=ORIENTED_EDGE('',*,*,#3046,.T.);
#4313=ORIENTED_EDGE('',*,*,#3063,.T.);
#4314=ORIENTED_EDGE('',*,*,#3042,.T.);
#4315=ORIENTED_EDGE('',*,*,#2921,.T.);
#4316=ORIENTED_EDGE('',*,*,#2932,.T.);
#4317=ORIENTED_EDGE('',*,*,#3062,.T.);
#4318=ORIENTED_EDGE('',*,*,#2872,.T.);
#4319=ORIENTED_EDGE('',*,*,#2877,.T.);
#4320=ORIENTED_EDGE('',*,*,#2954,.T.);
#4321=ORIENTED_EDGE('',*,*,#2468,.F.);
#4322=ORIENTED_EDGE('',*,*,#2955,.T.);
#4323=ORIENTED_EDGE('',*,*,#2781,.T.);
#4324=ORIENTED_EDGE('',*,*,#2650,.F.);
#4325=ORIENTED_EDGE('',*,*,#2783,.T.);
#4326=ORIENTED_EDGE('',*,*,#2644,.F.);
#4327=ORIENTED_EDGE('',*,*,#2779,.F.);
#4328=ORIENTED_EDGE('',*,*,#2950,.T.);
#4329=ORIENTED_EDGE('',*,*,#2952,.T.);
#4330=CYLINDRICAL_SURFACE('',#4642,1.25000000000001);
#4331=CYLINDRICAL_SURFACE('',#4645,2.5);
#4332=CYLINDRICAL_SURFACE('',#4649,1.25000000000001);
#4333=CYLINDRICAL_SURFACE('',#4652,2.5);
#4334=CYLINDRICAL_SURFACE('',#4656,1.24999999999999);
#4335=CYLINDRICAL_SURFACE('',#4659,2.49999999999999);
#4336=CYLINDRICAL_SURFACE('',#4663,1.25);
#4337=CYLINDRICAL_SURFACE('',#4666,2.5);
#4338=CYLINDRICAL_SURFACE('',#4687,1.25000000000001);
#4339=CYLINDRICAL_SURFACE('',#4690,2.5);
#4340=CYLINDRICAL_SURFACE('',#4693,1.25000000000001);
#4341=CYLINDRICAL_SURFACE('',#4696,2.5);
#4342=CYLINDRICAL_SURFACE('',#4699,1.25);
#4343=CYLINDRICAL_SURFACE('',#4702,2.5);
#4344=CYLINDRICAL_SURFACE('',#4705,1.25);
#4345=CYLINDRICAL_SURFACE('',#4708,2.5);
#4346=CYLINDRICAL_SURFACE('',#4747,2.5);
#4347=CYLINDRICAL_SURFACE('',#4757,3.);
#4348=CYLINDRICAL_SURFACE('',#4758,3.);
#4349=CYLINDRICAL_SURFACE('',#4794,1.2);
#4350=CYLINDRICAL_SURFACE('',#4796,1.2);
#4351=CYLINDRICAL_SURFACE('',#4798,1.2);
#4352=CYLINDRICAL_SURFACE('',#4800,1.2);
#4353=CYLINDRICAL_SURFACE('',#4802,1.2);
#4354=CYLINDRICAL_SURFACE('',#4805,1.2);
#4355=CYLINDRICAL_SURFACE('',#4807,1.2);
#4356=CYLINDRICAL_SURFACE('',#4829,2.5);
#4357=CYLINDRICAL_SURFACE('',#4844,1.2);
#4358=CYLINDRICAL_SURFACE('',#4845,1.2);
#4359=CYLINDRICAL_SURFACE('',#4849,1.20000000405512);
#4360=CYLINDRICAL_SURFACE('',#4850,1.20006471480133);
#4361=CYLINDRICAL_SURFACE('',#4851,8.2);
#4362=CYLINDRICAL_SURFACE('',#4852,8.2);
#4363=CYLINDRICAL_SURFACE('',#4860,5.);
#4364=CYLINDRICAL_SURFACE('',#4862,5.);
#4365=CYLINDRICAL_SURFACE('',#4864,1.25);
#4366=CYLINDRICAL_SURFACE('',#4868,1.25);
#4367=CYLINDRICAL_SURFACE('',#4873,2.7);
#4368=CYLINDRICAL_SURFACE('',#4876,2.7);
#4369=CYLINDRICAL_SURFACE('',#4890,5.4);
#4370=CYLINDRICAL_SURFACE('',#4892,5.4);
#4371=CYLINDRICAL_SURFACE('',#4895,5.4);
#4372=CYLINDRICAL_SURFACE('',#4898,5.4);
#4373=CYLINDRICAL_SURFACE('',#4909,8.2);
#4374=CYLINDRICAL_SURFACE('',#4911,8.2);
#4375=CYLINDRICAL_SURFACE('',#4913,1.25);
#4376=CYLINDRICAL_SURFACE('',#4919,1.25);
#4377=CYLINDRICAL_SURFACE('',#4928,2.25);
#4378=CYLINDRICAL_SURFACE('',#4946,5.00023884462989);
#4379=CYLINDRICAL_SURFACE('',#4953,5.00023884462989);
#4380=CYLINDRICAL_SURFACE('',#4987,2.25);
#4381=CYLINDRICAL_SURFACE('',#4989,2.25);
#4382=ADVANCED_FACE('',(#332),#4330,.F.);
#4383=ADVANCED_FACE('',(#333),#4331,.T.);
#4384=ADVANCED_FACE('',(#334,#90),#147,.T.);
#4385=ADVANCED_FACE('',(#335),#4332,.F.);
#4386=ADVANCED_FACE('',(#336),#4333,.T.);
#4387=ADVANCED_FACE('',(#337,#91),#148,.T.);
#4388=ADVANCED_FACE('',(#338),#4334,.F.);
#4389=ADVANCED_FACE('',(#339),#4335,.T.);
#4390=ADVANCED_FACE('',(#340,#92),#149,.T.);
#4391=ADVANCED_FACE('',(#341),#4336,.F.);
#4392=ADVANCED_FACE('',(#342),#4337,.T.);
#4393=ADVANCED_FACE('',(#343,#93),#150,.T.);
#4394=ADVANCED_FACE('',(#344,#94,#95,#96,#97,#98,#99,#100,#101,#102,#103,
#104,#105),#151,.T.);
#4395=ADVANCED_FACE('',(#345),#152,.T.);
#4396=ADVANCED_FACE('',(#346),#153,.T.);
#4397=ADVANCED_FACE('',(#347),#154,.T.);
#4398=ADVANCED_FACE('',(#348),#4338,.F.);
#4399=ADVANCED_FACE('',(#349),#4339,.T.);
#4400=ADVANCED_FACE('',(#350,#106),#155,.T.);
#4401=ADVANCED_FACE('',(#351),#4340,.F.);
#4402=ADVANCED_FACE('',(#352),#4341,.T.);
#4403=ADVANCED_FACE('',(#353,#107),#156,.T.);
#4404=ADVANCED_FACE('',(#354),#4342,.F.);
#4405=ADVANCED_FACE('',(#355),#4343,.T.);
#4406=ADVANCED_FACE('',(#356,#108),#157,.T.);
#4407=ADVANCED_FACE('',(#357),#4344,.F.);
#4408=ADVANCED_FACE('',(#358),#4345,.T.);
#4409=ADVANCED_FACE('',(#359,#109),#158,.T.);
#4410=ADVANCED_FACE('',(#360),#159,.T.);
#4411=ADVANCED_FACE('',(#361),#160,.T.);
#4412=ADVANCED_FACE('',(#362),#161,.T.);
#4413=ADVANCED_FACE('',(#363),#162,.T.);
#4414=ADVANCED_FACE('',(#364),#163,.T.);
#4415=ADVANCED_FACE('',(#365),#164,.T.);
#4416=ADVANCED_FACE('',(#366),#165,.T.);
#4417=ADVANCED_FACE('',(#367),#166,.F.);
#4418=ADVANCED_FACE('',(#368),#167,.F.);
#4419=ADVANCED_FACE('',(#369),#168,.F.);
#4420=ADVANCED_FACE('',(#370),#169,.F.);
#4421=ADVANCED_FACE('',(#371),#170,.F.);
#4422=ADVANCED_FACE('',(#372,#110),#171,.F.);
#4423=ADVANCED_FACE('',(#373),#172,.F.);
#4424=ADVANCED_FACE('',(#374),#173,.F.);
#4425=ADVANCED_FACE('',(#375),#174,.T.);
#4426=ADVANCED_FACE('',(#376),#175,.T.);
#4427=ADVANCED_FACE('',(#377,#111),#176,.T.);
#4428=ADVANCED_FACE('',(#378),#177,.T.);
#4429=ADVANCED_FACE('',(#379),#178,.F.);
#4430=ADVANCED_FACE('',(#380,#112,#113,#114,#115),#179,.F.);
#4431=ADVANCED_FACE('',(#381,#116),#180,.F.);
#4432=ADVANCED_FACE('',(#382),#181,.F.);
#4433=ADVANCED_FACE('',(#383),#182,.F.);
#4434=ADVANCED_FACE('',(#384),#183,.F.);
#4435=ADVANCED_FACE('',(#385),#184,.T.);
#4436=ADVANCED_FACE('',(#386),#185,.T.);
#4437=ADVANCED_FACE('',(#387),#4346,.T.);
#4438=ADVANCED_FACE('',(#388,#117),#186,.T.);
#4439=ADVANCED_FACE('',(#389),#187,.T.);
#4440=ADVANCED_FACE('',(#390),#188,.T.);
#4441=ADVANCED_FACE('',(#391,#118,#119,#120),#189,.T.);
#4442=ADVANCED_FACE('',(#392),#4347,.F.);
#4443=ADVANCED_FACE('',(#393),#4348,.F.);
#4444=ADVANCED_FACE('',(#394),#190,.T.);
#4445=ADVANCED_FACE('',(#395),#191,.T.);
#4446=ADVANCED_FACE('',(#396),#192,.F.);
#4447=ADVANCED_FACE('',(#397),#193,.T.);
#4448=ADVANCED_FACE('',(#398),#194,.F.);
#4449=ADVANCED_FACE('',(#399,#121,#122,#123,#124,#125,#126,#127),#195,.T.);
#4450=ADVANCED_FACE('',(#400),#196,.F.);
#4451=ADVANCED_FACE('',(#401),#197,.F.);
#4452=ADVANCED_FACE('',(#402),#198,.T.);
#4453=ADVANCED_FACE('',(#403,#128,#129,#130),#199,.T.);
#4454=ADVANCED_FACE('',(#404),#200,.F.);
#4455=ADVANCED_FACE('',(#405),#201,.F.);
#4456=ADVANCED_FACE('',(#406),#202,.T.);
#4457=ADVANCED_FACE('',(#407),#203,.T.);
#4458=ADVANCED_FACE('',(#408),#204,.T.);
#4459=ADVANCED_FACE('',(#409),#205,.T.);
#4460=ADVANCED_FACE('',(#410),#206,.F.);
#4461=ADVANCED_FACE('',(#411),#207,.F.);
#4462=ADVANCED_FACE('',(#412),#208,.F.);
#4463=ADVANCED_FACE('',(#413),#209,.F.);
#4464=ADVANCED_FACE('',(#414),#4349,.F.);
#4465=ADVANCED_FACE('',(#415),#4350,.F.);
#4466=ADVANCED_FACE('',(#416),#4351,.F.);
#4467=ADVANCED_FACE('',(#417),#4352,.F.);
#4468=ADVANCED_FACE('',(#418),#4353,.T.);
#4469=ADVANCED_FACE('',(#419),#210,.F.);
#4470=ADVANCED_FACE('',(#420),#4354,.F.);
#4471=ADVANCED_FACE('',(#421),#4355,.T.);
#4472=ADVANCED_FACE('',(#422),#211,.T.);
#4473=ADVANCED_FACE('',(#423),#212,.F.);
#4474=ADVANCED_FACE('',(#424),#213,.F.);
#4475=ADVANCED_FACE('',(#425),#214,.T.);
#4476=ADVANCED_FACE('',(#426),#215,.T.);
#4477=ADVANCED_FACE('',(#427),#216,.T.);
#4478=ADVANCED_FACE('',(#428),#217,.T.);
#4479=ADVANCED_FACE('',(#429),#218,.T.);
#4480=ADVANCED_FACE('',(#430),#219,.T.);
#4481=ADVANCED_FACE('',(#431),#220,.T.);
#4482=ADVANCED_FACE('',(#432),#221,.F.);
#4483=ADVANCED_FACE('',(#433),#222,.F.);
#4484=ADVANCED_FACE('',(#434),#223,.T.);
#4485=ADVANCED_FACE('',(#435),#224,.F.);
#4486=ADVANCED_FACE('',(#436),#225,.F.);
#4487=ADVANCED_FACE('',(#437),#226,.T.);
#4488=ADVANCED_FACE('',(#438),#227,.F.);
#4489=ADVANCED_FACE('',(#439,#131),#228,.T.);
#4490=ADVANCED_FACE('',(#440),#229,.F.);
#4491=ADVANCED_FACE('',(#441),#4356,.F.);
#4492=ADVANCED_FACE('',(#442),#230,.F.);
#4493=ADVANCED_FACE('',(#443),#231,.F.);
#4494=ADVANCED_FACE('',(#444,#132,#133,#134,#135,#136,#137,#138,#139,#140,
#141),#232,.F.);
#4495=ADVANCED_FACE('',(#445),#233,.T.);
#4496=ADVANCED_FACE('',(#446),#234,.F.);
#4497=ADVANCED_FACE('',(#447),#235,.F.);
#4498=ADVANCED_FACE('',(#448),#236,.F.);
#4499=ADVANCED_FACE('',(#449),#237,.F.);
#4500=ADVANCED_FACE('',(#450),#4357,.F.);
#4501=ADVANCED_FACE('',(#451),#4358,.F.);
#4502=ADVANCED_FACE('',(#452),#238,.T.);
#4503=ADVANCED_FACE('',(#453),#239,.F.);
#4504=ADVANCED_FACE('',(#454),#240,.F.);
#4505=ADVANCED_FACE('',(#455),#4359,.T.);
#4506=ADVANCED_FACE('',(#456),#4360,.T.);
#4507=ADVANCED_FACE('',(#457),#4361,.F.);
#4508=ADVANCED_FACE('',(#458),#4362,.F.);
#4509=ADVANCED_FACE('',(#459),#241,.T.);
#4510=ADVANCED_FACE('',(#460),#242,.T.);
#4511=ADVANCED_FACE('',(#461),#243,.T.);
#4512=ADVANCED_FACE('',(#462),#244,.F.);
#4513=ADVANCED_FACE('',(#463),#245,.F.);
#4514=ADVANCED_FACE('',(#464),#246,.T.);
#4515=ADVANCED_FACE('',(#465),#247,.F.);
#4516=ADVANCED_FACE('',(#466),#4363,.T.);
#4517=ADVANCED_FACE('',(#467),#248,.F.);
#4518=ADVANCED_FACE('',(#468),#4364,.T.);
#4519=ADVANCED_FACE('',(#469),#249,.F.);
#4520=ADVANCED_FACE('',(#470),#4365,.F.);
#4521=ADVANCED_FACE('',(#471),#250,.T.);
#4522=ADVANCED_FACE('',(#472),#4366,.F.);
#4523=ADVANCED_FACE('',(#473,#142),#251,.T.);
#4524=ADVANCED_FACE('',(#474),#4367,.F.);
#4525=ADVANCED_FACE('',(#475),#4368,.F.);
#4526=ADVANCED_FACE('',(#476),#252,.F.);
#4527=ADVANCED_FACE('',(#477),#253,.T.);
#4528=ADVANCED_FACE('',(#478),#254,.F.);
#4529=ADVANCED_FACE('',(#479),#255,.F.);
#4530=ADVANCED_FACE('',(#480),#256,.F.);
#4531=ADVANCED_FACE('',(#481),#257,.F.);
#4532=ADVANCED_FACE('',(#482),#258,.F.);
#4533=ADVANCED_FACE('',(#483),#4369,.F.);
#4534=ADVANCED_FACE('',(#484),#4370,.F.);
#4535=ADVANCED_FACE('',(#485),#259,.F.);
#4536=ADVANCED_FACE('',(#486),#4371,.F.);
#4537=ADVANCED_FACE('',(#487),#4372,.F.);
#4538=ADVANCED_FACE('',(#488),#260,.T.);
#4539=ADVANCED_FACE('',(#489),#261,.F.);
#4540=ADVANCED_FACE('',(#490),#262,.F.);
#4541=ADVANCED_FACE('',(#491),#263,.F.);
#4542=ADVANCED_FACE('',(#492),#264,.T.);
#4543=ADVANCED_FACE('',(#493),#265,.T.);
#4544=ADVANCED_FACE('',(#494),#4373,.F.);
#4545=ADVANCED_FACE('',(#495),#4374,.F.);
#4546=ADVANCED_FACE('',(#496),#4375,.F.);
#4547=ADVANCED_FACE('',(#497),#266,.F.);
#4548=ADVANCED_FACE('',(#498),#267,.F.);
#4549=ADVANCED_FACE('',(#499,#143),#268,.T.);
#4550=ADVANCED_FACE('',(#500),#4376,.F.);
#4551=ADVANCED_FACE('',(#501),#269,.F.);
#4552=ADVANCED_FACE('',(#502),#270,.F.);
#4553=ADVANCED_FACE('',(#503),#271,.T.);
#4554=ADVANCED_FACE('',(#504),#272,.T.);
#4555=ADVANCED_FACE('',(#505),#273,.T.);
#4556=ADVANCED_FACE('',(#506),#274,.T.);
#4557=ADVANCED_FACE('',(#507),#275,.F.);
#4558=ADVANCED_FACE('',(#508),#4377,.T.);
#4559=ADVANCED_FACE('',(#509),#276,.T.);
#4560=ADVANCED_FACE('',(#510),#277,.T.);
#4561=ADVANCED_FACE('',(#511),#278,.T.);
#4562=ADVANCED_FACE('',(#512),#279,.T.);
#4563=ADVANCED_FACE('',(#513),#280,.T.);
#4564=ADVANCED_FACE('',(#514),#281,.T.);
#4565=ADVANCED_FACE('',(#515),#282,.F.);
#4566=ADVANCED_FACE('',(#516),#283,.F.);
#4567=ADVANCED_FACE('',(#517),#284,.F.);
#4568=ADVANCED_FACE('',(#518),#285,.T.);
#4569=ADVANCED_FACE('',(#519),#286,.T.);
#4570=ADVANCED_FACE('',(#520),#287,.T.);
#4571=ADVANCED_FACE('',(#521),#288,.T.);
#4572=ADVANCED_FACE('',(#522),#289,.T.);
#4573=ADVANCED_FACE('',(#523),#290,.F.);
#4574=ADVANCED_FACE('',(#524),#291,.F.);
#4575=ADVANCED_FACE('',(#525),#292,.F.);
#4576=ADVANCED_FACE('',(#526),#4378,.T.);
#4577=ADVANCED_FACE('',(#527),#293,.F.);
#4578=ADVANCED_FACE('',(#528),#294,.F.);
#4579=ADVANCED_FACE('',(#529),#295,.F.);
#4580=ADVANCED_FACE('',(#530),#296,.F.);
#4581=ADVANCED_FACE('',(#531),#297,.F.);
#4582=ADVANCED_FACE('',(#532),#298,.F.);
#4583=ADVANCED_FACE('',(#533),#4379,.T.);
#4584=ADVANCED_FACE('',(#534),#299,.F.);
#4585=ADVANCED_FACE('',(#535),#300,.F.);
#4586=ADVANCED_FACE('',(#536),#301,.F.);
#4587=ADVANCED_FACE('',(#537),#302,.T.);
#4588=ADVANCED_FACE('',(#538),#303,.T.);
#4589=ADVANCED_FACE('',(#539),#304,.F.);
#4590=ADVANCED_FACE('',(#540),#305,.F.);
#4591=ADVANCED_FACE('',(#541),#306,.T.);
#4592=ADVANCED_FACE('',(#542),#307,.T.);
#4593=ADVANCED_FACE('',(#543),#308,.T.);
#4594=ADVANCED_FACE('',(#544),#309,.T.);
#4595=ADVANCED_FACE('',(#545),#310,.F.);
#4596=ADVANCED_FACE('',(#546),#311,.F.);
#4597=ADVANCED_FACE('',(#547),#312,.T.);
#4598=ADVANCED_FACE('',(#548),#313,.F.);
#4599=ADVANCED_FACE('',(#549),#314,.T.);
#4600=ADVANCED_FACE('',(#550),#315,.T.);
#4601=ADVANCED_FACE('',(#551),#316,.T.);
#4602=ADVANCED_FACE('',(#552),#317,.F.);
#4603=ADVANCED_FACE('',(#553),#318,.F.);
#4604=ADVANCED_FACE('',(#554),#319,.F.);
#4605=ADVANCED_FACE('',(#555),#320,.F.);
#4606=ADVANCED_FACE('',(#556),#321,.F.);
#4607=ADVANCED_FACE('',(#557),#322,.F.);
#4608=ADVANCED_FACE('',(#558),#323,.T.);
#4609=ADVANCED_FACE('',(#559),#324,.F.);
#4610=ADVANCED_FACE('',(#560),#325,.T.);
#4611=ADVANCED_FACE('',(#561),#326,.F.);
#4612=ADVANCED_FACE('',(#562),#4380,.T.);
#4613=ADVANCED_FACE('',(#563),#4381,.T.);
#4614=ADVANCED_FACE('',(#564),#327,.T.);
#4615=ADVANCED_FACE('',(#565),#328,.T.);
#4616=ADVANCED_FACE('',(#566,#144),#329,.T.);
#4617=ADVANCED_FACE('',(#567),#330,.T.);
#4618=ADVANCED_FACE('',(#568,#145,#146),#331,.T.);
#4619=CLOSED_SHELL('',(#4382,#4383,#4384,#4385,#4386,#4387,#4388,#4389,
#4390,#4391,#4392,#4393,#4394,#4395,#4396,#4397,#4398,#4399,#4400,#4401,
#4402,#4403,#4404,#4405,#4406,#4407,#4408,#4409,#4410,#4411,#4412,#4413,
#4414,#4415,#4416,#4417,#4418,#4419,#4420,#4421,#4422,#4423,#4424,#4425,
#4426,#4427,#4428,#4429,#4430,#4431,#4432,#4433,#4434,#4435,#4436,#4437,
#4438,#4439,#4440,#4441,#4442,#4443,#4444,#4445,#4446,#4447,#4448,#4449,
#4450,#4451,#4452,#4453,#4454,#4455,#4456,#4457,#4458,#4459,#4460,#4461,
#4462,#4463,#4464,#4465,#4466,#4467,#4468,#4469,#4470,#4471,#4472,#4473,
#4474,#4475,#4476,#4477,#4478,#4479,#4480,#4481,#4482,#4483,#4484,#4485,
#4486,#4487,#4488,#4489,#4490,#4491,#4492,#4493,#4494,#4495,#4496,#4497,
#4498,#4499,#4500,#4501,#4502,#4503,#4504,#4505,#4506,#4507,#4508,#4509,
#4510,#4511,#4512,#4513,#4514,#4515,#4516,#4517,#4518,#4519,#4520,#4521,
#4522,#4523,#4524,#4525,#4526,#4527,#4528,#4529,#4530,#4531,#4532,#4533,
#4534,#4535,#4536,#4537,#4538,#4539,#4540,#4541,#4542,#4543,#4544,#4545,
#4546,#4547,#4548,#4549,#4550,#4551,#4552,#4553,#4554,#4555,#4556,#4557,
#4558,#4559,#4560,#4561,#4562,#4563,#4564,#4565,#4566,#4567,#4568,#4569,
#4570,#4571,#4572,#4573,#4574,#4575,#4576,#4577,#4578,#4579,#4580,#4581,
#4582,#4583,#4584,#4585,#4586,#4587,#4588,#4589,#4590,#4591,#4592,#4593,
#4594,#4595,#4596,#4597,#4598,#4599,#4600,#4601,#4602,#4603,#4604,#4605,
#4606,#4607,#4608,#4609,#4610,#4611,#4612,#4613,#4614,#4615,#4616,#4617,
#4618));
#4620=DERIVED_UNIT_ELEMENT(#4623,1.);
#4621=DERIVED_UNIT_ELEMENT(#7606,-3.);
#4622=DIMENSIONAL_EXPONENTS(0.,1.,0.,0.,0.,0.,0.);
#4623=(
CONVERSION_BASED_UNIT('gram',#4625)
MASS_UNIT()
NAMED_UNIT(#4622)
);
#4624=(
MASS_UNIT()
NAMED_UNIT(*)
SI_UNIT(.KILO.,.GRAM.)
);
#4625=MASS_MEASURE_WITH_UNIT(MASS_MEASURE(0.001),#4624);
#4626=DERIVED_UNIT((#4620,#4621));
#4627=MEASURE_REPRESENTATION_ITEM('density measure',
POSITIVE_RATIO_MEASURE(1.),#4626);
#4628=PROPERTY_DEFINITION_REPRESENTATION(#4633,#4630);
#4629=PROPERTY_DEFINITION_REPRESENTATION(#4634,#4631);
#4630=REPRESENTATION('material name',(#4632),#7603);
#4631=REPRESENTATION('density',(#4627),#7603);
#4632=DESCRIPTIVE_REPRESENTATION_ITEM('Generic','Generic');
#4633=PROPERTY_DEFINITION('material property','material name',#7613);
#4634=PROPERTY_DEFINITION('material property','density of part',#7613);
#4635=DATE_TIME_ROLE('creation_date');
#4636=APPLIED_DATE_AND_TIME_ASSIGNMENT(#4637,#4635,(#7613));
#4637=DATE_AND_TIME(#4638,#4639);
#4638=CALENDAR_DATE(2026,5,5);
#4639=LOCAL_TIME(0,0,0.,#4640);
#4640=COORDINATED_UNIVERSAL_TIME_OFFSET(0,0,.BEHIND.);
#4641=AXIS2_PLACEMENT_3D('',#6224,#4997,#4998);
#4642=AXIS2_PLACEMENT_3D('',#6225,#4999,#5000);
#4643=AXIS2_PLACEMENT_3D('',#6227,#5001,#5002);
#4644=AXIS2_PLACEMENT_3D('',#6230,#5004,#5005);
#4645=AXIS2_PLACEMENT_3D('',#6231,#5006,#5007);
#4646=AXIS2_PLACEMENT_3D('',#6233,#5008,#5009);
#4647=AXIS2_PLACEMENT_3D('',#6236,#5011,#5012);
#4648=AXIS2_PLACEMENT_3D('',#6237,#5013,#5014);
#4649=AXIS2_PLACEMENT_3D('',#6238,#5015,#5016);
#4650=AXIS2_PLACEMENT_3D('',#6240,#5017,#5018);
#4651=AXIS2_PLACEMENT_3D('',#6243,#5020,#5021);
#4652=AXIS2_PLACEMENT_3D('',#6244,#5022,#5023);
#4653=AXIS2_PLACEMENT_3D('',#6246,#5024,#5025);
#4654=AXIS2_PLACEMENT_3D('',#6249,#5027,#5028);
#4655=AXIS2_PLACEMENT_3D('',#6250,#5029,#5030);
#4656=AXIS2_PLACEMENT_3D('',#6251,#5031,#5032);
#4657=AXIS2_PLACEMENT_3D('',#6253,#5033,#5034);
#4658=AXIS2_PLACEMENT_3D('',#6256,#5036,#5037);
#4659=AXIS2_PLACEMENT_3D('',#6257,#5038,#5039);
#4660=AXIS2_PLACEMENT_3D('',#6259,#5040,#5041);
#4661=AXIS2_PLACEMENT_3D('',#6262,#5043,#5044);
#4662=AXIS2_PLACEMENT_3D('',#6263,#5045,#5046);
#4663=AXIS2_PLACEMENT_3D('',#6264,#5047,#5048);
#4664=AXIS2_PLACEMENT_3D('',#6266,#5049,#5050);
#4665=AXIS2_PLACEMENT_3D('',#6269,#5052,#5053);
#4666=AXIS2_PLACEMENT_3D('',#6270,#5054,#5055);
#4667=AXIS2_PLACEMENT_3D('',#6272,#5056,#5057);
#4668=AXIS2_PLACEMENT_3D('',#6275,#5059,#5060);
#4669=AXIS2_PLACEMENT_3D('',#6276,#5061,#5062);
#4670=AXIS2_PLACEMENT_3D('',#6277,#5063,#5064);
#4671=AXIS2_PLACEMENT_3D('',#6280,#5065,#5066);
#4672=AXIS2_PLACEMENT_3D('',#6332,#5092,#5093);
#4673=AXIS2_PLACEMENT_3D('',#6334,#5094,#5095);
#4674=AXIS2_PLACEMENT_3D('',#6340,#5098,#5099);
#4675=AXIS2_PLACEMENT_3D('',#6342,#5100,#5101);
#4676=AXIS2_PLACEMENT_3D('',#6358,#5109,#5110);
#4677=AXIS2_PLACEMENT_3D('',#6363,#5113,#5114);
#4678=AXIS2_PLACEMENT_3D('',#6365,#5115,#5116);
#4679=AXIS2_PLACEMENT_3D('',#6367,#5117,#5118);
#4680=AXIS2_PLACEMENT_3D('',#6369,#5119,#5120);
#4681=AXIS2_PLACEMENT_3D('',#6371,#5121,#5122);
#4682=AXIS2_PLACEMENT_3D('',#6373,#5123,#5124);
#4683=AXIS2_PLACEMENT_3D('',#6375,#5125,#5126);
#4684=AXIS2_PLACEMENT_3D('',#6404,#5141,#5142);
#4685=AXIS2_PLACEMENT_3D('',#6405,#5143,#5144);
#4686=AXIS2_PLACEMENT_3D('',#6406,#5145,#5146);
#4687=AXIS2_PLACEMENT_3D('',#6407,#5147,#5148);
#4688=AXIS2_PLACEMENT_3D('',#6409,#5149,#5150);
#4689=AXIS2_PLACEMENT_3D('',#6412,#5152,#5153);
#4690=AXIS2_PLACEMENT_3D('',#6413,#5154,#5155);
#4691=AXIS2_PLACEMENT_3D('',#6415,#5156,#5157);
#4692=AXIS2_PLACEMENT_3D('',#6417,#5159,#5160);
#4693=AXIS2_PLACEMENT_3D('',#6418,#5161,#5162);
#4694=AXIS2_PLACEMENT_3D('',#6420,#5163,#5164);
#4695=AXIS2_PLACEMENT_3D('',#6423,#5166,#5167);
#4696=AXIS2_PLACEMENT_3D('',#6424,#5168,#5169);
#4697=AXIS2_PLACEMENT_3D('',#6426,#5170,#5171);
#4698=AXIS2_PLACEMENT_3D('',#6428,#5173,#5174);
#4699=AXIS2_PLACEMENT_3D('',#6429,#5175,#5176);
#4700=AXIS2_PLACEMENT_3D('',#6431,#5177,#5178);
#4701=AXIS2_PLACEMENT_3D('',#6434,#5180,#5181);
#4702=AXIS2_PLACEMENT_3D('',#6435,#5182,#5183);
#4703=AXIS2_PLACEMENT_3D('',#6437,#5184,#5185);
#4704=AXIS2_PLACEMENT_3D('',#6439,#5187,#5188);
#4705=AXIS2_PLACEMENT_3D('',#6440,#5189,#5190);
#4706=AXIS2_PLACEMENT_3D('',#6442,#5191,#5192);
#4707=AXIS2_PLACEMENT_3D('',#6445,#5194,#5195);
#4708=AXIS2_PLACEMENT_3D('',#6446,#5196,#5197);
#4709=AXIS2_PLACEMENT_3D('',#6448,#5198,#5199);
#4710=AXIS2_PLACEMENT_3D('',#6450,#5201,#5202);
#4711=AXIS2_PLACEMENT_3D('',#6451,#5203,#5204);
#4712=AXIS2_PLACEMENT_3D('',#6452,#5205,#5206);
#4713=AXIS2_PLACEMENT_3D('',#6453,#5207,#5208);
#4714=AXIS2_PLACEMENT_3D('',#6454,#5209,#5210);
#4715=AXIS2_PLACEMENT_3D('',#6455,#5211,#5212);
#4716=AXIS2_PLACEMENT_3D('',#6461,#5216,#5217);
#4717=AXIS2_PLACEMENT_3D('',#6467,#5221,#5222);
#4718=AXIS2_PLACEMENT_3D('',#6468,#5223,#5224);
#4719=AXIS2_PLACEMENT_3D('',#6477,#5229,#5230);
#4720=AXIS2_PLACEMENT_3D('',#6483,#5234,#5235);
#4721=AXIS2_PLACEMENT_3D('',#6489,#5239,#5240);
#4722=AXIS2_PLACEMENT_3D('',#6492,#5243,#5244);
#4723=AXIS2_PLACEMENT_3D('',#6493,#5245,#5246);
#4724=AXIS2_PLACEMENT_3D('',#6509,#5254,#5255);
#4725=AXIS2_PLACEMENT_3D('',#6510,#5256,#5257);
#4726=AXIS2_PLACEMENT_3D('',#6517,#5262,#5263);
#4727=AXIS2_PLACEMENT_3D('',#6528,#5269,#5270);
#4728=AXIS2_PLACEMENT_3D('',#6531,#5273,#5274);
#4729=AXIS2_PLACEMENT_3D('',#6533,#5276,#5277);
#4730=AXIS2_PLACEMENT_3D('',#6536,#5280,#5281);
#4731=AXIS2_PLACEMENT_3D('',#6537,#5282,#5283);
#4732=AXIS2_PLACEMENT_3D('',#6543,#5287,#5288);
#4733=AXIS2_PLACEMENT_3D('',#6576,#5304,#5305);
#4734=AXIS2_PLACEMENT_3D('',#6578,#5306,#5307);
#4735=AXIS2_PLACEMENT_3D('',#6600,#5319,#5320);
#4736=AXIS2_PLACEMENT_3D('',#6602,#5321,#5322);
#4737=AXIS2_PLACEMENT_3D('',#6611,#5327,#5328);
#4738=AXIS2_PLACEMENT_3D('',#6618,#5332,#5333);
#4739=AXIS2_PLACEMENT_3D('',#6620,#5334,#5335);
#4740=AXIS2_PLACEMENT_3D('',#6621,#5336,#5337);
#4741=AXIS2_PLACEMENT_3D('',#6635,#5345,#5346);
#4742=AXIS2_PLACEMENT_3D('',#6641,#5350,#5351);
#4743=AXIS2_PLACEMENT_3D('',#6645,#5354,#5355);
#4744=AXIS2_PLACEMENT_3D('',#6649,#5358,#5359);
#4745=AXIS2_PLACEMENT_3D('',#6655,#5363,#5364);
#4746=AXIS2_PLACEMENT_3D('',#6657,#5365,#5366);
#4747=AXIS2_PLACEMENT_3D('',#6658,#5367,#5368);
#4748=AXIS2_PLACEMENT_3D('',#6660,#5369,#5370);
#4749=AXIS2_PLACEMENT_3D('',#6663,#5372,#5373);
#4750=AXIS2_PLACEMENT_3D('',#6664,#5374,#5375);
#4751=AXIS2_PLACEMENT_3D('',#6666,#5376,#5377);
#4752=AXIS2_PLACEMENT_3D('',#6667,#5378,#5379);
#4753=AXIS2_PLACEMENT_3D('',#6676,#5384,#5385);
#4754=AXIS2_PLACEMENT_3D('',#6685,#5390,#5391);
#4755=AXIS2_PLACEMENT_3D('',#6696,#5399,#5400);
#4756=AXIS2_PLACEMENT_3D('',#6698,#5401,#5402);
#4757=AXIS2_PLACEMENT_3D('',#6699,#5403,#5404);
#4758=AXIS2_PLACEMENT_3D('',#6701,#5406,#5407);
#4759=AXIS2_PLACEMENT_3D('',#6703,#5409,#5410);
#4760=AXIS2_PLACEMENT_3D('',#6712,#5415,#5416);
#4761=AXIS2_PLACEMENT_3D('',#6718,#5420,#5421);
#4762=AXIS2_PLACEMENT_3D('',#6724,#5425,#5426);
#4763=AXIS2_PLACEMENT_3D('',#6733,#5431,#5432);
#4764=AXIS2_PLACEMENT_3D('',#6742,#5437,#5438);
#4765=AXIS2_PLACEMENT_3D('',#6754,#5444,#5445);
#4766=AXIS2_PLACEMENT_3D('',#6756,#5446,#5447);
#4767=AXIS2_PLACEMENT_3D('',#6758,#5448,#5449);
#4768=AXIS2_PLACEMENT_3D('',#6774,#5457,#5458);
#4769=AXIS2_PLACEMENT_3D('',#6775,#5459,#5460);
#4770=AXIS2_PLACEMENT_3D('',#6778,#5461,#5462);
#4771=AXIS2_PLACEMENT_3D('',#6779,#5463,#5464);
#4772=AXIS2_PLACEMENT_3D('',#6781,#5465,#5466);
#4773=AXIS2_PLACEMENT_3D('',#6783,#5467,#5468);
#4774=AXIS2_PLACEMENT_3D('',#6785,#5469,#5470);
#4775=AXIS2_PLACEMENT_3D('',#6787,#5471,#5472);
#4776=AXIS2_PLACEMENT_3D('',#6788,#5473,#5474);
#4777=AXIS2_PLACEMENT_3D('',#6794,#5478,#5479);
#4778=AXIS2_PLACEMENT_3D('',#6800,#5483,#5484);
#4779=AXIS2_PLACEMENT_3D('',#6804,#5487,#5488);
#4780=AXIS2_PLACEMENT_3D('',#6816,#5495,#5496);
#4781=AXIS2_PLACEMENT_3D('',#6818,#5497,#5498);
#4782=AXIS2_PLACEMENT_3D('',#6827,#5504,#5505);
#4783=AXIS2_PLACEMENT_3D('',#6830,#5506,#5507);
#4784=AXIS2_PLACEMENT_3D('',#6833,#5509,#5510);
#4785=AXIS2_PLACEMENT_3D('',#6834,#5511,#5512);
#4786=AXIS2_PLACEMENT_3D('',#6840,#5516,#5517);
#4787=AXIS2_PLACEMENT_3D('',#6842,#5519,#5520);
#4788=AXIS2_PLACEMENT_3D('',#6849,#5525,#5526);
#4789=AXIS2_PLACEMENT_3D('',#6874,#5540,#5541);
#4790=AXIS2_PLACEMENT_3D('',#6878,#5544,#5545);
#4791=AXIS2_PLACEMENT_3D('',#6884,#5549,#5550);
#4792=AXIS2_PLACEMENT_3D('',#6888,#5553,#5554);
#4793=AXIS2_PLACEMENT_3D('',#6892,#5557,#5558);
#4794=AXIS2_PLACEMENT_3D('',#6894,#5560,#5561);
#4795=AXIS2_PLACEMENT_3D('',#6896,#5562,#5563);
#4796=AXIS2_PLACEMENT_3D('',#6898,#5565,#5566);
#4797=AXIS2_PLACEMENT_3D('',#6900,#5567,#5568);
#4798=AXIS2_PLACEMENT_3D('',#6902,#5570,#5571);
#4799=AXIS2_PLACEMENT_3D('',#6904,#5572,#5573);
#4800=AXIS2_PLACEMENT_3D('',#6906,#5575,#5576);
#4801=AXIS2_PLACEMENT_3D('',#6908,#5577,#5578);
#4802=AXIS2_PLACEMENT_3D('',#6910,#5580,#5581);
#4803=AXIS2_PLACEMENT_3D('',#6914,#5583,#5584);
#4804=AXIS2_PLACEMENT_3D('',#6916,#5586,#5587);
#4805=AXIS2_PLACEMENT_3D('',#6919,#5590,#5591);
#4806=AXIS2_PLACEMENT_3D('',#6922,#5593,#5594);
#4807=AXIS2_PLACEMENT_3D('',#6923,#5595,#5596);
#4808=AXIS2_PLACEMENT_3D('',#6924,#5597,#5598);
#4809=AXIS2_PLACEMENT_3D('',#6925,#5599,#5600);
#4810=AXIS2_PLACEMENT_3D('',#6927,#5602,#5603);
#4811=AXIS2_PLACEMENT_3D('',#6929,#5605,#5606);
#4812=AXIS2_PLACEMENT_3D('',#6931,#5608,#5609);
#4813=AXIS2_PLACEMENT_3D('',#6932,#5610,#5611);
#4814=AXIS2_PLACEMENT_3D('',#6934,#5613,#5614);
#4815=AXIS2_PLACEMENT_3D('',#6936,#5616,#5617);
#4816=AXIS2_PLACEMENT_3D('',#6940,#5620,#5621);
#4817=AXIS2_PLACEMENT_3D('',#6944,#5624,#5625);
#4818=AXIS2_PLACEMENT_3D('',#6946,#5627,#5628);
#4819=AXIS2_PLACEMENT_3D('',#6948,#5630,#5631);
#4820=AXIS2_PLACEMENT_3D('',#6950,#5633,#5634);
#4821=AXIS2_PLACEMENT_3D('',#6952,#5636,#5637);
#4822=AXIS2_PLACEMENT_3D('',#6954,#5639,#5640);
#4823=AXIS2_PLACEMENT_3D('',#6956,#5642,#5643);
#4824=AXIS2_PLACEMENT_3D('',#6959,#5646,#5647);
#4825=AXIS2_PLACEMENT_3D('',#6961,#5649,#5650);
#4826=AXIS2_PLACEMENT_3D('',#6967,#5654,#5655);
#4827=AXIS2_PLACEMENT_3D('',#6978,#5661,#5662);
#4828=AXIS2_PLACEMENT_3D('',#6979,#5663,#5664);
#4829=AXIS2_PLACEMENT_3D('',#6981,#5666,#5667);
#4830=AXIS2_PLACEMENT_3D('',#6983,#5669,#5670);
#4831=AXIS2_PLACEMENT_3D('',#6986,#5673,#5674);
#4832=AXIS2_PLACEMENT_3D('',#6989,#5677,#5678);
#4833=AXIS2_PLACEMENT_3D('',#6992,#5680,#5681);
#4834=AXIS2_PLACEMENT_3D('',#6994,#5682,#5683);
#4835=AXIS2_PLACEMENT_3D('',#6997,#5684,#5685);
#4836=AXIS2_PLACEMENT_3D('',#6998,#5686,#5687);
#4837=AXIS2_PLACEMENT_3D('',#7001,#5688,#5689);
#4838=AXIS2_PLACEMENT_3D('',#7002,#5690,#5691);
#4839=AXIS2_PLACEMENT_3D('',#7003,#5692,#5693);
#4840=AXIS2_PLACEMENT_3D('',#7004,#5694,#5695);
#4841=AXIS2_PLACEMENT_3D('',#7005,#5696,#5697);
#4842=AXIS2_PLACEMENT_3D('',#7006,#5698,#5699);
#4843=AXIS2_PLACEMENT_3D('',#7029,#5712,#5713);
#4844=AXIS2_PLACEMENT_3D('',#7052,#5726,#5727);
#4845=AXIS2_PLACEMENT_3D('',#7055,#5730,#5731);
#4846=AXIS2_PLACEMENT_3D('',#7058,#5734,#5735);
#4847=AXIS2_PLACEMENT_3D('',#7059,#5736,#5737);
#4848=AXIS2_PLACEMENT_3D('',#7062,#5740,#5741);
#4849=AXIS2_PLACEMENT_3D('',#7064,#5743,#5744);
#4850=AXIS2_PLACEMENT_3D('',#7065,#5745,#5746);
#4851=AXIS2_PLACEMENT_3D('',#7066,#5747,#5748);
#4852=AXIS2_PLACEMENT_3D('',#7068,#5750,#5751);
#4853=AXIS2_PLACEMENT_3D('',#7070,#5753,#5754);
#4854=AXIS2_PLACEMENT_3D('',#7076,#5758,#5759);
#4855=AXIS2_PLACEMENT_3D('',#7082,#5763,#5764);
#4856=AXIS2_PLACEMENT_3D('',#7086,#5767,#5768);
#4857=AXIS2_PLACEMENT_3D('',#7092,#5772,#5773);
#4858=AXIS2_PLACEMENT_3D('',#7096,#5776,#5777);
#4859=AXIS2_PLACEMENT_3D('',#7100,#5780,#5781);
#4860=AXIS2_PLACEMENT_3D('',#7111,#5788,#5789);
#4861=AXIS2_PLACEMENT_3D('',#7114,#5792,#5793);
#4862=AXIS2_PLACEMENT_3D('',#7115,#5794,#5795);
#4863=AXIS2_PLACEMENT_3D('',#7118,#5798,#5799);
#4864=AXIS2_PLACEMENT_3D('',#7119,#5800,#5801);
#4865=AXIS2_PLACEMENT_3D('',#7121,#5802,#5803);
#4866=AXIS2_PLACEMENT_3D('',#7124,#5805,#5806);
#4867=AXIS2_PLACEMENT_3D('',#7125,#5807,#5808);
#4868=AXIS2_PLACEMENT_3D('',#7126,#5809,#5810);
#4869=AXIS2_PLACEMENT_3D('',#7128,#5811,#5812);
#4870=AXIS2_PLACEMENT_3D('',#7131,#5814,#5815);
#4871=AXIS2_PLACEMENT_3D('',#7132,#5816,#5817);
#4872=AXIS2_PLACEMENT_3D('',#7134,#5818,#5819);
#4873=AXIS2_PLACEMENT_3D('',#7135,#5820,#5821);
#4874=AXIS2_PLACEMENT_3D('',#7138,#5822,#5823);
#4875=AXIS2_PLACEMENT_3D('',#7142,#5825,#5826);
#4876=AXIS2_PLACEMENT_3D('',#7144,#5828,#5829);
#4877=AXIS2_PLACEMENT_3D('',#7147,#5830,#5831);
#4878=AXIS2_PLACEMENT_3D('',#7151,#5833,#5834);
#4879=AXIS2_PLACEMENT_3D('',#7153,#5836,#5837);
#4880=AXIS2_PLACEMENT_3D('',#7156,#5840,#5841);
#4881=AXIS2_PLACEMENT_3D('',#7160,#5843,#5844);
#4882=AXIS2_PLACEMENT_3D('',#7168,#5848,#5849);
#4883=AXIS2_PLACEMENT_3D('',#7170,#5851,#5852);
#4884=AXIS2_PLACEMENT_3D('',#7173,#5853,#5854);
#4885=AXIS2_PLACEMENT_3D('',#7181,#5858,#5859);
#4886=AXIS2_PLACEMENT_3D('',#7183,#5861,#5862);
#4887=AXIS2_PLACEMENT_3D('',#7186,#5865,#5866);
#4888=AXIS2_PLACEMENT_3D('',#7189,#5869,#5870);
#4889=AXIS2_PLACEMENT_3D('',#7190,#5871,#5872);
#4890=AXIS2_PLACEMENT_3D('',#7196,#5876,#5877);
#4891=AXIS2_PLACEMENT_3D('',#7199,#5879,#5880);
#4892=AXIS2_PLACEMENT_3D('',#7200,#5881,#5882);
#4893=AXIS2_PLACEMENT_3D('',#7202,#5883,#5884);
#4894=AXIS2_PLACEMENT_3D('',#7204,#5886,#5887);
#4895=AXIS2_PLACEMENT_3D('',#7214,#5893,#5894);
#4896=AXIS2_PLACEMENT_3D('',#7217,#5895,#5896);
#4897=AXIS2_PLACEMENT_3D('',#7221,#5898,#5899);
#4898=AXIS2_PLACEMENT_3D('',#7223,#5901,#5902);
#4899=AXIS2_PLACEMENT_3D('',#7226,#5903,#5904);
#4900=AXIS2_PLACEMENT_3D('',#7230,#5906,#5907);
#4901=AXIS2_PLACEMENT_3D('',#7232,#5909,#5910);
#4902=AXIS2_PLACEMENT_3D('',#7244,#5918,#5919);
#4903=AXIS2_PLACEMENT_3D('',#7246,#5921,#5922);
#4904=AXIS2_PLACEMENT_3D('',#7253,#5927,#5928);
#4905=AXIS2_PLACEMENT_3D('',#7257,#5931,#5932);
#4906=AXIS2_PLACEMENT_3D('',#7261,#5934,#5935);
#4907=AXIS2_PLACEMENT_3D('',#7265,#5938,#5939);
#4908=AXIS2_PLACEMENT_3D('',#7273,#5943,#5944);
#4909=AXIS2_PLACEMENT_3D('',#7275,#5946,#5947);
#4910=AXIS2_PLACEMENT_3D('',#7278,#5949,#5950);
#4911=AXIS2_PLACEMENT_3D('',#7279,#5951,#5952);
#4912=AXIS2_PLACEMENT_3D('',#7282,#5954,#5955);
#4913=AXIS2_PLACEMENT_3D('',#7283,#5956,#5957);
#4914=AXIS2_PLACEMENT_3D('',#7285,#5959,#5960);
#4915=AXIS2_PLACEMENT_3D('',#7287,#5962,#5963);
#4916=AXIS2_PLACEMENT_3D('',#7289,#5965,#5966);
#4917=AXIS2_PLACEMENT_3D('',#7291,#5967,#5968);
#4918=AXIS2_PLACEMENT_3D('',#7293,#5969,#5970);
#4919=AXIS2_PLACEMENT_3D('',#7294,#5971,#5972);
#4920=AXIS2_PLACEMENT_3D('',#7297,#5974,#5975);
#4921=AXIS2_PLACEMENT_3D('',#7298,#5976,#5977);
#4922=AXIS2_PLACEMENT_3D('',#7300,#5979,#5980);
#4923=AXIS2_PLACEMENT_3D('',#7301,#5981,#5982);
#4924=AXIS2_PLACEMENT_3D('',#7303,#5984,#5985);
#4925=AXIS2_PLACEMENT_3D('',#7317,#5993,#5994);
#4926=AXIS2_PLACEMENT_3D('',#7332,#6003,#6004);
#4927=AXIS2_PLACEMENT_3D('',#7333,#6005,#6006);
#4928=AXIS2_PLACEMENT_3D('',#7334,#6007,#6008);
#4929=AXIS2_PLACEMENT_3D('',#7336,#6010,#6011);
#4930=AXIS2_PLACEMENT_3D('',#7337,#6012,#6013);
#4931=AXIS2_PLACEMENT_3D('',#7341,#6016,#6017);
#4932=AXIS2_PLACEMENT_3D('',#7345,#6020,#6021);
#4933=AXIS2_PLACEMENT_3D('',#7355,#6027,#6028);
#4934=AXIS2_PLACEMENT_3D('',#7357,#6030,#6031);
#4935=AXIS2_PLACEMENT_3D('',#7359,#6033,#6034);
#4936=AXIS2_PLACEMENT_3D('',#7362,#6037,#6038);
#4937=AXIS2_PLACEMENT_3D('',#7363,#6039,#6040);
#4938=AXIS2_PLACEMENT_3D('',#7364,#6041,#6042);
#4939=AXIS2_PLACEMENT_3D('',#7368,#6045,#6046);
#4940=AXIS2_PLACEMENT_3D('',#7372,#6049,#6050);
#4941=AXIS2_PLACEMENT_3D('',#7382,#6056,#6057);
#4942=AXIS2_PLACEMENT_3D('',#7384,#6059,#6060);
#4943=AXIS2_PLACEMENT_3D('',#7386,#6062,#6063);
#4944=AXIS2_PLACEMENT_3D('',#7389,#6066,#6067);
#4945=AXIS2_PLACEMENT_3D('',#7390,#6068,#6069);
#4946=AXIS2_PLACEMENT_3D('',#7391,#6070,#6071);
#4947=AXIS2_PLACEMENT_3D('',#7393,#6073,#6074);
#4948=AXIS2_PLACEMENT_3D('',#7395,#6076,#6077);
#4949=AXIS2_PLACEMENT_3D('',#7397,#6079,#6080);
#4950=AXIS2_PLACEMENT_3D('',#7398,#6081,#6082);
#4951=AXIS2_PLACEMENT_3D('',#7400,#6084,#6085);
#4952=AXIS2_PLACEMENT_3D('',#7402,#6087,#6088);
#4953=AXIS2_PLACEMENT_3D('',#7404,#6090,#6091);
#4954=AXIS2_PLACEMENT_3D('',#7405,#6092,#6093);
#4955=AXIS2_PLACEMENT_3D('',#7407,#6095,#6096);
#4956=AXIS2_PLACEMENT_3D('',#7410,#6099,#6100);
#4957=AXIS2_PLACEMENT_3D('',#7411,#6101,#6102);
#4958=AXIS2_PLACEMENT_3D('',#7415,#6105,#6106);
#4959=AXIS2_PLACEMENT_3D('',#7418,#6107,#6108);
#4960=AXIS2_PLACEMENT_3D('',#7423,#6112,#6113);
#4961=AXIS2_PLACEMENT_3D('',#7431,#6118,#6119);
#4962=AXIS2_PLACEMENT_3D('',#7441,#6125,#6126);
#4963=AXIS2_PLACEMENT_3D('',#7446,#6130,#6131);
#4964=AXIS2_PLACEMENT_3D('',#7449,#6134,#6135);
#4965=AXIS2_PLACEMENT_3D('',#7450,#6136,#6137);
#4966=AXIS2_PLACEMENT_3D('',#7451,#6138,#6139);
#4967=AXIS2_PLACEMENT_3D('',#7453,#6141,#6142);
#4968=AXIS2_PLACEMENT_3D('',#7457,#6145,#6146);
#4969=AXIS2_PLACEMENT_3D('',#7459,#6148,#6149);
#4970=AXIS2_PLACEMENT_3D('',#7464,#6153,#6154);
#4971=AXIS2_PLACEMENT_3D('',#7465,#6155,#6156);
#4972=AXIS2_PLACEMENT_3D('',#7467,#6158,#6159);
#4973=AXIS2_PLACEMENT_3D('',#7468,#6160,#6161);
#4974=AXIS2_PLACEMENT_3D('',#7470,#6163,#6164);
#4975=AXIS2_PLACEMENT_3D('',#7480,#6170,#6171);
#4976=AXIS2_PLACEMENT_3D('',#7482,#6172,#6173);
#4977=AXIS2_PLACEMENT_3D('',#7486,#6176,#6177);
#4978=AXIS2_PLACEMENT_3D('',#7487,#6178,#6179);
#4979=AXIS2_PLACEMENT_3D('',#7489,#6181,#6182);
#4980=AXIS2_PLACEMENT_3D('',#7491,#6184,#6185);
#4981=AXIS2_PLACEMENT_3D('',#7493,#6187,#6188);
#4982=AXIS2_PLACEMENT_3D('',#7495,#6189,#6190);
#4983=AXIS2_PLACEMENT_3D('',#7497,#6192,#6193);
#4984=AXIS2_PLACEMENT_3D('',#7499,#6195,#6196);
#4985=AXIS2_PLACEMENT_3D('',#7501,#6198,#6199);
#4986=AXIS2_PLACEMENT_3D('',#7502,#6200,#6201);
#4987=AXIS2_PLACEMENT_3D('',#7503,#6202,#6203);
#4988=AXIS2_PLACEMENT_3D('',#7505,#6205,#6206);
#4989=AXIS2_PLACEMENT_3D('',#7506,#6207,#6208);
#4990=AXIS2_PLACEMENT_3D('',#7509,#6210,#6211);
#4991=AXIS2_PLACEMENT_3D('',#7510,#6212,#6213);
#4992=AXIS2_PLACEMENT_3D('',#7511,#6214,#6215);
#4993=AXIS2_PLACEMENT_3D('',#7512,#6216,#6217);
#4994=AXIS2_PLACEMENT_3D('',#7513,#6218,#6219);
#4995=AXIS2_PLACEMENT_3D('',#7514,#6220,#6221);
#4996=AXIS2_PLACEMENT_3D('',#7515,#6222,#6223);
#4997=DIRECTION('axis',(0.,0.,1.));
#4998=DIRECTION('refdir',(1.,0.,0.));
#4999=DIRECTION('center_axis',(0.,1.,0.));
#5000=DIRECTION('ref_axis',(-1.,0.,0.));
#5001=DIRECTION('center_axis',(0.,-1.,0.));
#5002=DIRECTION('ref_axis',(-1.,0.,0.));
#5003=DIRECTION('',(0.,-1.,0.));
#5004=DIRECTION('center_axis',(0.,1.,0.));
#5005=DIRECTION('ref_axis',(-1.,0.,0.));
#5006=DIRECTION('center_axis',(0.,1.,0.));
#5007=DIRECTION('ref_axis',(1.,0.,0.));
#5008=DIRECTION('center_axis',(0.,1.,0.));
#5009=DIRECTION('ref_axis',(1.,0.,0.));
#5010=DIRECTION('',(0.,-1.,0.));
#5011=DIRECTION('center_axis',(0.,-1.,0.));
#5012=DIRECTION('ref_axis',(1.,0.,0.));
#5013=DIRECTION('center_axis',(0.,1.,0.));
#5014=DIRECTION('ref_axis',(0.,0.,1.));
#5015=DIRECTION('center_axis',(0.,1.,0.));
#5016=DIRECTION('ref_axis',(-1.,0.,0.));
#5017=DIRECTION('center_axis',(0.,-1.,0.));
#5018=DIRECTION('ref_axis',(-1.,0.,0.));
#5019=DIRECTION('',(0.,-1.,0.));
#5020=DIRECTION('center_axis',(0.,1.,0.));
#5021=DIRECTION('ref_axis',(-1.,0.,0.));
#5022=DIRECTION('center_axis',(0.,1.,0.));
#5023=DIRECTION('ref_axis',(1.,0.,0.));
#5024=DIRECTION('center_axis',(0.,1.,0.));
#5025=DIRECTION('ref_axis',(1.,0.,0.));
#5026=DIRECTION('',(0.,-1.,0.));
#5027=DIRECTION('center_axis',(0.,-1.,0.));
#5028=DIRECTION('ref_axis',(1.,0.,0.));
#5029=DIRECTION('center_axis',(0.,1.,0.));
#5030=DIRECTION('ref_axis',(0.,0.,1.));
#5031=DIRECTION('center_axis',(0.,1.,0.));
#5032=DIRECTION('ref_axis',(-1.,0.,0.));
#5033=DIRECTION('center_axis',(0.,-1.,0.));
#5034=DIRECTION('ref_axis',(-1.,0.,0.));
#5035=DIRECTION('',(0.,-1.,0.));
#5036=DIRECTION('center_axis',(0.,1.,0.));
#5037=DIRECTION('ref_axis',(-1.,0.,0.));
#5038=DIRECTION('center_axis',(0.,1.,0.));
#5039=DIRECTION('ref_axis',(1.,0.,0.));
#5040=DIRECTION('center_axis',(0.,1.,0.));
#5041=DIRECTION('ref_axis',(1.,0.,0.));
#5042=DIRECTION('',(0.,-1.,0.));
#5043=DIRECTION('center_axis',(0.,-1.,0.));
#5044=DIRECTION('ref_axis',(1.,0.,0.));
#5045=DIRECTION('center_axis',(0.,1.,0.));
#5046=DIRECTION('ref_axis',(0.,0.,1.));
#5047=DIRECTION('center_axis',(0.,1.,0.));
#5048=DIRECTION('ref_axis',(-1.,0.,0.));
#5049=DIRECTION('center_axis',(0.,-1.,0.));
#5050=DIRECTION('ref_axis',(-1.,0.,0.));
#5051=DIRECTION('',(0.,-1.,0.));
#5052=DIRECTION('center_axis',(0.,1.,0.));
#5053=DIRECTION('ref_axis',(-1.,0.,0.));
#5054=DIRECTION('center_axis',(0.,1.,0.));
#5055=DIRECTION('ref_axis',(1.,0.,0.));
#5056=DIRECTION('center_axis',(0.,1.,0.));
#5057=DIRECTION('ref_axis',(1.,0.,0.));
#5058=DIRECTION('',(0.,-1.,0.));
#5059=DIRECTION('center_axis',(0.,-1.,0.));
#5060=DIRECTION('ref_axis',(1.,0.,0.));
#5061=DIRECTION('center_axis',(0.,1.,0.));
#5062=DIRECTION('ref_axis',(0.,0.,1.));
#5063=DIRECTION('center_axis',(0.,1.,0.));
#5064=DIRECTION('ref_axis',(0.,0.,1.));
#5065=DIRECTION('center_axis',(0.,1.,0.));
#5066=DIRECTION('ref_axis',(0.,0.,-1.));
#5067=DIRECTION('',(-1.,0.,0.));
#5068=DIRECTION('',(0.,0.,-1.));
#5069=DIRECTION('',(1.,0.,0.));
#5070=DIRECTION('',(0.,0.,1.));
#5071=DIRECTION('',(1.,0.,0.));
#5072=DIRECTION('',(0.,0.,-1.));
#5073=DIRECTION('',(-1.,0.,0.));
#5074=DIRECTION('',(0.,0.,-1.));
#5075=DIRECTION('',(1.,0.,0.));
#5076=DIRECTION('',(0.,0.,-1.));
#5077=DIRECTION('',(1.,5.55111512312578E-17,0.));
#5078=DIRECTION('',(0.,0.,-1.));
#5079=DIRECTION('',(-1.,0.,0.));
#5080=DIRECTION('',(0.,0.,1.));
#5081=DIRECTION('',(1.,-5.55111512312578E-17,0.));
#5082=DIRECTION('',(0.,0.,-1.));
#5083=DIRECTION('',(1.,0.,0.));
#5084=DIRECTION('',(0.,0.,1.));
#5085=DIRECTION('',(-1.,0.,0.));
#5086=DIRECTION('',(8.88178419700125E-17,0.,1.));
#5087=DIRECTION('',(-1.,0.,1.1842378929335E-15));
#5088=DIRECTION('',(0.,0.,-1.));
#5089=DIRECTION('',(-1.,0.,0.));
#5090=DIRECTION('',(0.,0.,1.));
#5091=DIRECTION('',(-1.,0.,0.));
#5092=DIRECTION('center_axis',(0.,1.,0.));
#5093=DIRECTION('ref_axis',(-8.88135994397551E-16,0.,1.));
#5094=DIRECTION('center_axis',(0.,1.,0.));
#5095=DIRECTION('ref_axis',(1.,0.,0.));
#5096=DIRECTION('',(1.,0.,0.));
#5097=DIRECTION('',(-9.65421351226454E-17,0.,-1.));
#5098=DIRECTION('center_axis',(0.,-1.,0.));
#5099=DIRECTION('ref_axis',(1.,0.,0.));
#5100=DIRECTION('center_axis',(0.,-1.,0.));
#5101=DIRECTION('ref_axis',(1.,0.,0.));
#5102=DIRECTION('',(-9.65421351226454E-17,0.,-1.));
#5103=DIRECTION('',(-1.,2.23190603816793E-32,9.44861056064421E-17));
#5104=DIRECTION('',(9.44861056064421E-17,2.36215264016105E-16,1.));
#5105=DIRECTION('',(-1.,0.,0.));
#5106=DIRECTION('',(-9.44861056064421E-17,-2.36215264016105E-16,-1.));
#5107=DIRECTION('',(-1.,2.23190603816793E-32,9.44861056064421E-17));
#5108=DIRECTION('',(0.,0.,1.));
#5109=DIRECTION('center_axis',(0.,-1.,0.));
#5110=DIRECTION('ref_axis',(1.,0.,0.));
#5111=DIRECTION('',(0.,0.,1.));
#5112=DIRECTION('',(1.,0.,0.));
#5113=DIRECTION('center_axis',(0.,1.,0.));
#5114=DIRECTION('ref_axis',(1.,0.,0.));
#5115=DIRECTION('center_axis',(0.,-1.,0.));
#5116=DIRECTION('ref_axis',(1.,0.,0.));
#5117=DIRECTION('center_axis',(0.,-1.,0.));
#5118=DIRECTION('ref_axis',(1.,0.,0.));
#5119=DIRECTION('center_axis',(0.,-1.,0.));
#5120=DIRECTION('ref_axis',(1.,0.,0.));
#5121=DIRECTION('center_axis',(0.,-1.,0.));
#5122=DIRECTION('ref_axis',(1.,0.,0.));
#5123=DIRECTION('center_axis',(0.,-1.,0.));
#5124=DIRECTION('ref_axis',(1.,0.,0.));
#5125=DIRECTION('center_axis',(0.,-1.,0.));
#5126=DIRECTION('ref_axis',(1.,0.,0.));
#5127=DIRECTION('',(0.,0.,-1.));
#5128=DIRECTION('',(-1.,0.,0.));
#5129=DIRECTION('',(0.,0.,1.));
#5130=DIRECTION('',(-1.,0.,0.));
#5131=DIRECTION('',(0.,0.,-1.));
#5132=DIRECTION('',(-1.,0.,0.));
#5133=DIRECTION('',(0.,0.,1.));
#5134=DIRECTION('',(-1.,0.,0.));
#5135=DIRECTION('',(0.,0.,-1.));
#5136=DIRECTION('',(1.,0.,0.));
#5137=DIRECTION('',(0.,0.,1.));
#5138=DIRECTION('',(-0.999999999988095,0.,-4.8796637398559E-6));
#5139=DIRECTION('',(0.,0.,1.));
#5140=DIRECTION('',(-1.,0.,0.));
#5141=DIRECTION('center_axis',(0.,1.,0.));
#5142=DIRECTION('ref_axis',(0.,0.,1.));
#5143=DIRECTION('center_axis',(0.,1.,0.));
#5144=DIRECTION('ref_axis',(0.,0.,1.));
#5145=DIRECTION('center_axis',(0.,1.,0.));
#5146=DIRECTION('ref_axis',(0.,0.,1.));
#5147=DIRECTION('center_axis',(0.,1.,0.));
#5148=DIRECTION('ref_axis',(-1.,0.,0.));
#5149=DIRECTION('center_axis',(0.,-1.,0.));
#5150=DIRECTION('ref_axis',(-1.,0.,0.));
#5151=DIRECTION('',(0.,-1.,0.));
#5152=DIRECTION('center_axis',(0.,1.,0.));
#5153=DIRECTION('ref_axis',(-1.,0.,0.));
#5154=DIRECTION('center_axis',(0.,1.,0.));
#5155=DIRECTION('ref_axis',(1.,0.,0.));
#5156=DIRECTION('center_axis',(0.,1.,0.));
#5157=DIRECTION('ref_axis',(1.,0.,0.));
#5158=DIRECTION('',(0.,-1.,0.));
#5159=DIRECTION('center_axis',(0.,1.,0.));
#5160=DIRECTION('ref_axis',(0.,0.,1.));
#5161=DIRECTION('center_axis',(0.,1.,0.));
#5162=DIRECTION('ref_axis',(-1.,0.,0.));
#5163=DIRECTION('center_axis',(0.,-1.,0.));
#5164=DIRECTION('ref_axis',(-1.,0.,0.));
#5165=DIRECTION('',(0.,-1.,0.));
#5166=DIRECTION('center_axis',(0.,1.,0.));
#5167=DIRECTION('ref_axis',(-1.,0.,0.));
#5168=DIRECTION('center_axis',(0.,1.,0.));
#5169=DIRECTION('ref_axis',(1.,0.,0.));
#5170=DIRECTION('center_axis',(0.,1.,0.));
#5171=DIRECTION('ref_axis',(1.,0.,0.));
#5172=DIRECTION('',(0.,-1.,0.));
#5173=DIRECTION('center_axis',(0.,1.,0.));
#5174=DIRECTION('ref_axis',(0.,0.,1.));
#5175=DIRECTION('center_axis',(0.,1.,0.));
#5176=DIRECTION('ref_axis',(-1.,0.,0.));
#5177=DIRECTION('center_axis',(0.,-1.,0.));
#5178=DIRECTION('ref_axis',(-1.,0.,0.));
#5179=DIRECTION('',(0.,-1.,0.));
#5180=DIRECTION('center_axis',(0.,1.,0.));
#5181=DIRECTION('ref_axis',(-1.,0.,0.));
#5182=DIRECTION('center_axis',(0.,1.,0.));
#5183=DIRECTION('ref_axis',(1.,0.,0.));
#5184=DIRECTION('center_axis',(0.,1.,0.));
#5185=DIRECTION('ref_axis',(1.,0.,0.));
#5186=DIRECTION('',(0.,-1.,0.));
#5187=DIRECTION('center_axis',(0.,1.,0.));
#5188=DIRECTION('ref_axis',(0.,0.,1.));
#5189=DIRECTION('center_axis',(0.,1.,0.));
#5190=DIRECTION('ref_axis',(-1.,0.,0.));
#5191=DIRECTION('center_axis',(0.,-1.,0.));
#5192=DIRECTION('ref_axis',(-1.,0.,0.));
#5193=DIRECTION('',(0.,-1.,0.));
#5194=DIRECTION('center_axis',(0.,1.,0.));
#5195=DIRECTION('ref_axis',(-1.,0.,0.));
#5196=DIRECTION('center_axis',(0.,1.,0.));
#5197=DIRECTION('ref_axis',(1.,0.,0.));
#5198=DIRECTION('center_axis',(0.,1.,0.));
#5199=DIRECTION('ref_axis',(1.,0.,0.));
#5200=DIRECTION('',(0.,-1.,0.));
#5201=DIRECTION('center_axis',(0.,1.,0.));
#5202=DIRECTION('ref_axis',(0.,0.,1.));
#5203=DIRECTION('center_axis',(0.,1.,0.));
#5204=DIRECTION('ref_axis',(0.,0.,1.));
#5205=DIRECTION('center_axis',(0.,1.,0.));
#5206=DIRECTION('ref_axis',(0.,0.,1.));
#5207=DIRECTION('center_axis',(0.,1.,0.));
#5208=DIRECTION('ref_axis',(0.,0.,1.));
#5209=DIRECTION('center_axis',(0.,1.,0.));
#5210=DIRECTION('ref_axis',(0.,0.,1.));
#5211=DIRECTION('center_axis',(-1.,0.,0.));
#5212=DIRECTION('ref_axis',(0.,0.,1.));
#5213=DIRECTION('',(0.,1.,0.));
#5214=DIRECTION('',(0.,-1.,0.));
#5215=DIRECTION('',(0.,0.,1.));
#5216=DIRECTION('center_axis',(1.,0.,0.));
#5217=DIRECTION('ref_axis',(0.,0.,-1.));
#5218=DIRECTION('',(0.,0.,-1.));
#5219=DIRECTION('',(0.,1.,0.));
#5220=DIRECTION('',(0.,-1.,0.));
#5221=DIRECTION('center_axis',(0.,1.,0.));
#5222=DIRECTION('ref_axis',(0.,0.,1.));
#5223=DIRECTION('center_axis',(0.,-1.,0.));
#5224=DIRECTION('ref_axis',(1.,0.,0.));
#5225=DIRECTION('',(1.,0.,0.));
#5226=DIRECTION('',(0.,0.,1.));
#5227=DIRECTION('',(1.,0.,0.));
#5228=DIRECTION('',(0.,0.,1.));
#5229=DIRECTION('center_axis',(-1.,0.,0.));
#5230=DIRECTION('ref_axis',(0.,-1.,0.));
#5231=DIRECTION('',(0.,-1.,0.));
#5232=DIRECTION('',(0.,0.,1.));
#5233=DIRECTION('',(0.,-1.,0.));
#5234=DIRECTION('center_axis',(0.,1.,0.));
#5235=DIRECTION('ref_axis',(-1.,0.,0.));
#5236=DIRECTION('',(-1.,0.,0.));
#5237=DIRECTION('',(0.,0.,1.));
#5238=DIRECTION('',(-1.,0.,0.));
#5239=DIRECTION('center_axis',(1.,0.,0.));
#5240=DIRECTION('ref_axis',(0.,1.,0.));
#5241=DIRECTION('',(0.,1.,0.));
#5242=DIRECTION('',(0.,1.,0.));
#5243=DIRECTION('center_axis',(0.,0.,1.));
#5244=DIRECTION('ref_axis',(1.,0.,0.));
#5245=DIRECTION('center_axis',(0.,-1.,0.));
#5246=DIRECTION('ref_axis',(0.,0.,-1.));
#5247=DIRECTION('',(-0.999999999988094,0.,-4.8796637398559E-6));
#5248=DIRECTION('',(0.,0.,1.));
#5249=DIRECTION('',(1.,0.,0.));
#5250=DIRECTION('',(0.,0.,-1.));
#5251=DIRECTION('',(-1.,0.,0.));
#5252=DIRECTION('',(0.,0.,1.));
#5253=DIRECTION('',(-1.,0.,0.));
#5254=DIRECTION('center_axis',(0.,-1.,0.));
#5255=DIRECTION('ref_axis',(1.,0.,0.));
#5256=DIRECTION('center_axis',(-4.8796637398559E-6,0.,0.999999999988095));
#5257=DIRECTION('ref_axis',(-0.999999999988095,0.,-4.8796637398559E-6));
#5258=DIRECTION('',(-0.999999999988095,0.,-4.8796637398559E-6));
#5259=DIRECTION('',(0.,-1.,0.));
#5260=DIRECTION('',(0.,-1.,0.));
#5261=DIRECTION('',(-0.999999999988095,0.,-4.8796637398559E-6));
#5262=DIRECTION('center_axis',(0.,-1.,0.));
#5263=DIRECTION('ref_axis',(0.,0.,-1.));
#5264=DIRECTION('',(-1.,0.,0.));
#5265=DIRECTION('',(0.,0.,1.));
#5266=DIRECTION('',(1.,0.,0.));
#5267=DIRECTION('',(0.,0.,-1.));
#5268=DIRECTION('',(-1.,0.,0.));
#5269=DIRECTION('center_axis',(0.,0.,1.));
#5270=DIRECTION('ref_axis',(1.,0.,0.));
#5271=DIRECTION('',(0.,1.,0.));
#5272=DIRECTION('',(0.,1.,0.));
#5273=DIRECTION('center_axis',(-1.,0.,0.));
#5274=DIRECTION('ref_axis',(0.,0.,1.));
#5275=DIRECTION('',(0.,1.,0.));
#5276=DIRECTION('center_axis',(0.,0.,-1.));
#5277=DIRECTION('ref_axis',(-1.,0.,0.));
#5278=DIRECTION('',(0.,1.,0.));
#5279=DIRECTION('',(0.,-1.,0.));
#5280=DIRECTION('center_axis',(1.,0.,0.));
#5281=DIRECTION('ref_axis',(0.,0.,-1.));
#5282=DIRECTION('center_axis',(0.,0.,1.));
#5283=DIRECTION('ref_axis',(-1.,0.,0.));
#5284=DIRECTION('',(1.,0.,0.));
#5285=DIRECTION('',(0.,-1.,0.));
#5286=DIRECTION('',(0.,-1.,0.));
#5287=DIRECTION('center_axis',(0.,1.,0.));
#5288=DIRECTION('ref_axis',(0.,0.,1.));
#5289=DIRECTION('',(-0.877953818010279,0.,0.478745332552886));
#5290=DIRECTION('',(1.,0.,0.));
#5291=DIRECTION('',(-0.877895572914384,0.,0.478852130680574));
#5292=DIRECTION('',(0.,0.,1.));
#5293=DIRECTION('',(-1.,0.,0.));
#5294=DIRECTION('',(0.,0.,1.));
#5295=DIRECTION('',(-1.,0.,0.));
#5296=DIRECTION('',(0.,0.,-1.));
#5297=DIRECTION('',(-1.,0.,0.));
#5298=DIRECTION('',(0.,0.,-1.));
#5299=DIRECTION('',(-0.87789557291403,0.,-0.478852130681222));
#5300=DIRECTION('',(9.65421351226454E-17,0.,1.));
#5301=DIRECTION('',(0.3,0.,-0.953939201416946));
#5302=DIRECTION('',(-9.65421351226454E-17,0.,-1.));
#5303=DIRECTION('',(-1.,0.,0.));
#5304=DIRECTION('center_axis',(0.,-1.,0.));
#5305=DIRECTION('ref_axis',(1.,0.,0.));
#5306=DIRECTION('center_axis',(0.,-1.,0.));
#5307=DIRECTION('ref_axis',(-8.88135994397551E-16,0.,1.));
#5308=DIRECTION('',(1.,0.,0.));
#5309=DIRECTION('',(0.,0.,-1.));
#5310=DIRECTION('',(-1.,0.,-2.86509167645202E-16));
#5311=DIRECTION('',(-1.,0.,1.1842378929335E-15));
#5312=DIRECTION('',(0.,0.,-1.));
#5313=DIRECTION('',(-1.,0.,0.));
#5314=DIRECTION('',(0.,0.,-1.));
#5315=DIRECTION('',(1.,0.,0.));
#5316=DIRECTION('',(-1.,0.,0.));
#5317=DIRECTION('',(0.,0.,1.));
#5318=DIRECTION('',(1.,0.,0.));
#5319=DIRECTION('center_axis',(0.,-1.,0.));
#5320=DIRECTION('ref_axis',(0.,0.,-1.));
#5321=DIRECTION('center_axis',(0.,-1.,0.));
#5322=DIRECTION('ref_axis',(1.,0.,0.));
#5323=DIRECTION('',(-1.,0.,0.));
#5324=DIRECTION('',(-9.65421351226454E-17,0.,1.));
#5325=DIRECTION('',(0.300000000000001,0.,0.953939201416945));
#5326=DIRECTION('',(9.65421351226454E-17,0.,-1.));
#5327=DIRECTION('center_axis',(0.,1.,0.));
#5328=DIRECTION('ref_axis',(0.,0.,1.));
#5329=DIRECTION('',(0.,0.,1.));
#5330=DIRECTION('',(0.,0.,-1.));
#5331=DIRECTION('',(-1.,0.,0.));
#5332=DIRECTION('center_axis',(0.,1.,0.));
#5333=DIRECTION('ref_axis',(1.,0.,0.));
#5334=DIRECTION('center_axis',(0.,1.,0.));
#5335=DIRECTION('ref_axis',(1.,0.,0.));
#5336=DIRECTION('center_axis',(0.,0.,1.));
#5337=DIRECTION('ref_axis',(-1.,0.,0.));
#5338=DIRECTION('',(-1.,0.,0.));
#5339=DIRECTION('',(0.,1.,0.));
#5340=DIRECTION('',(0.,-1.,0.));
#5341=DIRECTION('',(-1.23358113847239E-16,1.,0.));
#5342=DIRECTION('',(-1.,0.,0.));
#5343=DIRECTION('',(9.25185853854298E-17,-1.,0.));
#5344=DIRECTION('',(1.,0.,0.));
#5345=DIRECTION('center_axis',(1.,9.25185853854298E-17,0.));
#5346=DIRECTION('ref_axis',(-9.25185853854298E-17,1.,0.));
#5347=DIRECTION('',(0.,0.,1.));
#5348=DIRECTION('',(0.,1.,0.));
#5349=DIRECTION('',(0.,0.,-1.));
#5350=DIRECTION('center_axis',(0.,-1.,0.));
#5351=DIRECTION('ref_axis',(1.,0.,0.));
#5352=DIRECTION('',(0.,0.,-1.));
#5353=DIRECTION('',(1.,0.,0.));
#5354=DIRECTION('center_axis',(0.,0.,1.));
#5355=DIRECTION('ref_axis',(1.,0.,0.));
#5356=DIRECTION('',(-1.,2.77555756156289E-16,0.));
#5357=DIRECTION('',(0.,-1.,0.));
#5358=DIRECTION('center_axis',(0.,0.,1.));
#5359=DIRECTION('ref_axis',(1.,0.,0.));
#5360=DIRECTION('',(0.,1.,0.));
#5361=DIRECTION('',(1.,0.,0.));
#5362=DIRECTION('',(0.,1.,0.));
#5363=DIRECTION('center_axis',(0.,0.,-1.));
#5364=DIRECTION('ref_axis',(-1.,0.,0.));
#5365=DIRECTION('center_axis',(0.,0.,1.));
#5366=DIRECTION('ref_axis',(1.,0.,0.));
#5367=DIRECTION('center_axis',(0.,0.,-1.));
#5368=DIRECTION('ref_axis',(-1.,0.,0.));
#5369=DIRECTION('center_axis',(0.,0.,-1.));
#5370=DIRECTION('ref_axis',(-1.,0.,0.));
#5371=DIRECTION('',(0.,0.,1.));
#5372=DIRECTION('center_axis',(0.,0.,1.));
#5373=DIRECTION('ref_axis',(1.,0.,0.));
#5374=DIRECTION('center_axis',(0.,0.,-1.));
#5375=DIRECTION('ref_axis',(-1.,0.,0.));
#5376=DIRECTION('center_axis',(0.,0.,1.));
#5377=DIRECTION('ref_axis',(1.,0.,0.));
#5378=DIRECTION('center_axis',(-1.,0.,0.));
#5379=DIRECTION('ref_axis',(0.,0.,1.));
#5380=DIRECTION('',(0.,0.,1.));
#5381=DIRECTION('',(0.,1.,0.));
#5382=DIRECTION('',(0.,0.,-1.));
#5383=DIRECTION('',(0.,-1.,0.));
#5384=DIRECTION('center_axis',(1.,0.,0.));
#5385=DIRECTION('ref_axis',(0.,0.,-1.));
#5386=DIRECTION('',(0.,0.,-1.));
#5387=DIRECTION('',(0.,1.,0.));
#5388=DIRECTION('',(0.,0.,1.));
#5389=DIRECTION('',(0.,-1.,0.));
#5390=DIRECTION('center_axis',(0.,0.,-1.));
#5391=DIRECTION('ref_axis',(-1.,0.,0.));
#5392=DIRECTION('',(-1.,0.,0.));
#5393=DIRECTION('',(1.,0.,0.));
#5394=DIRECTION('',(0.,-1.,0.));
#5395=DIRECTION('',(0.,-1.,0.));
#5396=DIRECTION('',(0.,1.,0.));
#5397=DIRECTION('',(0.,1.,0.));
#5398=DIRECTION('',(-1.,0.,0.));
#5399=DIRECTION('center_axis',(0.,0.,1.));
#5400=DIRECTION('ref_axis',(1.,0.,0.));
#5401=DIRECTION('center_axis',(0.,0.,1.));
#5402=DIRECTION('ref_axis',(1.,0.,0.));
#5403=DIRECTION('center_axis',(0.,-1.,0.));
#5404=DIRECTION('ref_axis',(1.,0.,0.));
#5405=DIRECTION('',(0.,-1.,0.));
#5406=DIRECTION('center_axis',(0.,-1.,0.));
#5407=DIRECTION('ref_axis',(1.,0.,0.));
#5408=DIRECTION('',(0.,-1.,0.));
#5409=DIRECTION('center_axis',(0.,-1.,0.));
#5410=DIRECTION('ref_axis',(0.,0.,1.));
#5411=DIRECTION('',(0.,0.,1.));
#5412=DIRECTION('',(-1.,0.,0.));
#5413=DIRECTION('',(0.,0.,1.));
#5414=DIRECTION('',(-1.,0.,0.));
#5415=DIRECTION('center_axis',(-1.,0.,0.));
#5416=DIRECTION('ref_axis',(0.,0.,1.));
#5417=DIRECTION('',(0.,0.,-1.));
#5418=DIRECTION('',(0.,-1.,0.));
#5419=DIRECTION('',(0.,1.,0.));
#5420=DIRECTION('center_axis',(-1.,0.,0.));
#5421=DIRECTION('ref_axis',(0.,0.,1.));
#5422=DIRECTION('',(0.,0.,-1.));
#5423=DIRECTION('',(0.,1.,0.));
#5424=DIRECTION('',(0.,-1.,0.));
#5425=DIRECTION('center_axis',(1.,0.,0.));
#5426=DIRECTION('ref_axis',(0.,0.,-1.));
#5427=DIRECTION('',(0.,-1.,0.));
#5428=DIRECTION('',(0.,0.,-1.));
#5429=DIRECTION('',(0.,1.,0.));
#5430=DIRECTION('',(0.,0.,1.));
#5431=DIRECTION('center_axis',(0.,1.,0.));
#5432=DIRECTION('ref_axis',(1.,0.,0.));
#5433=DIRECTION('',(-1.,0.,0.));
#5434=DIRECTION('',(0.,0.,-1.));
#5435=DIRECTION('',(1.,0.,0.));
#5436=DIRECTION('',(0.,0.,-1.));
#5437=DIRECTION('center_axis',(0.,0.,-1.));
#5438=DIRECTION('ref_axis',(-1.,0.,0.));
#5439=DIRECTION('',(0.,1.,0.));
#5440=DIRECTION('',(0.,-1.,0.));
#5441=DIRECTION('',(1.,0.,0.));
#5442=DIRECTION('',(0.,-1.,0.));
#5443=DIRECTION('',(-1.,0.,0.));
#5444=DIRECTION('center_axis',(0.,0.,1.));
#5445=DIRECTION('ref_axis',(0.552937868488484,0.833222487449428,0.));
#5446=DIRECTION('center_axis',(0.,0.,-1.));
#5447=DIRECTION('ref_axis',(-0.552571252230786,0.833465662884861,0.));
#5448=DIRECTION('center_axis',(0.,0.,-1.));
#5449=DIRECTION('ref_axis',(-0.553048372562767,-0.833149144874839,0.));
#5450=DIRECTION('',(-1.,0.,0.));
#5451=DIRECTION('',(0.,1.,0.));
#5452=DIRECTION('',(1.,0.,0.));
#5453=DIRECTION('',(-1.,0.,0.));
#5454=DIRECTION('',(0.,-1.,0.));
#5455=DIRECTION('',(1.,0.,0.));
#5456=DIRECTION('',(0.,1.,0.));
#5457=DIRECTION('center_axis',(0.,0.,-1.));
#5458=DIRECTION('ref_axis',(-0.553572776134718,-0.832800805428586,0.));
#5459=DIRECTION('center_axis',(0.,0.,1.));
#5460=DIRECTION('ref_axis',(0.553381484158911,0.832927927848551,0.));
#5461=DIRECTION('center_axis',(0.,0.,-1.));
#5462=DIRECTION('ref_axis',(-0.999999996620733,8.22102987016687E-5,0.));
#5463=DIRECTION('center_axis',(0.,0.,1.));
#5464=DIRECTION('ref_axis',(1.,5.42528984700159E-12,0.));
#5465=DIRECTION('center_axis',(0.,0.,1.));
#5466=DIRECTION('ref_axis',(1.,0.,0.));
#5467=DIRECTION('center_axis',(0.,0.,1.));
#5468=DIRECTION('ref_axis',(1.,0.,0.));
#5469=DIRECTION('center_axis',(0.,0.,1.));
#5470=DIRECTION('ref_axis',(1.,0.,0.));
#5471=DIRECTION('center_axis',(0.,0.,1.));
#5472=DIRECTION('ref_axis',(1.,0.,0.));
#5473=DIRECTION('center_axis',(0.,-1.,0.));
#5474=DIRECTION('ref_axis',(1.,0.,0.));
#5475=DIRECTION('',(0.,0.,-1.));
#5476=DIRECTION('',(1.,0.,0.));
#5477=DIRECTION('',(0.,0.,-1.));
#5478=DIRECTION('center_axis',(0.,-1.,0.));
#5479=DIRECTION('ref_axis',(1.,0.,0.));
#5480=DIRECTION('',(0.,0.,-1.));
#5481=DIRECTION('',(1.,0.,0.));
#5482=DIRECTION('',(0.,0.,1.));
#5483=DIRECTION('center_axis',(-1.,0.,0.));
#5484=DIRECTION('ref_axis',(0.,0.,-1.));
#5485=DIRECTION('',(0.,0.,-1.));
#5486=DIRECTION('',(0.,1.,0.));
#5487=DIRECTION('center_axis',(0.,0.,-1.));
#5488=DIRECTION('ref_axis',(-1.,0.,0.));
#5489=DIRECTION('',(1.,0.,0.));
#5490=DIRECTION('',(0.,-1.,0.));
#5491=DIRECTION('',(-1.,0.,0.));
#5492=DIRECTION('',(0.,1.,0.));
#5493=DIRECTION('',(-1.,-4.03717463500057E-16,0.));
#5494=DIRECTION('',(-1.,0.,0.));
#5495=DIRECTION('center_axis',(0.,0.,1.));
#5496=DIRECTION('ref_axis',(1.,0.,0.));
#5497=DIRECTION('center_axis',(0.,0.,1.));
#5498=DIRECTION('ref_axis',(1.,0.,0.));
#5499=DIRECTION('',(0.,-1.,0.));
#5500=DIRECTION('',(0.,-1.,0.));
#5501=DIRECTION('',(1.,0.,0.));
#5502=DIRECTION('',(7.65677858183673E-16,1.,0.));
#5503=DIRECTION('',(-1.,0.,0.));
#5504=DIRECTION('center_axis',(0.,0.,-1.));
#5505=DIRECTION('ref_axis',(-1.,0.,0.));
#5506=DIRECTION('center_axis',(0.,0.,1.));
#5507=DIRECTION('ref_axis',(-1.,0.,0.));
#5508=DIRECTION('',(-1.,0.,0.));
#5509=DIRECTION('center_axis',(0.,0.,-1.));
#5510=DIRECTION('ref_axis',(1.,0.,0.));
#5511=DIRECTION('center_axis',(-0.478852130680574,0.,-0.877895572914384));
#5512=DIRECTION('ref_axis',(-0.877895572914384,0.,0.478852130680574));
#5513=DIRECTION('',(0.,-1.,0.));
#5514=DIRECTION('',(0.,-1.,0.));
#5515=DIRECTION('',(0.877895572914384,0.,-0.478852130680574));
#5516=DIRECTION('center_axis',(1.,0.,0.));
#5517=DIRECTION('ref_axis',(0.,0.,1.));
#5518=DIRECTION('',(0.,0.,1.));
#5519=DIRECTION('center_axis',(-1.,0.,0.));
#5520=DIRECTION('ref_axis',(0.,0.,-1.));
#5521=DIRECTION('',(0.,0.,1.));
#5522=DIRECTION('',(0.,0.,-1.));
#5523=DIRECTION('',(0.,1.,0.));
#5524=DIRECTION('',(0.,-1.,0.));
#5525=DIRECTION('center_axis',(0.,1.,0.));
#5526=DIRECTION('ref_axis',(9.65421351226454E-17,0.,1.));
#5527=DIRECTION('',(0.,0.,-1.));
#5528=DIRECTION('',(-1.,0.,0.));
#5529=DIRECTION('',(0.877953818010279,0.,-0.478745332552886));
#5530=DIRECTION('',(-9.65421351226454E-17,0.,1.));
#5531=DIRECTION('',(-0.300000000000001,0.,-0.953939201416945));
#5532=DIRECTION('',(9.65421351226454E-17,0.,-1.));
#5533=DIRECTION('',(1.,0.,0.));
#5534=DIRECTION('',(1.,0.,0.));
#5535=DIRECTION('',(1.,0.,0.));
#5536=DIRECTION('',(9.65421351226454E-17,0.,1.));
#5537=DIRECTION('',(-0.3,0.,0.953939201416946));
#5538=DIRECTION('',(-9.65421351226454E-17,0.,-1.));
#5539=DIRECTION('',(0.877895572914384,0.,0.478852130680574));
#5540=DIRECTION('center_axis',(1.,0.,0.));
#5541=DIRECTION('ref_axis',(0.,0.,1.));
#5542=DIRECTION('',(0.,0.,-1.));
#5543=DIRECTION('',(0.,-1.,0.));
#5544=DIRECTION('center_axis',(0.,-1.,0.));
#5545=DIRECTION('ref_axis',(-1.,0.,0.));
#5546=DIRECTION('',(0.,0.,-1.));
#5547=DIRECTION('',(-1.,0.,0.));
#5548=DIRECTION('',(0.,0.,-1.));
#5549=DIRECTION('center_axis',(1.,0.,0.));
#5550=DIRECTION('ref_axis',(0.,-1.,0.));
#5551=DIRECTION('',(0.,-1.,0.));
#5552=DIRECTION('',(0.,0.,-1.));
#5553=DIRECTION('center_axis',(0.,1.,0.));
#5554=DIRECTION('ref_axis',(1.,0.,0.));
#5555=DIRECTION('',(1.,0.,0.));
#5556=DIRECTION('',(0.,0.,-1.));
#5557=DIRECTION('center_axis',(-1.,0.,0.));
#5558=DIRECTION('ref_axis',(0.,1.,0.));
#5559=DIRECTION('',(0.,1.,0.));
#5560=DIRECTION('center_axis',(0.,0.,-1.));
#5561=DIRECTION('ref_axis',(1.,0.,0.));
#5562=DIRECTION('center_axis',(0.,0.,-1.));
#5563=DIRECTION('ref_axis',(1.,0.,0.));
#5564=DIRECTION('',(0.,0.,-1.));
#5565=DIRECTION('center_axis',(0.,0.,-1.));
#5566=DIRECTION('ref_axis',(1.,0.,0.));
#5567=DIRECTION('center_axis',(0.,0.,-1.));
#5568=DIRECTION('ref_axis',(1.,0.,0.));
#5569=DIRECTION('',(0.,0.,-1.));
#5570=DIRECTION('center_axis',(0.,0.,-1.));
#5571=DIRECTION('ref_axis',(1.,0.,0.));
#5572=DIRECTION('center_axis',(0.,0.,-1.));
#5573=DIRECTION('ref_axis',(1.,0.,0.));
#5574=DIRECTION('',(0.,0.,-1.));
#5575=DIRECTION('center_axis',(0.,0.,-1.));
#5576=DIRECTION('ref_axis',(1.,0.,0.));
#5577=DIRECTION('center_axis',(0.,0.,-1.));
#5578=DIRECTION('ref_axis',(1.,0.,0.));
#5579=DIRECTION('',(0.,0.,-1.));
#5580=DIRECTION('center_axis',(0.,0.,-1.));
#5581=DIRECTION('ref_axis',(1.,0.,0.));
#5582=DIRECTION('',(0.,0.,-1.));
#5583=DIRECTION('center_axis',(0.,0.,1.));
#5584=DIRECTION('ref_axis',(1.,0.,0.));
#5585=DIRECTION('',(0.,0.,1.));
#5586=DIRECTION('center_axis',(0.,1.,0.));
#5587=DIRECTION('ref_axis',(0.,0.,1.));
#5588=DIRECTION('',(0.,0.,1.));
#5589=DIRECTION('',(0.,0.,-1.));
#5590=DIRECTION('center_axis',(0.,0.,1.));
#5591=DIRECTION('ref_axis',(-1.,0.,0.));
#5592=DIRECTION('',(0.,0.,1.));
#5593=DIRECTION('center_axis',(0.,0.,-1.));
#5594=DIRECTION('ref_axis',(-1.,0.,0.));
#5595=DIRECTION('center_axis',(0.,0.,-1.));
#5596=DIRECTION('ref_axis',(-0.957394979068419,0.288781671950595,0.));
#5597=DIRECTION('center_axis',(0.,0.,1.));
#5598=DIRECTION('ref_axis',(1.,0.,0.));
#5599=DIRECTION('center_axis',(1.,0.,0.));
#5600=DIRECTION('ref_axis',(0.,0.,-1.));
#5601=DIRECTION('',(0.,0.,1.));
#5602=DIRECTION('center_axis',(0.,-1.,0.));
#5603=DIRECTION('ref_axis',(1.,0.,0.));
#5604=DIRECTION('',(0.,0.,-1.));
#5605=DIRECTION('center_axis',(-1.,-1.23358113847239E-16,0.));
#5606=DIRECTION('ref_axis',(1.23358113847239E-16,-1.,0.));
#5607=DIRECTION('',(0.,0.,1.));
#5608=DIRECTION('center_axis',(0.,-1.,0.));
#5609=DIRECTION('ref_axis',(-1.,0.,0.));
#5610=DIRECTION('center_axis',(0.,-1.,0.));
#5611=DIRECTION('ref_axis',(0.,0.,-1.));
#5612=DIRECTION('',(1.,0.,0.));
#5613=DIRECTION('center_axis',(0.,-1.,0.));
#5614=DIRECTION('ref_axis',(0.,0.,-1.));
#5615=DIRECTION('',(-1.,0.,0.));
#5616=DIRECTION('center_axis',(0.,-1.,0.));
#5617=DIRECTION('ref_axis',(0.,0.,-1.));
#5618=DIRECTION('',(-1.,0.,1.48029736616688E-15));
#5619=DIRECTION('',(0.,0.,-1.));
#5620=DIRECTION('center_axis',(0.,-1.,0.));
#5621=DIRECTION('ref_axis',(0.,0.,-1.));
#5622=DIRECTION('',(1.,0.,0.));
#5623=DIRECTION('',(0.,0.,1.));
#5624=DIRECTION('center_axis',(0.,1.,0.));
#5625=DIRECTION('ref_axis',(0.,0.,1.));
#5626=DIRECTION('',(-1.,0.,0.));
#5627=DIRECTION('center_axis',(0.,1.,0.));
#5628=DIRECTION('ref_axis',(0.,0.,1.));
#5629=DIRECTION('',(-1.,0.,0.));
#5630=DIRECTION('center_axis',(0.,0.,1.));
#5631=DIRECTION('ref_axis',(1.,0.,0.));
#5632=DIRECTION('',(0.,1.,0.));
#5633=DIRECTION('center_axis',(-0.478745332552886,0.,-0.877953818010279));
#5634=DIRECTION('ref_axis',(-0.877953818010279,0.,0.478745332552886));
#5635=DIRECTION('',(0.,-1.,0.));
#5636=DIRECTION('center_axis',(1.,0.,0.));
#5637=DIRECTION('ref_axis',(0.,0.,-1.));
#5638=DIRECTION('',(0.,1.,0.));
#5639=DIRECTION('center_axis',(-0.953939201416946,0.,0.300000000000001));
#5640=DIRECTION('ref_axis',(-0.300000000000001,0.,-0.953939201416945));
#5641=DIRECTION('',(0.,-1.,0.));
#5642=DIRECTION('center_axis',(0.953939201416946,0.,0.3));
#5643=DIRECTION('ref_axis',(-0.3,0.,0.953939201416946));
#5644=DIRECTION('',(0.,1.,0.));
#5645=DIRECTION('',(0.,-1.,0.));
#5646=DIRECTION('center_axis',(-1.,0.,0.));
#5647=DIRECTION('ref_axis',(0.,0.,1.));
#5648=DIRECTION('',(0.,1.,0.));
#5649=DIRECTION('center_axis',(0.,0.,-1.));
#5650=DIRECTION('ref_axis',(0.,-1.,0.));
#5651=DIRECTION('',(0.,1.,0.));
#5652=DIRECTION('',(0.,-1.,0.));
#5653=DIRECTION('',(1.,0.,0.));
#5654=DIRECTION('center_axis',(0.,0.94961159795342,0.313429119630504));
#5655=DIRECTION('ref_axis',(0.,-0.313429119630504,0.94961159795342));
#5656=DIRECTION('',(0.,0.313429119630504,-0.94961159795342));
#5657=DIRECTION('',(1.,0.,0.));
#5658=DIRECTION('',(1.,0.,0.));
#5659=DIRECTION('',(1.,0.,0.));
#5660=DIRECTION('',(0.,-0.313429119630504,0.94961159795342));
#5661=DIRECTION('center_axis',(0.,-0.94961159795342,-0.313429119630504));
#5662=DIRECTION('ref_axis',(1.,0.,0.));
#5663=DIRECTION('center_axis',(-1.,0.,0.));
#5664=DIRECTION('ref_axis',(0.,0.,1.));
#5665=DIRECTION('',(0.,1.,0.));
#5666=DIRECTION('center_axis',(0.,-0.94961159795342,-0.313429119630504));
#5667=DIRECTION('ref_axis',(1.,0.,0.));
#5668=DIRECTION('',(0.,-0.94961159795342,-0.313429119630504));
#5669=DIRECTION('center_axis',(-1.,0.,0.));
#5670=DIRECTION('ref_axis',(0.,-1.,0.));
#5671=DIRECTION('',(0.,1.,0.));
#5672=DIRECTION('',(0.,0.,1.));
#5673=DIRECTION('center_axis',(1.,0.,0.));
#5674=DIRECTION('ref_axis',(0.,1.,0.));
#5675=DIRECTION('',(0.,-1.,0.));
#5676=DIRECTION('',(0.,0.,1.));
#5677=DIRECTION('center_axis',(0.,0.,-1.));
#5678=DIRECTION('ref_axis',(-1.,0.,0.));
#5679=DIRECTION('',(0.,1.,0.));
#5680=DIRECTION('center_axis',(0.,0.,-1.));
#5681=DIRECTION('ref_axis',(-1.,0.,0.));
#5682=DIRECTION('center_axis',(0.,0.,-1.));
#5683=DIRECTION('ref_axis',(-1.,0.,0.));
#5684=DIRECTION('center_axis',(0.,0.,-1.));
#5685=DIRECTION('ref_axis',(-1.,0.,0.));
#5686=DIRECTION('center_axis',(0.,0.,1.));
#5687=DIRECTION('ref_axis',(1.,0.,0.));
#5688=DIRECTION('center_axis',(0.,0.,-1.));
#5689=DIRECTION('ref_axis',(-1.,0.,0.));
#5690=DIRECTION('center_axis',(0.,0.,1.));
#5691=DIRECTION('ref_axis',(1.,0.,0.));
#5692=DIRECTION('center_axis',(0.,1.,0.));
#5693=DIRECTION('ref_axis',(0.,0.,1.));
#5694=DIRECTION('center_axis',(1.,0.,0.));
#5695=DIRECTION('ref_axis',(0.,0.,-1.));
#5696=DIRECTION('center_axis',(0.478852130680574,0.,-0.877895572914384));
#5697=DIRECTION('ref_axis',(-0.877895572914384,0.,-0.478852130680574));
#5698=DIRECTION('center_axis',(1.,0.,-9.65421351226454E-17));
#5699=DIRECTION('ref_axis',(9.65421351226454E-17,0.,1.));
#5700=DIRECTION('',(0.,1.,0.));
#5701=DIRECTION('',(-9.65421351226454E-17,0.,-1.));
#5702=DIRECTION('',(0.,-1.,0.));
#5703=DIRECTION('',(-9.65421351226454E-17,0.,-1.));
#5704=DIRECTION('',(0.,1.,0.));
#5705=DIRECTION('',(-9.65421351226454E-17,0.,-1.));
#5706=DIRECTION('',(4.01937379723627E-32,-1.,4.16333634234434E-16));
#5707=DIRECTION('',(-9.65421351226454E-17,-4.16333634234434E-16,-1.));
#5708=DIRECTION('',(0.,1.,0.));
#5709=DIRECTION('',(-9.65421351226454E-17,-2.36215264016105E-16,-1.));
#5710=DIRECTION('',(0.,-1.,0.));
#5711=DIRECTION('',(0.,-1.,0.));
#5712=DIRECTION('center_axis',(-1.,0.,-9.65421351226454E-17));
#5713=DIRECTION('ref_axis',(9.65421351226454E-17,0.,-1.));
#5714=DIRECTION('',(0.,-1.,0.));
#5715=DIRECTION('',(0.,1.,0.));
#5716=DIRECTION('',(9.65421351226454E-17,2.36215264016105E-16,1.));
#5717=DIRECTION('',(0.,-1.,0.));
#5718=DIRECTION('',(9.65421351226454E-17,4.16333634234434E-16,1.));
#5719=DIRECTION('',(-4.01937379723627E-32,1.,-4.16333634234434E-16));
#5720=DIRECTION('',(9.65421351226454E-17,0.,1.));
#5721=DIRECTION('',(0.,1.,0.));
#5722=DIRECTION('',(9.65421351226454E-17,0.,1.));
#5723=DIRECTION('',(0.,1.,0.));
#5724=DIRECTION('',(9.65421351226454E-17,0.,1.));
#5725=DIRECTION('',(0.,-1.,0.));
#5726=DIRECTION('center_axis',(0.,0.,1.));
#5727=DIRECTION('ref_axis',(4.11051492469545E-5,0.999999999155183,0.));
#5728=DIRECTION('',(0.,0.,1.));
#5729=DIRECTION('',(0.,0.,-1.));
#5730=DIRECTION('center_axis',(0.,0.,1.));
#5731=DIRECTION('ref_axis',(-1.,0.,0.));
#5732=DIRECTION('',(0.,0.,1.));
#5733=DIRECTION('',(0.,0.,-1.));
#5734=DIRECTION('center_axis',(-1.,0.,0.));
#5735=DIRECTION('ref_axis',(0.,0.,1.));
#5736=DIRECTION('center_axis',(-1.,0.,0.));
#5737=DIRECTION('ref_axis',(0.,0.,-1.));
#5738=DIRECTION('',(0.,-1.,0.));
#5739=DIRECTION('',(0.,-1.,0.));
#5740=DIRECTION('center_axis',(1.,0.,0.));
#5741=DIRECTION('ref_axis',(0.,0.,-1.));
#5742=DIRECTION('',(0.,-1.,0.));
#5743=DIRECTION('center_axis',(0.,0.,-1.));
#5744=DIRECTION('ref_axis',(1.,0.,0.));
#5745=DIRECTION('center_axis',(0.,0.,-1.));
#5746=DIRECTION('ref_axis',(-0.937327689752289,0.348449138359728,0.));
#5747=DIRECTION('center_axis',(0.,0.,1.));
#5748=DIRECTION('ref_axis',(-1.,0.,0.));
#5749=DIRECTION('',(0.,0.,1.));
#5750=DIRECTION('center_axis',(0.,0.,1.));
#5751=DIRECTION('ref_axis',(-1.,0.,0.));
#5752=DIRECTION('',(0.,0.,1.));
#5753=DIRECTION('center_axis',(0.,0.,1.));
#5754=DIRECTION('ref_axis',(1.,0.,0.));
#5755=DIRECTION('',(-1.,0.,0.));
#5756=DIRECTION('',(1.,0.,0.));
#5757=DIRECTION('',(0.,1.,0.));
#5758=DIRECTION('center_axis',(1.38777878078145E-16,0.,1.));
#5759=DIRECTION('ref_axis',(1.,0.,-1.38777878078145E-16));
#5760=DIRECTION('',(-1.,0.,1.38777878078145E-16));
#5761=DIRECTION('',(0.,1.,0.));
#5762=DIRECTION('',(1.,0.,-1.38777878078145E-16));
#5763=DIRECTION('center_axis',(0.,1.,0.));
#5764=DIRECTION('ref_axis',(9.65421351226454E-17,0.,1.));
#5765=DIRECTION('',(-1.,0.,2.77555756156293E-16));
#5766=DIRECTION('',(0.,0.,-1.));
#5767=DIRECTION('center_axis',(2.77555756156288E-16,0.,1.));
#5768=DIRECTION('ref_axis',(-1.,0.,2.77555756156288E-16));
#5769=DIRECTION('',(-1.,0.,2.77555756156288E-16));
#5770=DIRECTION('',(-1.,0.,2.77555756156288E-16));
#5771=DIRECTION('',(0.,-1.,0.));
#5772=DIRECTION('center_axis',(2.77555756156293E-16,0.,1.));
#5773=DIRECTION('ref_axis',(-1.,0.,2.77555756156293E-16));
#5774=DIRECTION('',(-1.,0.,2.77555756156293E-16));
#5775=DIRECTION('',(0.,1.,0.));
#5776=DIRECTION('center_axis',(0.,1.,0.));
#5777=DIRECTION('ref_axis',(9.65421351226454E-17,0.,1.));
#5778=DIRECTION('',(0.,0.,1.));
#5779=DIRECTION('',(1.,0.,0.));
#5780=DIRECTION('center_axis',(-1.,0.,0.));
#5781=DIRECTION('ref_axis',(0.,0.,-1.));
#5782=DIRECTION('',(0.,0.,-1.));
#5783=DIRECTION('',(0.,1.,0.));
#5784=DIRECTION('',(0.,-1.,0.));
#5785=DIRECTION('',(0.,0.,-1.));
#5786=DIRECTION('',(0.,-1.,0.));
#5787=DIRECTION('',(0.,0.,-1.));
#5788=DIRECTION('center_axis',(0.,-1.,0.));
#5789=DIRECTION('ref_axis',(1.,0.,0.));
#5790=DIRECTION('',(0.,-1.,0.));
#5791=DIRECTION('',(0.,1.,0.));
#5792=DIRECTION('center_axis',(0.,0.,-1.));
#5793=DIRECTION('ref_axis',(1.,0.,0.));
#5794=DIRECTION('center_axis',(0.,-1.,0.));
#5795=DIRECTION('ref_axis',(-0.524850328802085,0.,0.851194532616572));
#5796=DIRECTION('',(0.,1.,0.));
#5797=DIRECTION('',(0.,-1.,0.));
#5798=DIRECTION('center_axis',(0.,0.,-1.));
#5799=DIRECTION('ref_axis',(1.,0.,0.));
#5800=DIRECTION('center_axis',(0.,-1.,0.));
#5801=DIRECTION('ref_axis',(1.,0.,0.));
#5802=DIRECTION('center_axis',(0.,-1.,2.36215264016105E-16));
#5803=DIRECTION('ref_axis',(1.,0.,0.));
#5804=DIRECTION('',(0.,-1.,0.));
#5805=DIRECTION('center_axis',(0.,-1.,2.36215264016105E-16));
#5806=DIRECTION('ref_axis',(1.,0.,0.));
#5807=DIRECTION('center_axis',(0.,1.,-2.36215264016105E-16));
#5808=DIRECTION('ref_axis',(0.,2.36215264016105E-16,1.));
#5809=DIRECTION('center_axis',(0.,1.,0.));
#5810=DIRECTION('ref_axis',(-1.,0.,0.));
#5811=DIRECTION('center_axis',(0.,-1.,2.36215264016105E-16));
#5812=DIRECTION('ref_axis',(-1.,0.,0.));
#5813=DIRECTION('',(0.,-1.,0.));
#5814=DIRECTION('center_axis',(0.,1.,-2.36215264016105E-16));
#5815=DIRECTION('ref_axis',(-1.,0.,0.));
#5816=DIRECTION('center_axis',(0.,1.,-2.36215264016105E-16));
#5817=DIRECTION('ref_axis',(0.,2.36215264016105E-16,1.));
#5818=DIRECTION('center_axis',(0.,1.,-2.36215264016105E-16));
#5819=DIRECTION('ref_axis',(-1.,0.,0.));
#5820=DIRECTION('center_axis',(0.,0.,1.));
#5821=DIRECTION('ref_axis',(0.,-1.,0.));
#5822=DIRECTION('center_axis',(0.,0.,-1.));
#5823=DIRECTION('ref_axis',(0.,-1.,0.));
#5824=DIRECTION('',(0.,0.,1.));
#5825=DIRECTION('center_axis',(0.,0.,1.));
#5826=DIRECTION('ref_axis',(0.,-1.,0.));
#5827=DIRECTION('',(0.,0.,1.));
#5828=DIRECTION('center_axis',(0.,0.,1.));
#5829=DIRECTION('ref_axis',(-1.,0.,0.));
#5830=DIRECTION('center_axis',(0.,0.,1.));
#5831=DIRECTION('ref_axis',(-1.,0.,0.));
#5832=DIRECTION('',(0.,0.,-1.));
#5833=DIRECTION('center_axis',(0.,0.,-1.));
#5834=DIRECTION('ref_axis',(-1.,0.,0.));
#5835=DIRECTION('',(0.,-2.36215264016105E-16,-1.));
#5836=DIRECTION('center_axis',(0.,-1.,0.));
#5837=DIRECTION('ref_axis',(0.,0.,-1.));
#5838=DIRECTION('',(1.,0.,0.));
#5839=DIRECTION('',(-1.,0.,0.));
#5840=DIRECTION('center_axis',(0.,0.,1.));
#5841=DIRECTION('ref_axis',(1.,0.,0.));
#5842=DIRECTION('',(-1.,0.,0.));
#5843=DIRECTION('center_axis',(0.,0.,1.));
#5844=DIRECTION('ref_axis',(-1.,0.,0.));
#5845=DIRECTION('',(0.,-1.,0.));
#5846=DIRECTION('',(1.,0.,0.));
#5847=DIRECTION('',(0.,-1.,0.));
#5848=DIRECTION('center_axis',(0.,0.,1.));
#5849=DIRECTION('ref_axis',(0.,-1.,0.));
#5850=DIRECTION('',(-1.,0.,0.));
#5851=DIRECTION('center_axis',(0.,0.,1.));
#5852=DIRECTION('ref_axis',(-1.,0.,0.));
#5853=DIRECTION('center_axis',(0.,0.,-1.));
#5854=DIRECTION('ref_axis',(0.,-1.,0.));
#5855=DIRECTION('',(0.,-1.,0.));
#5856=DIRECTION('',(-1.,0.,0.));
#5857=DIRECTION('',(0.,-1.,0.));
#5858=DIRECTION('center_axis',(0.,0.,-1.));
#5859=DIRECTION('ref_axis',(-1.,0.,0.));
#5860=DIRECTION('',(-1.,0.,0.));
#5861=DIRECTION('center_axis',(-1.,0.,0.));
#5862=DIRECTION('ref_axis',(0.,0.,-1.));
#5863=DIRECTION('',(0.,0.,1.));
#5864=DIRECTION('',(0.,0.,-1.));
#5865=DIRECTION('center_axis',(1.,0.,0.));
#5866=DIRECTION('ref_axis',(0.,0.,1.));
#5867=DIRECTION('',(0.,0.,-1.));
#5868=DIRECTION('',(0.,0.,1.));
#5869=DIRECTION('center_axis',(0.,-1.,0.));
#5870=DIRECTION('ref_axis',(0.,0.,-1.));
#5871=DIRECTION('center_axis',(0.,-1.,0.));
#5872=DIRECTION('ref_axis',(0.,0.,-1.));
#5873=DIRECTION('',(0.,0.,-1.));
#5874=DIRECTION('',(-1.,1.55431223447522E-15,0.));
#5875=DIRECTION('',(0.,0.,1.));
#5876=DIRECTION('center_axis',(0.,0.,1.));
#5877=DIRECTION('ref_axis',(-1.,0.,0.));
#5878=DIRECTION('',(0.,-2.36215264016105E-16,-1.));
#5879=DIRECTION('center_axis',(0.,0.,1.));
#5880=DIRECTION('ref_axis',(-1.,0.,0.));
#5881=DIRECTION('center_axis',(0.,0.,1.));
#5882=DIRECTION('ref_axis',(0.,-1.,0.));
#5883=DIRECTION('center_axis',(0.,0.,1.));
#5884=DIRECTION('ref_axis',(0.,-1.,0.));
#5885=DIRECTION('',(0.,2.36215264016105E-16,1.));
#5886=DIRECTION('center_axis',(0.,0.,-1.));
#5887=DIRECTION('ref_axis',(1.,0.,0.));
#5888=DIRECTION('',(1.,0.,0.));
#5889=DIRECTION('',(0.,-1.,0.));
#5890=DIRECTION('',(1.,0.,0.));
#5891=DIRECTION('',(0.,-1.,0.));
#5892=DIRECTION('',(1.,0.,0.));
#5893=DIRECTION('center_axis',(0.,0.,-1.));
#5894=DIRECTION('ref_axis',(1.,0.,0.));
#5895=DIRECTION('center_axis',(0.,0.,-1.));
#5896=DIRECTION('ref_axis',(1.,0.,0.));
#5897=DIRECTION('',(0.,0.,1.));
#5898=DIRECTION('center_axis',(0.,0.,1.));
#5899=DIRECTION('ref_axis',(1.,0.,0.));
#5900=DIRECTION('',(0.,2.36215264016105E-16,1.));
#5901=DIRECTION('center_axis',(0.,0.,1.));
#5902=DIRECTION('ref_axis',(-1.,0.,0.));
#5903=DIRECTION('center_axis',(0.,0.,1.));
#5904=DIRECTION('ref_axis',(-1.,0.,0.));
#5905=DIRECTION('',(0.,0.,-1.));
#5906=DIRECTION('center_axis',(0.,0.,-1.));
#5907=DIRECTION('ref_axis',(-1.,0.,0.));
#5908=DIRECTION('',(0.,-2.36215264016105E-16,-1.));
#5909=DIRECTION('center_axis',(0.,0.,1.));
#5910=DIRECTION('ref_axis',(0.,-1.,0.));
#5911=DIRECTION('',(-1.,0.,0.));
#5912=DIRECTION('',(1.,0.,0.));
#5913=DIRECTION('',(1.,0.,0.));
#5914=DIRECTION('',(0.,-1.,0.));
#5915=DIRECTION('',(1.,0.,0.));
#5916=DIRECTION('',(0.,1.,0.));
#5917=DIRECTION('',(1.,0.,0.));
#5918=DIRECTION('center_axis',(0.,-1.,0.));
#5919=DIRECTION('ref_axis',(0.,0.,-1.));
#5920=DIRECTION('',(1.,0.,0.));
#5921=DIRECTION('center_axis',(0.,0.,1.));
#5922=DIRECTION('ref_axis',(-1.,0.,0.));
#5923=DIRECTION('',(-1.,0.,0.));
#5924=DIRECTION('',(0.,1.,0.));
#5925=DIRECTION('',(0.,-1.,0.));
#5926=DIRECTION('',(-1.,0.,0.));
#5927=DIRECTION('center_axis',(-1.,0.,9.44861056064421E-17));
#5928=DIRECTION('ref_axis',(-9.44861056064421E-17,-2.36215264016105E-16,
-1.));
#5929=DIRECTION('',(-9.44861056064421E-17,-2.36215264016105E-16,-1.));
#5930=DIRECTION('',(0.,-1.,0.));
#5931=DIRECTION('center_axis',(0.,1.,-2.36215264016105E-16));
#5932=DIRECTION('ref_axis',(9.65421351226454E-17,2.36215264016105E-16,1.));
#5933=DIRECTION('',(0.,2.36215264016105E-16,1.));
#5934=DIRECTION('center_axis',(0.,-1.,2.36215264016105E-16));
#5935=DIRECTION('ref_axis',(1.,0.,0.));
#5936=DIRECTION('',(9.65421351226454E-17,2.36215264016105E-16,1.));
#5937=DIRECTION('',(-1.,2.23190603816793E-32,9.44861056064421E-17));
#5938=DIRECTION('center_axis',(0.,1.,-2.36215264016105E-16));
#5939=DIRECTION('ref_axis',(9.65421351226454E-17,2.36215264016105E-16,1.));
#5940=DIRECTION('',(9.44861056064421E-17,2.36215264016105E-16,1.));
#5941=DIRECTION('',(-1.,2.23190603816793E-32,9.44861056064421E-17));
#5942=DIRECTION('',(-9.65421351226454E-17,-2.36215264016105E-16,-1.));
#5943=DIRECTION('center_axis',(0.,-1.,2.36215264016105E-16));
#5944=DIRECTION('ref_axis',(1.,0.,0.));
#5945=DIRECTION('',(0.,-2.36215264016105E-16,-1.));
#5946=DIRECTION('center_axis',(0.,0.,1.));
#5947=DIRECTION('ref_axis',(-1.,0.,0.));
#5948=DIRECTION('',(0.,0.,1.));
#5949=DIRECTION('center_axis',(0.,0.,-1.));
#5950=DIRECTION('ref_axis',(-1.,0.,0.));
#5951=DIRECTION('center_axis',(0.,0.,1.));
#5952=DIRECTION('ref_axis',(-1.,0.,0.));
#5953=DIRECTION('',(0.,0.,1.));
#5954=DIRECTION('center_axis',(0.,0.,-1.));
#5955=DIRECTION('ref_axis',(-1.,0.,0.));
#5956=DIRECTION('center_axis',(0.,0.,-1.));
#5957=DIRECTION('ref_axis',(1.,0.,0.));
#5958=DIRECTION('',(0.,0.,1.));
#5959=DIRECTION('center_axis',(1.,0.,0.));
#5960=DIRECTION('ref_axis',(0.,0.,1.));
#5961=DIRECTION('',(0.,-1.,0.));
#5962=DIRECTION('center_axis',(-1.,0.,0.));
#5963=DIRECTION('ref_axis',(0.,0.,-1.));
#5964=DIRECTION('',(0.,1.,0.));
#5965=DIRECTION('center_axis',(0.,1.,0.));
#5966=DIRECTION('ref_axis',(0.,0.,1.));
#5967=DIRECTION('center_axis',(0.,-1.,0.));
#5968=DIRECTION('ref_axis',(1.,0.,0.));
#5969=DIRECTION('center_axis',(0.,1.,0.));
#5970=DIRECTION('ref_axis',(1.,0.,0.));
#5971=DIRECTION('center_axis',(0.,-1.,0.));
#5972=DIRECTION('ref_axis',(1.,0.,0.));
#5973=DIRECTION('',(0.,-1.,0.));
#5974=DIRECTION('center_axis',(0.,-1.,0.));
#5975=DIRECTION('ref_axis',(1.,0.,0.));
#5976=DIRECTION('center_axis',(0.,0.,-1.));
#5977=DIRECTION('ref_axis',(1.,0.,0.));
#5978=DIRECTION('',(0.,-1.,0.));
#5979=DIRECTION('center_axis',(0.,0.,-1.));
#5980=DIRECTION('ref_axis',(1.,0.,0.));
#5981=DIRECTION('center_axis',(0.,0.,-1.));
#5982=DIRECTION('ref_axis',(-1.,0.,0.));
#5983=DIRECTION('',(0.,1.,0.));
#5984=DIRECTION('center_axis',(1.,0.,0.));
#5985=DIRECTION('ref_axis',(0.,0.,-1.));
#5986=DIRECTION('',(0.,1.,0.));
#5987=DIRECTION('',(0.,0.,-1.));
#5988=DIRECTION('',(0.,1.,0.));
#5989=DIRECTION('',(0.,1.,0.));
#5990=DIRECTION('',(0.,0.,-1.));
#5991=DIRECTION('',(0.,-1.,0.));
#5992=DIRECTION('',(0.,0.,1.));
#5993=DIRECTION('center_axis',(-1.,0.,8.88178419700125E-17));
#5994=DIRECTION('ref_axis',(8.88178419700125E-17,0.,1.));
#5995=DIRECTION('',(0.,1.,0.));
#5996=DIRECTION('',(0.,0.,1.));
#5997=DIRECTION('',(0.,1.,0.));
#5998=DIRECTION('',(0.,1.,0.));
#5999=DIRECTION('',(0.,1.,0.));
#6000=DIRECTION('',(0.,0.,1.));
#6001=DIRECTION('',(0.,-1.,0.));
#6002=DIRECTION('',(-8.88178419700125E-17,0.,-1.));
#6003=DIRECTION('center_axis',(-1.1842378929335E-15,0.,-1.));
#6004=DIRECTION('ref_axis',(-1.,0.,1.1842378929335E-15));
#6005=DIRECTION('center_axis',(1.,0.,0.));
#6006=DIRECTION('ref_axis',(0.,0.,1.));
#6007=DIRECTION('center_axis',(0.,1.,0.));
#6008=DIRECTION('ref_axis',(1.,0.,0.));
#6009=DIRECTION('',(0.,-1.,0.));
#6010=DIRECTION('center_axis',(0.,1.,0.));
#6011=DIRECTION('ref_axis',(0.,0.,1.));
#6012=DIRECTION('center_axis',(0.,0.,-1.));
#6013=DIRECTION('ref_axis',(-1.,0.,0.));
#6014=DIRECTION('',(-1.,0.,0.));
#6015=DIRECTION('',(0.,1.,0.));
#6016=DIRECTION('center_axis',(0.,0.,1.));
#6017=DIRECTION('ref_axis',(1.,0.,0.));
#6018=DIRECTION('',(0.,1.,0.));
#6019=DIRECTION('',(1.,0.,0.));
#6020=DIRECTION('center_axis',(1.,0.,0.));
#6021=DIRECTION('ref_axis',(0.,0.,-1.));
#6022=DIRECTION('',(0.,-1.,0.));
#6023=DIRECTION('',(0.,0.,1.));
#6024=DIRECTION('',(0.,1.,0.));
#6025=DIRECTION('',(0.,0.,-1.));
#6026=DIRECTION('',(0.,0.,-1.));
#6027=DIRECTION('center_axis',(0.,1.,0.));
#6028=DIRECTION('ref_axis',(0.,0.,1.));
#6029=DIRECTION('',(1.,0.,0.));
#6030=DIRECTION('center_axis',(0.,1.,0.));
#6031=DIRECTION('ref_axis',(0.,0.,1.));
#6032=DIRECTION('',(-1.,0.,0.));
#6033=DIRECTION('center_axis',(0.,-1.,0.));
#6034=DIRECTION('ref_axis',(0.,0.,-1.));
#6035=DIRECTION('',(1.,0.,0.));
#6036=DIRECTION('',(-1.,0.,0.));
#6037=DIRECTION('center_axis',(0.,0.,-1.));
#6038=DIRECTION('ref_axis',(1.,0.,0.));
#6039=DIRECTION('center_axis',(0.,0.,1.));
#6040=DIRECTION('ref_axis',(-1.,0.,0.));
#6041=DIRECTION('center_axis',(0.,0.,1.));
#6042=DIRECTION('ref_axis',(1.,0.,0.));
#6043=DIRECTION('',(1.,0.,0.));
#6044=DIRECTION('',(0.,1.,0.));
#6045=DIRECTION('center_axis',(0.,0.,-1.));
#6046=DIRECTION('ref_axis',(-1.,0.,0.));
#6047=DIRECTION('',(0.,1.,0.));
#6048=DIRECTION('',(-1.,0.,0.));
#6049=DIRECTION('center_axis',(-1.,0.,0.));
#6050=DIRECTION('ref_axis',(0.,0.,1.));
#6051=DIRECTION('',(0.,-1.,0.));
#6052=DIRECTION('',(0.,0.,-1.));
#6053=DIRECTION('',(0.,1.,0.));
#6054=DIRECTION('',(0.,0.,1.));
#6055=DIRECTION('',(0.,0.,1.));
#6056=DIRECTION('center_axis',(0.,1.,0.));
#6057=DIRECTION('ref_axis',(0.,0.,1.));
#6058=DIRECTION('',(-1.,0.,0.));
#6059=DIRECTION('center_axis',(0.,1.,0.));
#6060=DIRECTION('ref_axis',(0.,0.,1.));
#6061=DIRECTION('',(1.,0.,0.));
#6062=DIRECTION('center_axis',(0.,-1.,0.));
#6063=DIRECTION('ref_axis',(0.,0.,-1.));
#6064=DIRECTION('',(-1.,0.,0.));
#6065=DIRECTION('',(1.,0.,0.));
#6066=DIRECTION('center_axis',(0.,0.,1.));
#6067=DIRECTION('ref_axis',(-1.,0.,0.));
#6068=DIRECTION('center_axis',(0.,0.,-1.));
#6069=DIRECTION('ref_axis',(1.,0.,0.));
#6070=DIRECTION('center_axis',(0.,-1.,0.));
#6071=DIRECTION('ref_axis',(0.,0.,-1.));
#6072=DIRECTION('',(0.,-1.,0.));
#6073=DIRECTION('center_axis',(0.,0.,1.));
#6074=DIRECTION('ref_axis',(-1.,0.,0.));
#6075=DIRECTION('',(0.,-1.,0.));
#6076=DIRECTION('center_axis',(-1.,0.,0.));
#6077=DIRECTION('ref_axis',(0.,0.,-1.));
#6078=DIRECTION('',(0.,-1.,0.));
#6079=DIRECTION('center_axis',(0.,0.,-1.));
#6080=DIRECTION('ref_axis',(1.,0.,0.));
#6081=DIRECTION('center_axis',(2.86509167645202E-16,0.,-1.));
#6082=DIRECTION('ref_axis',(1.,0.,2.86509167645202E-16));
#6083=DIRECTION('',(0.,-1.,0.));
#6084=DIRECTION('center_axis',(1.,0.,0.));
#6085=DIRECTION('ref_axis',(0.,0.,1.));
#6086=DIRECTION('',(0.,-1.,0.));
#6087=DIRECTION('center_axis',(0.,0.,1.));
#6088=DIRECTION('ref_axis',(-1.,0.,0.));
#6089=DIRECTION('',(0.,-1.,0.));
#6090=DIRECTION('center_axis',(0.,-1.,0.));
#6091=DIRECTION('ref_axis',(-8.88135994397551E-16,0.,1.));
#6092=DIRECTION('center_axis',(9.44861056064421E-17,0.,1.));
#6093=DIRECTION('ref_axis',(-1.,2.23190603816793E-32,9.44861056064421E-17));
#6094=DIRECTION('',(0.,1.,0.));
#6095=DIRECTION('center_axis',(9.44861056064421E-17,0.,1.));
#6096=DIRECTION('ref_axis',(-1.,2.23190603816793E-32,9.44861056064421E-17));
#6097=DIRECTION('',(0.,-1.,0.));
#6098=DIRECTION('',(0.,-1.,0.));
#6099=DIRECTION('center_axis',(1.,0.,-9.44861056064421E-17));
#6100=DIRECTION('ref_axis',(9.44861056064421E-17,2.36215264016105E-16,1.));
#6101=DIRECTION('center_axis',(0.,1.,-4.16333634234434E-16));
#6102=DIRECTION('ref_axis',(9.65421351226454E-17,4.16333634234434E-16,1.));
#6103=DIRECTION('',(0.,-4.16333634234434E-16,-1.));
#6104=DIRECTION('',(1.,0.,0.));
#6105=DIRECTION('center_axis',(0.,1.,-4.16333634234434E-16));
#6106=DIRECTION('ref_axis',(9.65421351226454E-17,4.16333634234434E-16,1.));
#6107=DIRECTION('center_axis',(0.,-1.,4.16333634234434E-16));
#6108=DIRECTION('ref_axis',(1.,0.,0.));
#6109=DIRECTION('',(0.,4.16333634234434E-16,1.));
#6110=DIRECTION('',(1.,0.,0.));
#6111=DIRECTION('',(1.,0.,0.));
#6112=DIRECTION('center_axis',(-1.,0.,0.));
#6113=DIRECTION('ref_axis',(0.,-4.16333634234434E-16,-1.));
#6114=DIRECTION('',(0.,-1.,4.16333634234434E-16));
#6115=DIRECTION('',(0.,0.,-1.));
#6116=DIRECTION('',(0.,1.,0.));
#6117=DIRECTION('',(0.,-4.16333634234434E-16,-1.));
#6118=DIRECTION('center_axis',(1.,0.,0.));
#6119=DIRECTION('ref_axis',(0.,4.16333634234434E-16,1.));
#6120=DIRECTION('',(0.,-1.,0.));
#6121=DIRECTION('',(0.,0.,1.));
#6122=DIRECTION('',(0.,-1.,0.));
#6123=DIRECTION('',(0.,0.,1.));
#6124=DIRECTION('',(0.,1.,-4.16333634234434E-16));
#6125=DIRECTION('center_axis',(0.,1.,0.));
#6126=DIRECTION('ref_axis',(9.65421351226454E-17,0.,1.));
#6127=DIRECTION('',(-1.,0.,0.));
#6128=DIRECTION('',(0.,0.,1.));
#6129=DIRECTION('',(1.,0.,0.));
#6130=DIRECTION('center_axis',(0.,1.,0.));
#6131=DIRECTION('ref_axis',(9.65421351226454E-17,0.,1.));
#6132=DIRECTION('',(1.,0.,0.));
#6133=DIRECTION('',(-1.,0.,0.));
#6134=DIRECTION('center_axis',(0.,-4.16333634234434E-16,-1.));
#6135=DIRECTION('ref_axis',(-4.01937379723627E-32,1.,-4.16333634234434E-16));
#6136=DIRECTION('center_axis',(0.,-4.16333634234434E-16,-1.));
#6137=DIRECTION('ref_axis',(-4.01937379723627E-32,1.,-4.16333634234434E-16));
#6138=DIRECTION('center_axis',(0.,0.,1.));
#6139=DIRECTION('ref_axis',(-1.,0.,0.));
#6140=DIRECTION('',(-1.,0.,0.));
#6141=DIRECTION('center_axis',(0.,0.,1.));
#6142=DIRECTION('ref_axis',(-1.,0.,0.));
#6143=DIRECTION('',(0.,1.,0.));
#6144=DIRECTION('',(-1.,0.,0.));
#6145=DIRECTION('center_axis',(0.,1.,0.));
#6146=DIRECTION('ref_axis',(9.65421351226454E-17,0.,1.));
#6147=DIRECTION('',(0.,0.,-1.));
#6148=DIRECTION('center_axis',(1.,0.,0.));
#6149=DIRECTION('ref_axis',(0.,0.,1.));
#6150=DIRECTION('',(0.,0.,1.));
#6151=DIRECTION('',(0.,-1.,0.));
#6152=DIRECTION('',(0.,-1.,0.));
#6153=DIRECTION('center_axis',(0.,0.,1.));
#6154=DIRECTION('ref_axis',(0.,-1.,0.));
#6155=DIRECTION('center_axis',(0.,0.,1.));
#6156=DIRECTION('ref_axis',(0.,-1.,0.));
#6157=DIRECTION('',(1.,0.,0.));
#6158=DIRECTION('center_axis',(0.,1.,0.));
#6159=DIRECTION('ref_axis',(9.65421351226454E-17,0.,1.));
#6160=DIRECTION('center_axis',(0.,0.,1.));
#6161=DIRECTION('ref_axis',(-1.,0.,0.));
#6162=DIRECTION('',(-1.,0.,0.));
#6163=DIRECTION('center_axis',(0.,0.,1.));
#6164=DIRECTION('ref_axis',(-1.,0.,0.));
#6165=DIRECTION('',(-1.,0.,0.));
#6166=DIRECTION('',(0.,-1.,0.));
#6167=DIRECTION('',(-1.,0.,0.));
#6168=DIRECTION('',(0.,1.,0.));
#6169=DIRECTION('',(-1.,0.,0.));
#6170=DIRECTION('center_axis',(0.,-1.,0.));
#6171=DIRECTION('ref_axis',(0.,0.,-1.));
#6172=DIRECTION('center_axis',(0.,-1.,0.));
#6173=DIRECTION('ref_axis',(1.,0.,0.));
#6174=DIRECTION('',(0.,2.36215264016105E-16,1.));
#6175=DIRECTION('',(0.,-2.36215264016105E-16,-1.));
#6176=DIRECTION('center_axis',(0.,-1.,0.));
#6177=DIRECTION('ref_axis',(1.,0.,0.));
#6178=DIRECTION('center_axis',(1.,0.,-9.65421351226454E-17));
#6179=DIRECTION('ref_axis',(9.65421351226454E-17,0.,1.));
#6180=DIRECTION('',(0.,1.,0.));
#6181=DIRECTION('center_axis',(-1.,0.,0.));
#6182=DIRECTION('ref_axis',(0.,-2.36215264016105E-16,-1.));
#6183=DIRECTION('',(0.,-1.,0.));
#6184=DIRECTION('center_axis',(1.,0.,0.));
#6185=DIRECTION('ref_axis',(0.,2.36215264016105E-16,1.));
#6186=DIRECTION('',(0.,1.,0.));
#6187=DIRECTION('center_axis',(0.,1.,-2.36215264016105E-16));
#6188=DIRECTION('ref_axis',(9.65421351226454E-17,2.36215264016105E-16,1.));
#6189=DIRECTION('center_axis',(0.,-1.,2.36215264016105E-16));
#6190=DIRECTION('ref_axis',(1.,0.,0.));
#6191=DIRECTION('',(1.,0.,0.));
#6192=DIRECTION('center_axis',(-1.,0.,-9.65421351226454E-17));
#6193=DIRECTION('ref_axis',(9.65421351226454E-17,0.,-1.));
#6194=DIRECTION('',(0.,-1.,0.));
#6195=DIRECTION('center_axis',(0.,0.,1.));
#6196=DIRECTION('ref_axis',(0.,-1.,0.));
#6197=DIRECTION('',(0.,-1.,0.));
#6198=DIRECTION('center_axis',(0.,-1.,0.));
#6199=DIRECTION('ref_axis',(0.,0.,-1.));
#6200=DIRECTION('center_axis',(0.,-1.,0.));
#6201=DIRECTION('ref_axis',(1.,0.,0.));
#6202=DIRECTION('center_axis',(0.,-1.,0.));
#6203=DIRECTION('ref_axis',(1.,0.,0.));
#6204=DIRECTION('',(0.,1.,0.));
#6205=DIRECTION('center_axis',(0.,-1.,2.36215264016105E-16));
#6206=DIRECTION('ref_axis',(1.,0.,0.));
#6207=DIRECTION('center_axis',(0.,-1.,0.));
#6208=DIRECTION('ref_axis',(1.,0.,0.));
#6209=DIRECTION('',(0.,1.,0.));
#6210=DIRECTION('center_axis',(0.,1.,-2.36215264016105E-16));
#6211=DIRECTION('ref_axis',(-1.,0.,0.));
#6212=DIRECTION('center_axis',(0.,-1.,2.36215264016105E-16));
#6213=DIRECTION('ref_axis',(1.,0.,0.));
#6214=DIRECTION('center_axis',(0.,1.,-2.36215264016105E-16));
#6215=DIRECTION('ref_axis',(9.65421351226454E-17,2.36215264016105E-16,1.));
#6216=DIRECTION('center_axis',(0.,1.,-2.36215264016105E-16));
#6217=DIRECTION('ref_axis',(9.65421351226454E-17,2.36215264016105E-16,1.));
#6218=DIRECTION('center_axis',(0.,1.,-2.36215264016105E-16));
#6219=DIRECTION('ref_axis',(0.,2.36215264016105E-16,1.));
#6220=DIRECTION('center_axis',(0.,1.,-2.36215264016105E-16));
#6221=DIRECTION('ref_axis',(0.,2.36215264016105E-16,1.));
#6222=DIRECTION('center_axis',(0.,0.,1.));
#6223=DIRECTION('ref_axis',(1.,0.,0.));
#6224=CARTESIAN_POINT('',(0.,0.,0.));
#6225=CARTESIAN_POINT('Origin',(64.1635258421174,4.,65.2224925398173));
#6226=CARTESIAN_POINT('',(65.4135258421174,7.2,65.2224925398173));
#6227=CARTESIAN_POINT('Origin',(64.1635258421174,7.2,65.2224925398173));
#6228=CARTESIAN_POINT('',(65.4135258421174,4.,65.2224925398173));
#6229=CARTESIAN_POINT('',(65.4135258421174,4.,65.2224925398173));
#6230=CARTESIAN_POINT('Origin',(64.1635258421174,4.,65.2224925398173));
#6231=CARTESIAN_POINT('Origin',(64.1635258421174,4.,65.2224925398173));
#6232=CARTESIAN_POINT('',(61.6635258421174,7.2,65.2224925398173));
#6233=CARTESIAN_POINT('Origin',(64.1635258421174,7.2,65.2224925398173));
#6234=CARTESIAN_POINT('',(61.6635258421174,4.,65.2224925398173));
#6235=CARTESIAN_POINT('',(61.6635258421174,4.,65.2224925398173));
#6236=CARTESIAN_POINT('Origin',(64.1635258421174,4.,65.2224925398173));
#6237=CARTESIAN_POINT('Origin',(64.1635258421174,7.2,65.2224925398173));
#6238=CARTESIAN_POINT('Origin',(26.1635258421174,4.,65.2224925398173));
#6239=CARTESIAN_POINT('',(27.4135258421174,7.2,65.2224925398173));
#6240=CARTESIAN_POINT('Origin',(26.1635258421174,7.2,65.2224925398173));
#6241=CARTESIAN_POINT('',(27.4135258421174,4.,65.2224925398173));
#6242=CARTESIAN_POINT('',(27.4135258421174,4.,65.2224925398173));
#6243=CARTESIAN_POINT('Origin',(26.1635258421174,4.,65.2224925398173));
#6244=CARTESIAN_POINT('Origin',(26.1635258421174,4.,65.2224925398173));
#6245=CARTESIAN_POINT('',(23.6635258421174,7.2,65.2224925398173));
#6246=CARTESIAN_POINT('Origin',(26.1635258421174,7.2,65.2224925398173));
#6247=CARTESIAN_POINT('',(23.6635258421174,4.,65.2224925398173));
#6248=CARTESIAN_POINT('',(23.6635258421174,4.,65.2224925398173));
#6249=CARTESIAN_POINT('Origin',(26.1635258421174,4.,65.2224925398173));
#6250=CARTESIAN_POINT('Origin',(26.1635258421174,7.2,65.2224925398173));
#6251=CARTESIAN_POINT('Origin',(64.1635258421174,4.,27.2224925398173));
#6252=CARTESIAN_POINT('',(65.4135258421174,7.2,27.2224925398173));
#6253=CARTESIAN_POINT('Origin',(64.1635258421174,7.2,27.2224925398173));
#6254=CARTESIAN_POINT('',(65.4135258421174,4.,27.2224925398173));
#6255=CARTESIAN_POINT('',(65.4135258421174,4.,27.2224925398173));
#6256=CARTESIAN_POINT('Origin',(64.1635258421174,4.,27.2224925398173));
#6257=CARTESIAN_POINT('Origin',(64.1635258421174,4.,27.2224925398173));
#6258=CARTESIAN_POINT('',(61.6635258421174,7.2,27.2224925398173));
#6259=CARTESIAN_POINT('Origin',(64.1635258421174,7.2,27.2224925398173));
#6260=CARTESIAN_POINT('',(61.6635258421174,4.,27.2224925398173));
#6261=CARTESIAN_POINT('',(61.6635258421174,4.,27.2224925398173));
#6262=CARTESIAN_POINT('Origin',(64.1635258421174,4.,27.2224925398173));
#6263=CARTESIAN_POINT('Origin',(64.1635258421174,7.2,27.2224925398173));
#6264=CARTESIAN_POINT('Origin',(26.1635258421174,4.,27.2224925398173));
#6265=CARTESIAN_POINT('',(27.4135258421174,7.2,27.2224925398173));
#6266=CARTESIAN_POINT('Origin',(26.1635258421174,7.2,27.2224925398173));
#6267=CARTESIAN_POINT('',(27.4135258421174,4.,27.2224925398173));
#6268=CARTESIAN_POINT('',(27.4135258421174,4.,27.2224925398173));
#6269=CARTESIAN_POINT('Origin',(26.1635258421174,4.,27.2224925398173));
#6270=CARTESIAN_POINT('Origin',(26.1635258421174,4.,27.2224925398173));
#6271=CARTESIAN_POINT('',(23.6635258421174,7.2,27.2224925398173));
#6272=CARTESIAN_POINT('Origin',(26.1635258421174,7.2,27.2224925398173));
#6273=CARTESIAN_POINT('',(23.6635258421174,4.,27.2224925398173));
#6274=CARTESIAN_POINT('',(23.6635258421174,4.,27.2224925398173));
#6275=CARTESIAN_POINT('Origin',(26.1635258421174,4.,27.2224925398173));
#6276=CARTESIAN_POINT('Origin',(26.1635258421174,7.2,27.2224925398173));
#6277=CARTESIAN_POINT('Origin',(0.,4.,0.));
#6278=CARTESIAN_POINT('',(33.987854382496,4.,97.3517060738183));
#6279=CARTESIAN_POINT('',(29.,4.,91.9997611553701));
#6280=CARTESIAN_POINT('Origin',(29.,4.,97.));
#6281=CARTESIAN_POINT('',(24.,4.,91.9997611553701));
#6282=CARTESIAN_POINT('',(14.5,4.,91.9997611553701));
#6283=CARTESIAN_POINT('',(24.,4.,72.));
#6284=CARTESIAN_POINT('',(24.,4.,45.9998805776851));
#6285=CARTESIAN_POINT('',(70.,4.,72.));
#6286=CARTESIAN_POINT('',(55.,4.,72.));
#6287=CARTESIAN_POINT('',(70.,4.,-75.));
#6288=CARTESIAN_POINT('',(70.,4.,-75.));
#6289=CARTESIAN_POINT('',(32.5,4.,-75.));
#6290=CARTESIAN_POINT('',(55.,4.,-75.));
#6291=CARTESIAN_POINT('',(32.5,4.,-96.));
#6292=CARTESIAN_POINT('',(32.5,4.,-75.));
#6293=CARTESIAN_POINT('',(28.5,4.,-96.));
#6294=CARTESIAN_POINT('',(14.25,4.,-96.));
#6295=CARTESIAN_POINT('',(28.5,4.,-104.));
#6296=CARTESIAN_POINT('',(28.5,4.,-52.));
#6297=CARTESIAN_POINT('',(32.5,4.,-104.));
#6298=CARTESIAN_POINT('',(16.25,4.,-104.));
#6299=CARTESIAN_POINT('',(32.5,4.,-130.));
#6300=CARTESIAN_POINT('',(32.5,4.,-75.));
#6301=CARTESIAN_POINT('',(12.5,4.,-130.));
#6302=CARTESIAN_POINT('',(12.5,4.,-130.));
#6303=CARTESIAN_POINT('',(12.5,4.,-122.));
#6304=CARTESIAN_POINT('',(12.5,4.,-125.));
#6305=CARTESIAN_POINT('',(-12.5,4.,-122.));
#6306=CARTESIAN_POINT('',(-11.25,4.,-122.));
#6307=CARTESIAN_POINT('',(-12.5,4.,-130.));
#6308=CARTESIAN_POINT('',(-12.5,4.,-122.));
#6309=CARTESIAN_POINT('',(-32.5,4.,-130.));
#6310=CARTESIAN_POINT('',(-32.5,4.,-130.));
#6311=CARTESIAN_POINT('',(-32.5,4.,-104.));
#6312=CARTESIAN_POINT('',(-32.5,4.,-125.));
#6313=CARTESIAN_POINT('',(-28.5,4.,-104.));
#6314=CARTESIAN_POINT('',(-14.25,4.,-104.));
#6315=CARTESIAN_POINT('',(-28.5,4.,-96.));
#6316=CARTESIAN_POINT('',(-28.5,4.,-48.));
#6317=CARTESIAN_POINT('',(-32.5,4.,-96.));
#6318=CARTESIAN_POINT('',(-16.25,4.,-96.));
#6319=CARTESIAN_POINT('',(-32.5,4.,-75.));
#6320=CARTESIAN_POINT('',(-32.5,4.,-125.));
#6321=CARTESIAN_POINT('',(-70.,4.,-75.));
#6322=CARTESIAN_POINT('',(-32.5,4.,-75.));
#6323=CARTESIAN_POINT('',(-70.,4.,72.));
#6324=CARTESIAN_POINT('',(-70.,4.,72.));
#6325=CARTESIAN_POINT('',(-24.,4.,72.));
#6326=CARTESIAN_POINT('',(-55.,4.,72.));
#6327=CARTESIAN_POINT('',(-24.,4.,91.9997611553701));
#6328=CARTESIAN_POINT('',(-24.,4.,36.));
#6329=CARTESIAN_POINT('',(-29.,4.,91.9997611553701));
#6330=CARTESIAN_POINT('',(-12.,4.,91.9997611553701));
#6331=CARTESIAN_POINT('',(-33.987854382496,4.,97.3517060738183));
#6332=CARTESIAN_POINT('Origin',(-29.,4.,97.));
#6333=CARTESIAN_POINT('',(-26.4489324040441,4.,102.00023884463));
#6334=CARTESIAN_POINT('Origin',(-29.,4.,97.7));
#6335=CARTESIAN_POINT('',(-18.,4.,102.00023884463));
#6336=CARTESIAN_POINT('',(-14.5,4.,102.00023884463));
#6337=CARTESIAN_POINT('',(-18.,4.00000000000001,94.6757148566697));
#6338=CARTESIAN_POINT('',(-18.,4.,49.25));
#6339=CARTESIAN_POINT('',(-18.7481077611008,4.,93.0003582669448));
#6340=CARTESIAN_POINT('Origin',(-16.4981077611008,4.,93.0003582669448));
#6341=CARTESIAN_POINT('',(-18.,4.,91.32500167722));
#6342=CARTESIAN_POINT('Origin',(-16.4981077611008,4.,93.0003582669448));
#6343=CARTESIAN_POINT('',(-18.,4.,82.));
#6344=CARTESIAN_POINT('',(-18.,4.,49.25));
#6345=CARTESIAN_POINT('',(-11.2,4.,82.));
#6346=CARTESIAN_POINT('',(-18.,4.,82.));
#6347=CARTESIAN_POINT('',(-11.2,4.,75.));
#6348=CARTESIAN_POINT('',(-11.2,4.,82.));
#6349=CARTESIAN_POINT('',(11.2,4.,75.));
#6350=CARTESIAN_POINT('',(-11.2,4.,75.));
#6351=CARTESIAN_POINT('',(11.2,4.,82.));
#6352=CARTESIAN_POINT('',(11.2,4.,72.));
#6353=CARTESIAN_POINT('',(18.,4.,82.));
#6354=CARTESIAN_POINT('',(11.2,4.,82.));
#6355=CARTESIAN_POINT('',(18.,4.,91.8247628325901));
#6356=CARTESIAN_POINT('',(18.,4.,49.25));
#6357=CARTESIAN_POINT('',(18.,4.00000000000001,95.1754760120398));
#6358=CARTESIAN_POINT('Origin',(16.4981077611008,4.,93.5001194223149));
#6359=CARTESIAN_POINT('',(18.,4.,102.00023884463));
#6360=CARTESIAN_POINT('',(18.,4.,49.25));
#6361=CARTESIAN_POINT('',(26.4489324040441,4.,102.00023884463));
#6362=CARTESIAN_POINT('',(9.,4.,102.00023884463));
#6363=CARTESIAN_POINT('Origin',(29.,4.,97.7));
#6364=CARTESIAN_POINT('',(-69.,4.,68.5));
#6365=CARTESIAN_POINT('Origin',(-66.5,4.,68.5));
#6366=CARTESIAN_POINT('',(-11.,4.,68.5));
#6367=CARTESIAN_POINT('Origin',(-8.49999999999999,4.,68.5));
#6368=CARTESIAN_POINT('',(-69.,4.,19.5));
#6369=CARTESIAN_POINT('Origin',(-66.5,4.,19.5));
#6370=CARTESIAN_POINT('',(-11.,4.,19.5));
#6371=CARTESIAN_POINT('Origin',(-8.49999999999999,4.,19.5));
#6372=CARTESIAN_POINT('',(26.,4.,97.7));
#6373=CARTESIAN_POINT('Origin',(29.,4.,97.7));
#6374=CARTESIAN_POINT('',(-32.,4.,97.7));
#6375=CARTESIAN_POINT('Origin',(-29.,4.,97.7));
#6376=CARTESIAN_POINT('',(-18.,4.,-71.5));
#6377=CARTESIAN_POINT('',(-18.,4.,-76.9995649124916));
#6378=CARTESIAN_POINT('',(-18.,4.,-75.));
#6379=CARTESIAN_POINT('',(-8.,4.,-76.9995649124916));
#6380=CARTESIAN_POINT('',(-18.,4.,-76.9995649124916));
#6381=CARTESIAN_POINT('',(-8.,4.,-71.5));
#6382=CARTESIAN_POINT('',(-8.,4.,-39.5));
#6383=CARTESIAN_POINT('',(-9.,4.,-71.5));
#6384=CARTESIAN_POINT('',(5.69082891600467,4.,-76.9999951203363));
#6385=CARTESIAN_POINT('',(5.69082891600467,4.,-80.9999951203363));
#6386=CARTESIAN_POINT('',(5.69082891600467,4.,-40.4999975601681));
#6387=CARTESIAN_POINT('',(-6.99999999999999,4.,-81.));
#6388=CARTESIAN_POINT('',(4.85,4.,-81.));
#6389=CARTESIAN_POINT('',(-6.99999999999999,4.,-77.));
#6390=CARTESIAN_POINT('',(-6.99999999999999,4.,-41.25));
#6391=CARTESIAN_POINT('',(-19.,4.,-77.));
#6392=CARTESIAN_POINT('',(-3.5,4.,-77.));
#6393=CARTESIAN_POINT('',(-19.,4.,-112.));
#6394=CARTESIAN_POINT('',(-19.,4.,-54.5));
#6395=CARTESIAN_POINT('',(19.,4.,-112.));
#6396=CARTESIAN_POINT('',(-9.5,4.,-112.));
#6397=CARTESIAN_POINT('',(19.,4.,-80.9999789726941));
#6398=CARTESIAN_POINT('',(19.,4.,-41.499989486347));
#6399=CARTESIAN_POINT('',(15.6908289160047,4.,-80.9999951203363));
#6400=CARTESIAN_POINT('',(9.50019762655637,4.,-81.0000253285353));
#6401=CARTESIAN_POINT('',(15.6908289160047,4.,-76.9999951203363));
#6402=CARTESIAN_POINT('',(15.6908289160047,4.,-38.4999975601681));
#6403=CARTESIAN_POINT('',(2.84541445800233,4.,-76.9999951203363));
#6404=CARTESIAN_POINT('Origin',(0.,4.,0.));
#6405=CARTESIAN_POINT('Origin',(0.,4.,0.));
#6406=CARTESIAN_POINT('Origin',(0.,4.,0.));
#6407=CARTESIAN_POINT('Origin',(-66.5,4.,68.5));
#6408=CARTESIAN_POINT('',(-65.25,7.2,68.5));
#6409=CARTESIAN_POINT('Origin',(-66.5,7.2,68.5));
#6410=CARTESIAN_POINT('',(-65.25,4.,68.5));
#6411=CARTESIAN_POINT('',(-65.25,4.,68.5));
#6412=CARTESIAN_POINT('Origin',(-66.5,4.,68.5));
#6413=CARTESIAN_POINT('Origin',(-66.5,4.,68.5));
#6414=CARTESIAN_POINT('',(-69.,7.2,68.5));
#6415=CARTESIAN_POINT('Origin',(-66.5,7.2,68.5));
#6416=CARTESIAN_POINT('',(-69.,4.,68.5));
#6417=CARTESIAN_POINT('Origin',(-66.5,7.2,68.5));
#6418=CARTESIAN_POINT('Origin',(-8.49999999999999,4.,68.5));
#6419=CARTESIAN_POINT('',(-7.24999999999998,7.2,68.5));
#6420=CARTESIAN_POINT('Origin',(-8.49999999999999,7.2,68.5));
#6421=CARTESIAN_POINT('',(-7.24999999999998,4.,68.5));
#6422=CARTESIAN_POINT('',(-7.24999999999998,4.,68.5));
#6423=CARTESIAN_POINT('Origin',(-8.49999999999999,4.,68.5));
#6424=CARTESIAN_POINT('Origin',(-8.49999999999999,4.,68.5));
#6425=CARTESIAN_POINT('',(-11.,7.2,68.5));
#6426=CARTESIAN_POINT('Origin',(-8.49999999999999,7.2,68.5));
#6427=CARTESIAN_POINT('',(-11.,4.,68.5));
#6428=CARTESIAN_POINT('Origin',(-8.49999999999999,7.2,68.5));
#6429=CARTESIAN_POINT('Origin',(-66.5,4.,19.5));
#6430=CARTESIAN_POINT('',(-65.25,7.2,19.5));
#6431=CARTESIAN_POINT('Origin',(-66.5,7.2,19.5));
#6432=CARTESIAN_POINT('',(-65.25,4.,19.5));
#6433=CARTESIAN_POINT('',(-65.25,4.,19.5));
#6434=CARTESIAN_POINT('Origin',(-66.5,4.,19.5));
#6435=CARTESIAN_POINT('Origin',(-66.5,4.,19.5));
#6436=CARTESIAN_POINT('',(-69.,7.2,19.5));
#6437=CARTESIAN_POINT('Origin',(-66.5,7.2,19.5));
#6438=CARTESIAN_POINT('',(-69.,4.,19.5));
#6439=CARTESIAN_POINT('Origin',(-66.5,7.2,19.5));
#6440=CARTESIAN_POINT('Origin',(-8.49999999999999,4.,19.5));
#6441=CARTESIAN_POINT('',(-7.24999999999999,7.2,19.5));
#6442=CARTESIAN_POINT('Origin',(-8.49999999999999,7.2,19.5));
#6443=CARTESIAN_POINT('',(-7.24999999999999,4.,19.5));
#6444=CARTESIAN_POINT('',(-7.24999999999999,4.,19.5));
#6445=CARTESIAN_POINT('Origin',(-8.49999999999999,4.,19.5));
#6446=CARTESIAN_POINT('Origin',(-8.49999999999999,4.,19.5));
#6447=CARTESIAN_POINT('',(-11.,7.2,19.5));
#6448=CARTESIAN_POINT('Origin',(-8.49999999999999,7.2,19.5));
#6449=CARTESIAN_POINT('',(-11.,4.,19.5));
#6450=CARTESIAN_POINT('Origin',(-8.49999999999999,7.2,19.5));
#6451=CARTESIAN_POINT('Origin',(0.,4.,0.));
#6452=CARTESIAN_POINT('Origin',(0.,4.,0.));
#6453=CARTESIAN_POINT('Origin',(0.,4.,0.));
#6454=CARTESIAN_POINT('Origin',(0.,4.,0.));
#6455=CARTESIAN_POINT('Origin',(-70.,2.,-1.50000000000002));
#6456=CARTESIAN_POINT('',(-70.,0.,72.));
#6457=CARTESIAN_POINT('',(-70.,0.,72.));
#6458=CARTESIAN_POINT('',(-70.,0.,-75.));
#6459=CARTESIAN_POINT('',(-70.,4.,-75.));
#6460=CARTESIAN_POINT('',(-70.,0.,-75.));
#6461=CARTESIAN_POINT('Origin',(70.,2.,-1.5));
#6462=CARTESIAN_POINT('',(70.,0.,72.));
#6463=CARTESIAN_POINT('',(70.,0.,-75.));
#6464=CARTESIAN_POINT('',(70.,0.,72.));
#6465=CARTESIAN_POINT('',(70.,0.,-75.));
#6466=CARTESIAN_POINT('',(70.,4.,72.));
#6467=CARTESIAN_POINT('Origin',(0.,4.,0.));
#6468=CARTESIAN_POINT('Origin',(6.69082891600467,6.,-81.));
#6469=CARTESIAN_POINT('',(6.69082891600467,6.,-81.));
#6470=CARTESIAN_POINT('',(14.6908289160047,6.,-81.));
#6471=CARTESIAN_POINT('',(11.1908289160047,6.,-80.9999951203363));
#6472=CARTESIAN_POINT('',(6.69082891600467,6.,-78.5));
#6473=CARTESIAN_POINT('',(6.69082891600467,6.,-81.));
#6474=CARTESIAN_POINT('',(14.6908289160047,6.,-78.5));
#6475=CARTESIAN_POINT('',(14.6908289160047,6.,-78.5));
#6476=CARTESIAN_POINT('',(14.6908289160047,6.,-81.));
#6477=CARTESIAN_POINT('Origin',(6.69082891600467,12.,-81.));
#6478=CARTESIAN_POINT('',(6.69082891600467,12.,-81.));
#6479=CARTESIAN_POINT('',(6.69082891600467,8.,-80.9999951203363));
#6480=CARTESIAN_POINT('',(6.69082891600467,12.,-78.5));
#6481=CARTESIAN_POINT('',(6.69082891600467,12.,-81.));
#6482=CARTESIAN_POINT('',(6.69082891600467,6.,-78.5));
#6483=CARTESIAN_POINT('Origin',(14.6908289160047,12.,-81.));
#6484=CARTESIAN_POINT('',(14.6908289160047,12.,-81.));
#6485=CARTESIAN_POINT('',(15.1908289160047,12.,-80.9999951203363));
#6486=CARTESIAN_POINT('',(14.6908289160047,12.,-78.5));
#6487=CARTESIAN_POINT('',(14.6908289160047,12.,-81.));
#6488=CARTESIAN_POINT('',(6.69082891600467,12.,-78.5));
#6489=CARTESIAN_POINT('Origin',(14.6908289160047,6.,-81.));
#6490=CARTESIAN_POINT('',(14.6908289160047,5.,-80.9999951203363));
#6491=CARTESIAN_POINT('',(14.6908289160047,12.,-78.5));
#6492=CARTESIAN_POINT('Origin',(10.6908289160047,9.,-78.5));
#6493=CARTESIAN_POINT('Origin',(2.22044604925031E-15,3.,-95.));
#6494=CARTESIAN_POINT('',(19.,3.,-80.9999789726941));
#6495=CARTESIAN_POINT('',(14.6908289160166,3.,-81.));
#6496=CARTESIAN_POINT('',(14.6908289160166,3.,-81.));
#6497=CARTESIAN_POINT('',(19.,3.,-112.));
#6498=CARTESIAN_POINT('',(19.,3.,-81.));
#6499=CARTESIAN_POINT('',(-19.,3.,-112.));
#6500=CARTESIAN_POINT('',(19.,3.,-112.));
#6501=CARTESIAN_POINT('',(-19.,3.,-109.));
#6502=CARTESIAN_POINT('',(-19.,3.,-112.));
#6503=CARTESIAN_POINT('',(-6.99999999999999,3.,-109.));
#6504=CARTESIAN_POINT('',(-9.5,3.,-109.));
#6505=CARTESIAN_POINT('',(-6.99999999999999,3.,-81.));
#6506=CARTESIAN_POINT('',(-6.99999999999999,3.,-85.));
#6507=CARTESIAN_POINT('',(-6.99999999999999,3.,-81.));
#6508=CARTESIAN_POINT('',(-2.25,3.,-109.));
#6509=CARTESIAN_POINT('Origin',(1.11022302462516E-15,3.,-109.));
#6510=CARTESIAN_POINT('Origin',(19.,4.,-80.9999789726941));
#6511=CARTESIAN_POINT('',(14.7,4.,-81.));
#6512=CARTESIAN_POINT('',(9.50019762655637,4.,-81.0000253285353));
#6513=CARTESIAN_POINT('',(19.,4.,-80.9999789726941));
#6514=CARTESIAN_POINT('',(14.6908289160166,4.,-81.));
#6515=CARTESIAN_POINT('',(14.6908289160166,4.,-81.));
#6516=CARTESIAN_POINT('',(9.50019762655637,4.,-81.0000253285353));
#6517=CARTESIAN_POINT('Origin',(9.7,14.,-81.));
#6518=CARTESIAN_POINT('',(14.7,14.,-81.));
#6519=CARTESIAN_POINT('',(5.69082891600467,14.,-80.9999951203363));
#6520=CARTESIAN_POINT('',(12.2,14.,-81.));
#6521=CARTESIAN_POINT('',(5.69082891600467,14.,-76.9999951203363));
#6522=CARTESIAN_POINT('',(5.69082891600467,14.,-80.9999951203363));
#6523=CARTESIAN_POINT('',(15.6908289160047,14.,-76.9999951203363));
#6524=CARTESIAN_POINT('',(5.69082891600467,14.,-76.9999951203363));
#6525=CARTESIAN_POINT('',(15.6908289160047,14.,-80.9999951203363));
#6526=CARTESIAN_POINT('',(15.6908289160047,14.,-76.9999951203363));
#6527=CARTESIAN_POINT('',(15.6908289160047,14.,-80.9999951203363));
#6528=CARTESIAN_POINT('Origin',(5.69082891600467,4.,-76.9999951203363));
#6529=CARTESIAN_POINT('',(15.6908289160047,4.,-76.9999951203363));
#6530=CARTESIAN_POINT('',(5.69082891600467,4.,-76.9999951203363));
#6531=CARTESIAN_POINT('Origin',(5.69082891600467,4.,-80.9999951203363));
#6532=CARTESIAN_POINT('',(5.69082891600467,6.5,-81.));
#6533=CARTESIAN_POINT('Origin',(15.6908289160047,4.,-80.9999951203363));
#6534=CARTESIAN_POINT('',(15.6908289160047,4.,-80.9999951203363));
#6535=CARTESIAN_POINT('',(-6.99999999999999,4.,-81.));
#6536=CARTESIAN_POINT('Origin',(15.6908289160047,4.,-76.9999951203363));
#6537=CARTESIAN_POINT('Origin',(-6.99999999999999,4.,-77.));
#6538=CARTESIAN_POINT('',(-19.,0.,-77.));
#6539=CARTESIAN_POINT('',(-6.99999999999999,0.,-77.));
#6540=CARTESIAN_POINT('',(-3.5,0.,-77.));
#6541=CARTESIAN_POINT('',(-19.,4.,-77.));
#6542=CARTESIAN_POINT('',(-6.99999999999999,4.,-77.));
#6543=CARTESIAN_POINT('Origin',(0.,0.,-8.88178419700125E-15));
#6544=CARTESIAN_POINT('',(19.5,0.,126.181818181818));
#6545=CARTESIAN_POINT('',(17.9995658395897,0.,127.));
#6546=CARTESIAN_POINT('',(38.5028086649759,0.,115.819649048172));
#6547=CARTESIAN_POINT('',(18.,0.,127.));
#6548=CARTESIAN_POINT('',(8.99978291979487,0.,127.));
#6549=CARTESIAN_POINT('',(13.5,0.,129.454545454545));
#6550=CARTESIAN_POINT('',(37.7579617834395,0.,116.222929936306));
#6551=CARTESIAN_POINT('',(13.5,0.,130.));
#6552=CARTESIAN_POINT('',(13.5,0.,129.454545454545));
#6553=CARTESIAN_POINT('',(7.5,0.,130.));
#6554=CARTESIAN_POINT('',(6.25,0.,130.));
#6555=CARTESIAN_POINT('',(7.5,0.,155.812365712112));
#6556=CARTESIAN_POINT('',(7.5,0.,65.));
#6557=CARTESIAN_POINT('',(-7.5,0.,155.812365712112));
#6558=CARTESIAN_POINT('',(3.75,0.,155.812365712112));
#6559=CARTESIAN_POINT('',(-7.5,0.,130.));
#6560=CARTESIAN_POINT('',(-7.5,0.,80.906182856056));
#6561=CARTESIAN_POINT('',(-13.5,0.,130.));
#6562=CARTESIAN_POINT('',(-3.75,0.,130.));
#6563=CARTESIAN_POINT('',(-13.5,0.,129.454545454545));
#6564=CARTESIAN_POINT('',(-13.5,0.,130.));
#6565=CARTESIAN_POINT('',(-19.5,0.,126.181818181818));
#6566=CARTESIAN_POINT('',(-37.7579617834711,0.,116.222929936271));
#6567=CARTESIAN_POINT('',(-19.5,0.,117.769696007085));
#6568=CARTESIAN_POINT('',(-19.5,0.,113.));
#6569=CARTESIAN_POINT('',(-18.,0.,113.));
#6570=CARTESIAN_POINT('',(-1.02073053598279,0.,59.0093641561742));
#6571=CARTESIAN_POINT('',(-18.,0.,102.00023884463));
#6572=CARTESIAN_POINT('',(-18.,0.,51.0001194223149));
#6573=CARTESIAN_POINT('',(-26.4489324040441,0.,102.00023884463));
#6574=CARTESIAN_POINT('',(-14.5,0.,102.00023884463));
#6575=CARTESIAN_POINT('',(-33.987854382496,0.,97.3517060738183));
#6576=CARTESIAN_POINT('Origin',(-29.,0.,97.7));
#6577=CARTESIAN_POINT('',(-29.,0.,91.9997611553701));
#6578=CARTESIAN_POINT('Origin',(-29.,0.,97.));
#6579=CARTESIAN_POINT('',(-24.,0.,91.9997611553701));
#6580=CARTESIAN_POINT('',(-12.,0.,91.9997611553701));
#6581=CARTESIAN_POINT('',(-24.,0.,72.));
#6582=CARTESIAN_POINT('',(-24.,0.,36.));
#6583=CARTESIAN_POINT('',(-27.5,0.,72.));
#6584=CARTESIAN_POINT('',(-32.5,0.,-75.));
#6585=CARTESIAN_POINT('',(-32.5,0.,-75.));
#6586=CARTESIAN_POINT('',(-32.5,0.,-130.));
#6587=CARTESIAN_POINT('',(-32.5,0.,-125.));
#6588=CARTESIAN_POINT('',(32.5,0.,-130.));
#6589=CARTESIAN_POINT('',(32.5,0.,-130.));
#6590=CARTESIAN_POINT('',(32.5,0.,-75.));
#6591=CARTESIAN_POINT('',(32.5,0.,-75.));
#6592=CARTESIAN_POINT('',(55.,0.,-75.));
#6593=CARTESIAN_POINT('',(24.,0.,72.));
#6594=CARTESIAN_POINT('',(12.,0.,72.));
#6595=CARTESIAN_POINT('',(24.,0.,91.9997611553701));
#6596=CARTESIAN_POINT('',(24.,0.,45.999880577685));
#6597=CARTESIAN_POINT('',(29.,0.,91.9997611553701));
#6598=CARTESIAN_POINT('',(14.5,0.,91.9997611553701));
#6599=CARTESIAN_POINT('',(33.987854382496,0.,97.3517060738183));
#6600=CARTESIAN_POINT('Origin',(29.,0.,97.));
#6601=CARTESIAN_POINT('',(26.4489324040441,0.,102.00023884463));
#6602=CARTESIAN_POINT('Origin',(29.,0.,97.7));
#6603=CARTESIAN_POINT('',(18.,0.,102.00023884463));
#6604=CARTESIAN_POINT('',(9.,0.,102.00023884463));
#6605=CARTESIAN_POINT('',(18.,0.,113.));
#6606=CARTESIAN_POINT('',(18.,0.,62.5));
#6607=CARTESIAN_POINT('',(19.5,0.,117.769696007085));
#6608=CARTESIAN_POINT('',(1.77073053598274,0.,61.3942121597166));
#6609=CARTESIAN_POINT('',(19.5,0.,127.));
#6610=CARTESIAN_POINT('',(-2.5,0.,132.852739214346));
#6611=CARTESIAN_POINT('Origin',(-2.22044604925031E-15,0.,132.852739214346));
#6612=CARTESIAN_POINT('',(-19.,0.,-109.));
#6613=CARTESIAN_POINT('',(-19.,0.,-42.25));
#6614=CARTESIAN_POINT('',(-6.99999999999999,0.,-109.));
#6615=CARTESIAN_POINT('',(-6.99999999999999,0.,-37.5));
#6616=CARTESIAN_POINT('',(-9.5,0.,-109.));
#6617=CARTESIAN_POINT('',(26.,0.,97.7));
#6618=CARTESIAN_POINT('Origin',(29.,0.,97.7));
#6619=CARTESIAN_POINT('',(-32.,0.,97.7));
#6620=CARTESIAN_POINT('Origin',(-29.,0.,97.7));
#6621=CARTESIAN_POINT('Origin',(-8.,14.,-76.9995649124916));
#6622=CARTESIAN_POINT('',(-8.,14.,-76.9995649124916));
#6623=CARTESIAN_POINT('',(-18.,14.,-76.9995649124916));
#6624=CARTESIAN_POINT('',(-13.,14.,-76.9995649124916));
#6625=CARTESIAN_POINT('',(-8.,9.,-76.9995649124916));
#6626=CARTESIAN_POINT('',(-18.,9.,-76.9995649124916));
#6627=CARTESIAN_POINT('',(-17.,5.99999999999998,-76.9995649124916));
#6628=CARTESIAN_POINT('',(-17.,12.,-76.9995649124916));
#6629=CARTESIAN_POINT('',(-17.,14.5,-76.9995649124916));
#6630=CARTESIAN_POINT('',(-9.,5.99999999999998,-76.9995649124916));
#6631=CARTESIAN_POINT('',(-12.5,5.99999999999998,-76.9995649124916));
#6632=CARTESIAN_POINT('',(-9.,12.,-76.9995649124916));
#6633=CARTESIAN_POINT('',(-9.,9.99999999999999,-76.9995649124916));
#6634=CARTESIAN_POINT('',(-8.5,12.,-76.9995649124916));
#6635=CARTESIAN_POINT('Origin',(-9.,5.99999999999998,-80.5));
#6636=CARTESIAN_POINT('',(-9.,5.99999999999998,-73.5));
#6637=CARTESIAN_POINT('',(-9.,5.99999999999998,-81.5));
#6638=CARTESIAN_POINT('',(-9.,12.,-73.5));
#6639=CARTESIAN_POINT('',(-9.,12.,-73.5));
#6640=CARTESIAN_POINT('',(-9.,12.,-79.));
#6641=CARTESIAN_POINT('Origin',(-17.,5.99999999999998,-80.5));
#6642=CARTESIAN_POINT('',(-17.,5.99999999999998,-73.5));
#6643=CARTESIAN_POINT('',(-17.,5.99999999999998,-80.5));
#6644=CARTESIAN_POINT('',(-9.,5.99999999999998,-73.5));
#6645=CARTESIAN_POINT('Origin',(-13.,8.99999999999998,-73.5));
#6646=CARTESIAN_POINT('',(-17.,12.,-73.5));
#6647=CARTESIAN_POINT('',(-17.,12.,-73.5));
#6648=CARTESIAN_POINT('',(-17.,5.99999999999998,-73.5));
#6649=CARTESIAN_POINT('Origin',(-18.,4.,-71.5));
#6650=CARTESIAN_POINT('',(-8.,14.,-71.5));
#6651=CARTESIAN_POINT('',(-8.,4.,-71.5));
#6652=CARTESIAN_POINT('',(-18.,14.,-71.5));
#6653=CARTESIAN_POINT('',(-18.,14.,-71.5));
#6654=CARTESIAN_POINT('',(-18.,4.,-71.5));
#6655=CARTESIAN_POINT('Origin',(0.,33.,-129.));
#6656=CARTESIAN_POINT('',(-1.25,33.,-129.));
#6657=CARTESIAN_POINT('Origin',(0.,33.,-129.));
#6658=CARTESIAN_POINT('Origin',(0.,33.,-128.));
#6659=CARTESIAN_POINT('',(2.5,33.,-133.));
#6660=CARTESIAN_POINT('Origin',(0.,33.,-133.));
#6661=CARTESIAN_POINT('',(2.5,33.,-130.));
#6662=CARTESIAN_POINT('',(2.5,33.,-128.));
#6663=CARTESIAN_POINT('Origin',(0.,33.,-130.));
#6664=CARTESIAN_POINT('Origin',(0.,33.,-133.));
#6665=CARTESIAN_POINT('',(-1.25,33.,-133.));
#6666=CARTESIAN_POINT('Origin',(0.,33.,-133.));
#6667=CARTESIAN_POINT('Origin',(-29.5,50.,-126.));
#6668=CARTESIAN_POINT('',(-29.5,39.,-130.));
#6669=CARTESIAN_POINT('',(-29.5,39.,-122.));
#6670=CARTESIAN_POINT('',(-29.5,39.,-130.));
#6671=CARTESIAN_POINT('',(-29.5,61.,-122.));
#6672=CARTESIAN_POINT('',(-29.5,39.,-122.));
#6673=CARTESIAN_POINT('',(-29.5,61.,-130.));
#6674=CARTESIAN_POINT('',(-29.5,61.,-122.));
#6675=CARTESIAN_POINT('',(-29.5,61.,-130.));
#6676=CARTESIAN_POINT('Origin',(29.5,50.,-126.));
#6677=CARTESIAN_POINT('',(29.5,39.,-122.));
#6678=CARTESIAN_POINT('',(29.5,39.,-130.));
#6679=CARTESIAN_POINT('',(29.5,39.,-122.));
#6680=CARTESIAN_POINT('',(29.5,61.,-130.));
#6681=CARTESIAN_POINT('',(29.5,39.,-130.));
#6682=CARTESIAN_POINT('',(29.5,61.,-122.));
#6683=CARTESIAN_POINT('',(29.5,61.,-130.));
#6684=CARTESIAN_POINT('',(29.5,61.,-122.));
#6685=CARTESIAN_POINT('Origin',(0.,30.5,-130.));
#6686=CARTESIAN_POINT('',(-24.5,61.,-130.));
#6687=CARTESIAN_POINT('',(12.5,39.,-130.));
#6688=CARTESIAN_POINT('',(24.5,39.,-130.));
#6689=CARTESIAN_POINT('',(12.5,39.,-130.));
#6690=CARTESIAN_POINT('',(32.5,4.,-130.));
#6691=CARTESIAN_POINT('',(-32.5,0.,-130.));
#6692=CARTESIAN_POINT('',(-12.5,39.,-130.));
#6693=CARTESIAN_POINT('',(-12.5,4.,-130.));
#6694=CARTESIAN_POINT('',(-12.5,39.,-130.));
#6695=CARTESIAN_POINT('',(-4.8,50.,-130.));
#6696=CARTESIAN_POINT('Origin',(-13.,50.,-130.));
#6697=CARTESIAN_POINT('',(21.2,50.,-130.));
#6698=CARTESIAN_POINT('Origin',(13.,50.,-130.));
#6699=CARTESIAN_POINT('Origin',(-29.,4.,97.7));
#6700=CARTESIAN_POINT('',(-32.,4.,97.7));
#6701=CARTESIAN_POINT('Origin',(29.,4.,97.7));
#6702=CARTESIAN_POINT('',(26.,4.,97.7));
#6703=CARTESIAN_POINT('Origin',(-24.5,38.9999742195989,121.));
#6704=CARTESIAN_POINT('',(-24.5,38.9999742195989,121.));
#6705=CARTESIAN_POINT('',(-24.5,38.9999742195989,130.));
#6706=CARTESIAN_POINT('',(-24.5,38.9999742195989,121.));
#6707=CARTESIAN_POINT('',(-29.5,38.9999742195989,130.));
#6708=CARTESIAN_POINT('',(-24.5,38.9999742195989,130.));
#6709=CARTESIAN_POINT('',(-29.5,38.9999742195989,121.));
#6710=CARTESIAN_POINT('',(-29.5,38.9999742195989,121.));
#6711=CARTESIAN_POINT('',(-24.5,38.9999742195989,121.));
#6712=CARTESIAN_POINT('Origin',(-29.5,49.9999871097994,125.5));
#6713=CARTESIAN_POINT('',(-29.5,61.,130.));
#6714=CARTESIAN_POINT('',(-29.5,61.,121.));
#6715=CARTESIAN_POINT('',(-29.5,61.,130.));
#6716=CARTESIAN_POINT('',(-29.5,61.,121.));
#6717=CARTESIAN_POINT('',(-29.5,38.9999742195989,130.));
#6718=CARTESIAN_POINT('Origin',(-24.5,49.9999871097994,125.5));
#6719=CARTESIAN_POINT('',(-24.5,39.,130.));
#6720=CARTESIAN_POINT('',(-24.5,39.,121.));
#6721=CARTESIAN_POINT('',(-24.5,39.,130.));
#6722=CARTESIAN_POINT('',(-24.5,38.9999742195989,130.));
#6723=CARTESIAN_POINT('',(-24.5,61.,121.));
#6724=CARTESIAN_POINT('Origin',(29.5,50.,125.5));
#6725=CARTESIAN_POINT('',(29.5,61.,130.));
#6726=CARTESIAN_POINT('',(29.5,39.,130.));
#6727=CARTESIAN_POINT('',(29.5,61.,130.));
#6728=CARTESIAN_POINT('',(29.5,39.,121.));
#6729=CARTESIAN_POINT('',(29.5,39.,130.));
#6730=CARTESIAN_POINT('',(29.5,61.,121.));
#6731=CARTESIAN_POINT('',(29.5,39.,121.));
#6732=CARTESIAN_POINT('',(29.5,61.,121.));
#6733=CARTESIAN_POINT('Origin',(-7.,20.3999742195988,130.));
#6734=CARTESIAN_POINT('',(6.99999999999999,20.3999742195988,123.));
#6735=CARTESIAN_POINT('',(-7.,20.3999742195988,123.));
#6736=CARTESIAN_POINT('',(-3.5,20.3999742195988,123.));
#6737=CARTESIAN_POINT('',(6.99999999999999,20.3999742195988,130.));
#6738=CARTESIAN_POINT('',(6.99999999999999,20.3999742195988,130.));
#6739=CARTESIAN_POINT('',(-7.,20.3999742195988,130.));
#6740=CARTESIAN_POINT('',(4.11240366949769,20.3999742195988,130.));
#6741=CARTESIAN_POINT('',(-7.,20.3999742195988,130.));
#6742=CARTESIAN_POINT('Origin',(-4.44089209850063E-15,26.1999742195989,
123.));
#6743=CARTESIAN_POINT('',(6.99999999999999,13.3999742195988,123.));
#6744=CARTESIAN_POINT('',(6.99999999999999,23.2999742195988,123.));
#6745=CARTESIAN_POINT('',(-7.,13.3999742195988,123.));
#6746=CARTESIAN_POINT('',(-7.,19.7999742195988,123.));
#6747=CARTESIAN_POINT('',(-12.5,13.3999742195988,123.));
#6748=CARTESIAN_POINT('',(-6.25,13.3999742195988,123.));
#6749=CARTESIAN_POINT('',(-12.5,38.9999742195989,123.));
#6750=CARTESIAN_POINT('',(-12.5,32.5999871097994,123.));
#6751=CARTESIAN_POINT('',(9.60554975097705,38.9999742195989,123.));
#6752=CARTESIAN_POINT('',(-4.44089209850063E-15,38.9999742195989,123.));
#6753=CARTESIAN_POINT('',(9.83647455781382,37.2001330150607,123.));
#6754=CARTESIAN_POINT('Origin',(10.5,38.2,123.));
#6755=CARTESIAN_POINT('',(9.83660732764788,37.2002210261502,123.));
#6756=CARTESIAN_POINT('Origin',(10.4995600604908,36.1999742195989,123.));
#6757=CARTESIAN_POINT('',(9.60581512570025,38.9999742195989,123.));
#6758=CARTESIAN_POINT('Origin',(10.5002653747232,38.2,123.));
#6759=CARTESIAN_POINT('',(12.5,38.9999742195989,123.));
#6760=CARTESIAN_POINT('',(-4.44089209850063E-15,38.9999742195989,123.));
#6761=CARTESIAN_POINT('',(12.5,13.3999742195988,123.));
#6762=CARTESIAN_POINT('',(12.5,32.5999871097994,123.));
#6763=CARTESIAN_POINT('',(-6.25,13.3999742195988,123.));
#6764=CARTESIAN_POINT('',(4.34999999999999,32.7498855572977,123.));
#6765=CARTESIAN_POINT('',(-4.35,32.7498855572977,123.));
#6766=CARTESIAN_POINT('',(4.34999999999999,32.7498855572977,123.));
#6767=CARTESIAN_POINT('',(-4.35,24.0498855572977,123.));
#6768=CARTESIAN_POINT('',(-4.35,32.7498855572977,123.));
#6769=CARTESIAN_POINT('',(4.34999999999999,24.0498855572977,123.));
#6770=CARTESIAN_POINT('',(-4.35,24.0498855572977,123.));
#6771=CARTESIAN_POINT('',(4.34999999999999,24.0498855572977,123.));
#6772=CARTESIAN_POINT('',(9.83594221900792,24.7004864865796,123.));
#6773=CARTESIAN_POINT('',(10.6501020312093,26.8905752308108,123.));
#6774=CARTESIAN_POINT('Origin',(10.5002653747232,25.6999013476347,123.));
#6775=CARTESIAN_POINT('Origin',(10.5,25.7,123.));
#6776=CARTESIAN_POINT('',(-11.6998249524969,25.6999999999935,123.));
#6777=CARTESIAN_POINT('',(-9.29982495249687,25.6999999999935,123.));
#6778=CARTESIAN_POINT('Origin',(-10.4998249524969,25.6999013476347,123.));
#6779=CARTESIAN_POINT('Origin',(-10.4998249524969,25.7,123.));
#6780=CARTESIAN_POINT('',(9.3,15.8998855572977,123.));
#6781=CARTESIAN_POINT('Origin',(10.5,15.8998855572977,123.));
#6782=CARTESIAN_POINT('',(9.3,28.3998855572977,123.));
#6783=CARTESIAN_POINT('Origin',(10.5,28.3998855572977,123.));
#6784=CARTESIAN_POINT('',(-11.7,28.3998855572977,123.));
#6785=CARTESIAN_POINT('Origin',(-10.5,28.3998855572977,123.));
#6786=CARTESIAN_POINT('',(-11.7,15.8998855572977,123.));
#6787=CARTESIAN_POINT('Origin',(-10.5,15.8998855572977,123.));
#6788=CARTESIAN_POINT('Origin',(-12.5,13.3999742195988,127.));
#6789=CARTESIAN_POINT('',(-7.,13.3999742195988,121.));
#6790=CARTESIAN_POINT('',(-7.,13.3999742195988,127.));
#6791=CARTESIAN_POINT('',(-12.5,13.3999742195988,121.));
#6792=CARTESIAN_POINT('',(-12.5,13.3999742195988,121.));
#6793=CARTESIAN_POINT('',(-12.5,13.3999742195988,127.));
#6794=CARTESIAN_POINT('Origin',(-12.5,13.3999742195988,127.));
#6795=CARTESIAN_POINT('',(12.5,13.3999742195988,121.));
#6796=CARTESIAN_POINT('',(12.5,13.3999742195988,127.));
#6797=CARTESIAN_POINT('',(6.99999999999999,13.3999742195988,121.));
#6798=CARTESIAN_POINT('',(-12.5,13.3999742195988,121.));
#6799=CARTESIAN_POINT('',(6.99999999999999,13.3999742195988,127.));
#6800=CARTESIAN_POINT('Origin',(12.5,39.,130.));
#6801=CARTESIAN_POINT('',(12.5,38.9999742195989,121.));
#6802=CARTESIAN_POINT('',(12.5,38.9999742195989,128.75));
#6803=CARTESIAN_POINT('',(12.5,13.3999742195988,121.));
#6804=CARTESIAN_POINT('Origin',(-4.44089209850063E-15,33.5,121.));
#6805=CARTESIAN_POINT('',(13.5,39.,121.));
#6806=CARTESIAN_POINT('',(24.5,39.,121.));
#6807=CARTESIAN_POINT('',(13.5,6.,121.));
#6808=CARTESIAN_POINT('',(13.5,39.,121.));
#6809=CARTESIAN_POINT('',(-13.5,6.,121.));
#6810=CARTESIAN_POINT('',(13.5,6.,121.));
#6811=CARTESIAN_POINT('',(-13.5,39.,121.));
#6812=CARTESIAN_POINT('',(-13.5,6.,121.));
#6813=CARTESIAN_POINT('',(-13.5,39.,121.));
#6814=CARTESIAN_POINT('',(-24.5,61.,121.));
#6815=CARTESIAN_POINT('',(21.2,50.,121.));
#6816=CARTESIAN_POINT('Origin',(13.,50.,121.));
#6817=CARTESIAN_POINT('',(-4.80000000000001,50.,121.));
#6818=CARTESIAN_POINT('Origin',(-13.,50.,121.));
#6819=CARTESIAN_POINT('',(-12.5,38.9999742195989,121.));
#6820=CARTESIAN_POINT('',(-12.5,38.9999742195989,121.));
#6821=CARTESIAN_POINT('',(-7.,10.5,121.));
#6822=CARTESIAN_POINT('',(-7.,13.3999742195988,121.));
#6823=CARTESIAN_POINT('',(6.99999999999999,10.5,121.));
#6824=CARTESIAN_POINT('',(-7.,10.5,121.));
#6825=CARTESIAN_POINT('',(6.99999999999999,10.5,121.));
#6826=CARTESIAN_POINT('',(12.5,38.9999742195989,121.));
#6827=CARTESIAN_POINT('Origin',(-4.44089209850063E-15,33.5,127.));
#6828=CARTESIAN_POINT('',(10.5001326873587,39.3999999926642,127.));
#6829=CARTESIAN_POINT('',(9.60554975097705,38.9999742195989,127.));
#6830=CARTESIAN_POINT('Origin',(10.5,38.2,127.));
#6831=CARTESIAN_POINT('',(9.60581512570025,38.9999742195989,127.));
#6832=CARTESIAN_POINT('',(12.5,38.9999742195989,127.));
#6833=CARTESIAN_POINT('Origin',(10.5002653747232,38.2,127.));
#6834=CARTESIAN_POINT('Origin',(18.,0.,127.));
#6835=CARTESIAN_POINT('',(13.5,6.,129.454545454545));
#6836=CARTESIAN_POINT('',(13.5,3.,129.454545454545));
#6837=CARTESIAN_POINT('',(18.,6.,127.));
#6838=CARTESIAN_POINT('',(18.,2.,127.));
#6839=CARTESIAN_POINT('',(7.07001349125615,6.,132.961810822951));
#6840=CARTESIAN_POINT('Origin',(-12.5,39.,127.));
#6841=CARTESIAN_POINT('',(-12.5,38.9999742195989,127.25));
#6842=CARTESIAN_POINT('Origin',(-13.5,39.,130.));
#6843=CARTESIAN_POINT('',(-13.5,39.,130.));
#6844=CARTESIAN_POINT('',(-13.5,39.,129.25));
#6845=CARTESIAN_POINT('',(-13.5,6.,129.454545454545));
#6846=CARTESIAN_POINT('',(-13.5,6.,127.));
#6847=CARTESIAN_POINT('',(-13.5,3.,129.454545454545));
#6848=CARTESIAN_POINT('',(-13.5,39.,130.));
#6849=CARTESIAN_POINT('Origin',(-18.,6.,113.00023884463));
#6850=CARTESIAN_POINT('',(13.5,6.,127.));
#6851=CARTESIAN_POINT('',(17.9995658395897,6.,127.));
#6852=CARTESIAN_POINT('',(-0.000217080205131559,6.,127.));
#6853=CARTESIAN_POINT('',(19.5,6.,126.181818181818));
#6854=CARTESIAN_POINT('',(7.81766178063024,6.,132.552158831971));
#6855=CARTESIAN_POINT('',(19.5,6.,117.769696007085));
#6856=CARTESIAN_POINT('',(19.5,6.,113.));
#6857=CARTESIAN_POINT('',(18.,6.,113.));
#6858=CARTESIAN_POINT('',(17.1300341764883,6.,110.233684990197));
#6859=CARTESIAN_POINT('',(18.,6.,113.00023884463));
#6860=CARTESIAN_POINT('',(18.,6.,119.));
#6861=CARTESIAN_POINT('',(17.,6.,113.00023884463));
#6862=CARTESIAN_POINT('',(-18.,6.,113.00023884463));
#6863=CARTESIAN_POINT('',(-17.,6.,113.00023884463));
#6864=CARTESIAN_POINT('',(-18.,6.,113.00023884463));
#6865=CARTESIAN_POINT('',(-18.,6.,113.00023884463));
#6866=CARTESIAN_POINT('',(-18.,6.,113.00023884463));
#6867=CARTESIAN_POINT('',(-18.,6.,113.));
#6868=CARTESIAN_POINT('',(-18.,6.,114.500119422315));
#6869=CARTESIAN_POINT('',(-19.5,6.,117.769696007085));
#6870=CARTESIAN_POINT('',(-18.0000341764883,6.,113.000108674307));
#6871=CARTESIAN_POINT('',(-19.5,6.,126.181818181818));
#6872=CARTESIAN_POINT('',(-19.5,6.,127.));
#6873=CARTESIAN_POINT('',(-18.1926249562243,6.,126.894931842059));
#6874=CARTESIAN_POINT('Origin',(13.5,39.,127.));
#6875=CARTESIAN_POINT('',(13.5,39.,130.));
#6876=CARTESIAN_POINT('',(13.5,39.,127.));
#6877=CARTESIAN_POINT('',(13.5,39.,130.));
#6878=CARTESIAN_POINT('Origin',(4.34999999999999,24.0498855572977,130.));
#6879=CARTESIAN_POINT('',(-4.35,24.0498855572977,130.));
#6880=CARTESIAN_POINT('',(-4.35,24.0498855572977,128.));
#6881=CARTESIAN_POINT('',(4.34999999999999,24.0498855572977,130.));
#6882=CARTESIAN_POINT('',(9.78740366949769,24.0498855572977,130.));
#6883=CARTESIAN_POINT('',(4.34999999999999,24.0498855572977,128.));
#6884=CARTESIAN_POINT('Origin',(4.34999999999999,32.7498855572977,130.));
#6885=CARTESIAN_POINT('',(4.34999999999999,32.7498855572977,130.));
#6886=CARTESIAN_POINT('',(4.34999999999999,17.8749427786489,130.));
#6887=CARTESIAN_POINT('',(4.34999999999999,32.7498855572977,130.));
#6888=CARTESIAN_POINT('Origin',(-4.35,32.7498855572977,130.));
#6889=CARTESIAN_POINT('',(-4.35,32.7498855572977,130.));
#6890=CARTESIAN_POINT('',(5.43740366949769,32.7498855572977,130.));
#6891=CARTESIAN_POINT('',(-4.35,32.7498855572977,128.));
#6892=CARTESIAN_POINT('Origin',(-4.35,24.0498855572977,130.));
#6893=CARTESIAN_POINT('',(-4.35,13.5249427786488,130.));
#6894=CARTESIAN_POINT('Origin',(10.5,28.3998855572977,130.));
#6895=CARTESIAN_POINT('',(9.3,28.3998855572977,130.));
#6896=CARTESIAN_POINT('Origin',(10.5,28.3998855572977,130.));
#6897=CARTESIAN_POINT('',(9.3,28.3998855572977,130.));
#6898=CARTESIAN_POINT('Origin',(-10.5,28.3998855572977,130.));
#6899=CARTESIAN_POINT('',(-11.7,28.3998855572977,130.));
#6900=CARTESIAN_POINT('Origin',(-10.5,28.3998855572977,130.));
#6901=CARTESIAN_POINT('',(-11.7,28.3998855572977,130.));
#6902=CARTESIAN_POINT('Origin',(10.5,15.8998855572977,130.));
#6903=CARTESIAN_POINT('',(9.3,15.8998855572977,130.));
#6904=CARTESIAN_POINT('Origin',(10.5,15.8998855572977,130.));
#6905=CARTESIAN_POINT('',(9.3,15.8998855572977,130.));
#6906=CARTESIAN_POINT('Origin',(-10.5,15.8998855572977,130.));
#6907=CARTESIAN_POINT('',(-11.7,15.8998855572977,130.));
#6908=CARTESIAN_POINT('Origin',(-10.5,15.8998855572977,130.));
#6909=CARTESIAN_POINT('',(-11.7,15.8998855572977,130.));
#6910=CARTESIAN_POINT('Origin',(10.4995600604908,36.1999742195989,130.));
#6911=CARTESIAN_POINT('',(9.83647455781382,37.2001330150607,130.));
#6912=CARTESIAN_POINT('',(9.83647455781382,37.2001330150607,128.));
#6913=CARTESIAN_POINT('',(9.83660732764788,37.2002210261502,130.));
#6914=CARTESIAN_POINT('Origin',(10.4995600604908,36.1999742195989,130.));
#6915=CARTESIAN_POINT('',(9.83660732764788,37.2002210261502,130.));
#6916=CARTESIAN_POINT('Origin',(-4.44089209850063E-15,38.9999742195989,
127.5));
#6917=CARTESIAN_POINT('',(9.60581512570025,38.9999742195989,128.));
#6918=CARTESIAN_POINT('',(9.60554975097705,38.9999742195989,128.));
#6919=CARTESIAN_POINT('Origin',(10.5,38.2,127.));
#6920=CARTESIAN_POINT('',(10.5001326873587,39.3999999926642,130.));
#6921=CARTESIAN_POINT('',(10.5001326873587,39.3999999926642,130.));
#6922=CARTESIAN_POINT('Origin',(10.5,38.2,130.));
#6923=CARTESIAN_POINT('Origin',(10.5002653747232,38.2,130.));
#6924=CARTESIAN_POINT('Origin',(10.5002653747232,38.2,130.));
#6925=CARTESIAN_POINT('Origin',(-8.,4.,-71.));
#6926=CARTESIAN_POINT('',(-8.,14.,-75.75));
#6927=CARTESIAN_POINT('Origin',(-18.,14.,-80.5));
#6928=CARTESIAN_POINT('',(-18.,14.,-77.75));
#6929=CARTESIAN_POINT('Origin',(-17.,15.,-80.5));
#6930=CARTESIAN_POINT('',(-17.,12.,-79.));
#6931=CARTESIAN_POINT('Origin',(-9.,12.,-77.5));
#6932=CARTESIAN_POINT('Origin',(18.5,39.,128.5));
#6933=CARTESIAN_POINT('',(24.5,39.,130.));
#6934=CARTESIAN_POINT('Origin',(-18.5,39.,128.5));
#6935=CARTESIAN_POINT('',(-12.5,39.,130.));
#6936=CARTESIAN_POINT('Origin',(-18.5,39.,-123.5));
#6937=CARTESIAN_POINT('',(-12.5,39.,-122.));
#6938=CARTESIAN_POINT('',(-12.5,39.,-122.));
#6939=CARTESIAN_POINT('',(-12.5,39.,-124.25));
#6940=CARTESIAN_POINT('Origin',(18.5,39.,-123.5));
#6941=CARTESIAN_POINT('',(12.5,39.,-122.));
#6942=CARTESIAN_POINT('',(24.5,39.,-122.));
#6943=CARTESIAN_POINT('',(12.5,39.,-122.75));
#6944=CARTESIAN_POINT('Origin',(0.,61.,-123.5));
#6945=CARTESIAN_POINT('',(-24.5,61.,-122.));
#6946=CARTESIAN_POINT('Origin',(-4.44089209850063E-15,61.,128.5));
#6947=CARTESIAN_POINT('',(-24.5,61.,130.));
#6948=CARTESIAN_POINT('Origin',(17.9995658395897,0.,127.));
#6949=CARTESIAN_POINT('',(17.9995658395897,0.,127.));
#6950=CARTESIAN_POINT('Origin',(19.5,0.,126.181818181818));
#6951=CARTESIAN_POINT('',(19.5,1.5,126.181818181818));
#6952=CARTESIAN_POINT('Origin',(19.5,3.,120.));
#6953=CARTESIAN_POINT('',(19.5,4.5,117.769696007085));
#6954=CARTESIAN_POINT('Origin',(19.5,6.,117.769696007085));
#6955=CARTESIAN_POINT('',(18.,2.,113.));
#6956=CARTESIAN_POINT('Origin',(-18.,6.,113.));
#6957=CARTESIAN_POINT('',(-18.,5.,113.));
#6958=CARTESIAN_POINT('',(-19.5,4.5,117.769696007085));
#6959=CARTESIAN_POINT('Origin',(-19.5,3.,120.));
#6960=CARTESIAN_POINT('',(-19.5,1.5,126.181818181818));
#6961=CARTESIAN_POINT('Origin',(7.5,1.9803619941416,155.812365712112));
#6962=CARTESIAN_POINT('',(-7.5,1.9803619941416,155.812365712112));
#6963=CARTESIAN_POINT('',(-7.5,0.990180997070798,155.812365712112));
#6964=CARTESIAN_POINT('',(7.5,1.9803619941416,155.812365712112));
#6965=CARTESIAN_POINT('',(7.5,0.990180997070798,155.812365712112));
#6966=CARTESIAN_POINT('',(-2.5,1.9803619941416,155.812365712112));
#6967=CARTESIAN_POINT('Origin',(-12.5,10.5,130.));
#6968=CARTESIAN_POINT('',(7.5,10.5,130.));
#6969=CARTESIAN_POINT('',(7.5,9.98425148158015,131.562588617472));
#6970=CARTESIAN_POINT('',(6.99999999999999,10.5,130.));
#6971=CARTESIAN_POINT('',(-6.25,10.5,130.));
#6972=CARTESIAN_POINT('',(-7.,10.5,130.));
#6973=CARTESIAN_POINT('',(-6.25,10.5,130.));
#6974=CARTESIAN_POINT('',(-7.5,10.5,130.));
#6975=CARTESIAN_POINT('',(-6.25,10.5,130.));
#6976=CARTESIAN_POINT('',(-7.5,5.25,145.906182856056));
#6977=CARTESIAN_POINT('',(-2.5,8.61942528221699,135.69766958772));
#6978=CARTESIAN_POINT('Origin',(-2.22044604925031E-15,8.61942528221699,
135.69766958772));
#6979=CARTESIAN_POINT('Origin',(7.5,0.,130.));
#6980=CARTESIAN_POINT('',(7.5,0.,130.));
#6981=CARTESIAN_POINT('Origin',(-2.22044604925031E-15,8.61942528221698,
135.69766958772));
#6982=CARTESIAN_POINT('',(-2.5,8.61942528221698,135.69766958772));
#6983=CARTESIAN_POINT('Origin',(-7.,13.3999742195988,127.));
#6984=CARTESIAN_POINT('',(-7.,8.19998710979942,130.));
#6985=CARTESIAN_POINT('',(-7.,10.5,127.));
#6986=CARTESIAN_POINT('Origin',(6.99999999999999,10.5,127.));
#6987=CARTESIAN_POINT('',(6.99999999999999,11.6999871097994,130.));
#6988=CARTESIAN_POINT('',(6.99999999999999,10.5,127.));
#6989=CARTESIAN_POINT('Origin',(15.2248073389954,3.,130.));
#6990=CARTESIAN_POINT('',(-7.5,0.,130.));
#6991=CARTESIAN_POINT('',(-4.80000000000001,50.,130.));
#6992=CARTESIAN_POINT('Origin',(-13.,50.,130.));
#6993=CARTESIAN_POINT('',(21.2,50.,130.));
#6994=CARTESIAN_POINT('Origin',(13.,50.,130.));
#6995=CARTESIAN_POINT('',(-11.6998249524969,25.7,130.));
#6996=CARTESIAN_POINT('',(-9.29982494844175,25.6999013476347,130.));
#6997=CARTESIAN_POINT('Origin',(-10.4998249524969,25.7,130.));
#6998=CARTESIAN_POINT('Origin',(-10.4998249524969,25.6999013476347,130.));
#6999=CARTESIAN_POINT('',(9.83594221900792,24.7004864865796,130.));
#7000=CARTESIAN_POINT('',(10.6501020312093,26.8905752308108,130.));
#7001=CARTESIAN_POINT('Origin',(10.5,25.7,130.));
#7002=CARTESIAN_POINT('Origin',(10.5002653747232,25.6999013476347,130.));
#7003=CARTESIAN_POINT('Origin',(-2.22044604925031E-15,10.5,128.5));
#7004=CARTESIAN_POINT('Origin',(-7.5,0.,161.812365712112));
#7005=CARTESIAN_POINT('Origin',(-12.5,0.,130.));
#7006=CARTESIAN_POINT('Origin',(-18.,4.,102.00023884463));
#7007=CARTESIAN_POINT('',(-18.,10.,113.00023884463));
#7008=CARTESIAN_POINT('',(-18.,6.,113.00023884463));
#7009=CARTESIAN_POINT('',(-18.,10.,111.00023884463));
#7010=CARTESIAN_POINT('',(-18.,10.,113.00023884463));
#7011=CARTESIAN_POINT('',(-18.,8.,111.00023884463));
#7012=CARTESIAN_POINT('',(-18.,7.,111.00023884463));
#7013=CARTESIAN_POINT('',(-18.,8.,103.20023884463));
#7014=CARTESIAN_POINT('',(-18.,8.,106.25023884463));
#7015=CARTESIAN_POINT('',(-18.,11.,103.20023884463));
#7016=CARTESIAN_POINT('',(-18.,8.,103.20023884463));
#7017=CARTESIAN_POINT('',(-18.,11.,99.5002388446299));
#7018=CARTESIAN_POINT('',(-18.,11.,102.00023884463));
#7019=CARTESIAN_POINT('',(-18.,7.00000000000001,99.5002388446299));
#7020=CARTESIAN_POINT('',(-18.,11.,99.5002388446299));
#7021=CARTESIAN_POINT('',(-18.,7.00000000000001,95.5002388446299));
#7022=CARTESIAN_POINT('',(-18.,7.00000000000001,99.5002388446299));
#7023=CARTESIAN_POINT('',(-18.,11.,95.5002388446299));
#7024=CARTESIAN_POINT('',(-18.,7.00000000000001,95.5002388446299));
#7025=CARTESIAN_POINT('',(-18.,11.,94.6757148566697));
#7026=CARTESIAN_POINT('',(-18.,11.,95.5002388446299));
#7027=CARTESIAN_POINT('',(-18.,11.,94.6757148566697));
#7028=CARTESIAN_POINT('',(-18.,4.,102.00023884463));
#7029=CARTESIAN_POINT('Origin',(18.,4.,125.));
#7030=CARTESIAN_POINT('',(18.,4.,102.00023884463));
#7031=CARTESIAN_POINT('',(18.,11.,95.1754760120398));
#7032=CARTESIAN_POINT('',(18.,11.,95.1754760120398));
#7033=CARTESIAN_POINT('',(18.,11.,95.5002388446299));
#7034=CARTESIAN_POINT('',(18.,11.,95.5002388446299));
#7035=CARTESIAN_POINT('',(18.,7.00000000000001,95.5002388446299));
#7036=CARTESIAN_POINT('',(18.,7.00000000000001,95.5002388446299));
#7037=CARTESIAN_POINT('',(18.,7.00000000000001,99.5002388446299));
#7038=CARTESIAN_POINT('',(18.,7.00000000000001,99.5002388446299));
#7039=CARTESIAN_POINT('',(18.,11.,99.5002388446299));
#7040=CARTESIAN_POINT('',(18.,11.,99.5002388446299));
#7041=CARTESIAN_POINT('',(18.,11.,103.20023884463));
#7042=CARTESIAN_POINT('',(18.,11.,102.00023884463));
#7043=CARTESIAN_POINT('',(18.,8.,103.20023884463));
#7044=CARTESIAN_POINT('',(18.,8.,103.20023884463));
#7045=CARTESIAN_POINT('',(18.,8.,111.00023884463));
#7046=CARTESIAN_POINT('',(18.,8.,110.00023884463));
#7047=CARTESIAN_POINT('',(18.,10.,111.00023884463));
#7048=CARTESIAN_POINT('',(18.,7.,111.00023884463));
#7049=CARTESIAN_POINT('',(18.,10.,113.00023884463));
#7050=CARTESIAN_POINT('',(18.,10.,113.00023884463));
#7051=CARTESIAN_POINT('',(18.,6.,113.00023884463));
#7052=CARTESIAN_POINT('Origin',(-10.4998249524969,25.7,127.));
#7053=CARTESIAN_POINT('',(-9.29982495249687,25.6999999999935,130.));
#7054=CARTESIAN_POINT('',(-11.6998249524969,25.6999999999935,130.));
#7055=CARTESIAN_POINT('Origin',(10.5,25.7,127.));
#7056=CARTESIAN_POINT('',(10.6501020312093,26.8905752308108,130.));
#7057=CARTESIAN_POINT('',(9.83594221900792,24.7004864865796,130.));
#7058=CARTESIAN_POINT('Origin',(-18.,4.,-75.));
#7059=CARTESIAN_POINT('Origin',(-19.,4.,-81.));
#7060=CARTESIAN_POINT('',(-19.,4.,-109.));
#7061=CARTESIAN_POINT('',(-19.,4.,-112.));
#7062=CARTESIAN_POINT('Origin',(-6.99999999999999,3.,-75.));
#7063=CARTESIAN_POINT('',(-6.99999999999999,3.,-109.));
#7064=CARTESIAN_POINT('Origin',(-10.4998249524969,25.6999013476347,130.));
#7065=CARTESIAN_POINT('Origin',(10.5002653747232,25.6999013476347,130.));
#7066=CARTESIAN_POINT('Origin',(13.,50.,127.));
#7067=CARTESIAN_POINT('',(21.2,50.,127.));
#7068=CARTESIAN_POINT('Origin',(-13.,50.,127.));
#7069=CARTESIAN_POINT('',(-4.80000000000001,50.,127.));
#7070=CARTESIAN_POINT('Origin',(17.,8.,103.20023884463));
#7071=CARTESIAN_POINT('',(17.,8.,103.20023884463));
#7072=CARTESIAN_POINT('',(-0.500000000000003,8.,103.20023884463));
#7073=CARTESIAN_POINT('',(17.,11.,103.20023884463));
#7074=CARTESIAN_POINT('',(17.,11.,103.20023884463));
#7075=CARTESIAN_POINT('',(17.,8.,103.20023884463));
#7076=CARTESIAN_POINT('Origin',(-18.,8.,103.20023884463));
#7077=CARTESIAN_POINT('',(-17.,8.,103.20023884463));
#7078=CARTESIAN_POINT('',(-18.,8.,103.20023884463));
#7079=CARTESIAN_POINT('',(-17.,11.,103.20023884463));
#7080=CARTESIAN_POINT('',(-17.,8.,103.20023884463));
#7081=CARTESIAN_POINT('',(-18.,11.,103.20023884463));
#7082=CARTESIAN_POINT('Origin',(-18.,8.,102.00023884463));
#7083=CARTESIAN_POINT('',(-17.,8.,111.00023884463));
#7084=CARTESIAN_POINT('',(-18.,8.,111.00023884463));
#7085=CARTESIAN_POINT('',(-17.,8.,106.00023884463));
#7086=CARTESIAN_POINT('Origin',(18.,10.,111.00023884463));
#7087=CARTESIAN_POINT('',(17.,10.,111.00023884463));
#7088=CARTESIAN_POINT('',(-9.71445146547012E-16,10.,111.00023884463));
#7089=CARTESIAN_POINT('',(17.,8.,111.00023884463));
#7090=CARTESIAN_POINT('',(17.,8.,111.00023884463));
#7091=CARTESIAN_POINT('',(17.,9.,111.00023884463));
#7092=CARTESIAN_POINT('Origin',(-17.,10.,111.00023884463));
#7093=CARTESIAN_POINT('',(-17.,10.,111.00023884463));
#7094=CARTESIAN_POINT('',(-17.5,10.,111.00023884463));
#7095=CARTESIAN_POINT('',(-17.,9.,111.00023884463));
#7096=CARTESIAN_POINT('Origin',(-18.,10.,110.00023884463));
#7097=CARTESIAN_POINT('',(17.,10.,113.00023884463));
#7098=CARTESIAN_POINT('',(17.,10.,110.00023884463));
#7099=CARTESIAN_POINT('',(-18.,10.,113.00023884463));
#7100=CARTESIAN_POINT('Origin',(-17.,8.,110.00023884463));
#7101=CARTESIAN_POINT('',(-17.,10.,113.00023884463));
#7102=CARTESIAN_POINT('',(-17.,10.,111.50023884463));
#7103=CARTESIAN_POINT('',(-17.,10.,113.00023884463));
#7104=CARTESIAN_POINT('',(-17.,4.,113.00023884463));
#7105=CARTESIAN_POINT('',(-17.,10.,113.00023884463));
#7106=CARTESIAN_POINT('',(-17.,4.,102.00023884463));
#7107=CARTESIAN_POINT('',(-17.,4.,102.00023884463));
#7108=CARTESIAN_POINT('',(-17.,11.,102.00023884463));
#7109=CARTESIAN_POINT('',(-17.,9.50000000000001,102.00023884463));
#7110=CARTESIAN_POINT('',(-17.,11.,113.00023884463));
#7111=CARTESIAN_POINT('Origin',(29.,4.,97.7));
#7112=CARTESIAN_POINT('',(33.987854382496,4.,97.3517060738183));
#7113=CARTESIAN_POINT('',(26.4489324040441,4.,102.00023884463));
#7114=CARTESIAN_POINT('Origin',(18.,4.,102.00023884463));
#7115=CARTESIAN_POINT('Origin',(-29.,4.,97.7));
#7116=CARTESIAN_POINT('',(-33.987854382496,4.,97.3517060738183));
#7117=CARTESIAN_POINT('',(-26.4489324040441,4.,102.00023884463));
#7118=CARTESIAN_POINT('Origin',(-29.,4.,102.00023884463));
#7119=CARTESIAN_POINT('Origin',(16.4981077611008,15.2,93.5001194223149));
#7120=CARTESIAN_POINT('',(15.2481077611008,15.2,93.5001194223149));
#7121=CARTESIAN_POINT('Origin',(16.4981077611008,15.2,93.5001194223149));
#7122=CARTESIAN_POINT('',(15.2481077611008,11.2,93.5001194223149));
#7123=CARTESIAN_POINT('',(15.2481077611008,15.2,93.5001194223149));
#7124=CARTESIAN_POINT('Origin',(16.4981077611008,11.2,93.5001194223149));
#7125=CARTESIAN_POINT('Origin',(16.4981077611008,11.2,93.5001194223149));
#7126=CARTESIAN_POINT('Origin',(-16.4981077611008,11.2,93.0003582669448));
#7127=CARTESIAN_POINT('',(-15.2481077611008,15.2,93.0003582669448));
#7128=CARTESIAN_POINT('Origin',(-16.4981077611008,15.2,93.0003582669448));
#7129=CARTESIAN_POINT('',(-15.2481077611008,11.2,93.0003582669448));
#7130=CARTESIAN_POINT('',(-15.2481077611008,11.2,93.0003582669448));
#7131=CARTESIAN_POINT('Origin',(-16.4981077611008,11.2,93.0003582669448));
#7132=CARTESIAN_POINT('Origin',(-16.4981077611008,15.2,93.0003582669448));
#7133=CARTESIAN_POINT('',(-18.7481077611008,15.2,93.0003582669448));
#7134=CARTESIAN_POINT('Origin',(-16.4981077611008,15.2,93.0003582669448));
#7135=CARTESIAN_POINT('Origin',(2.3,11.,76.));
#7136=CARTESIAN_POINT('',(5.,11.,75.));
#7137=CARTESIAN_POINT('',(2.3,8.3,75.));
#7138=CARTESIAN_POINT('Origin',(2.3,11.,75.));
#7139=CARTESIAN_POINT('',(2.3,8.3,77.));
#7140=CARTESIAN_POINT('',(2.3,8.3,76.));
#7141=CARTESIAN_POINT('',(5.,11.,77.));
#7142=CARTESIAN_POINT('Origin',(2.3,11.,77.));
#7143=CARTESIAN_POINT('',(5.,11.,73.));
#7144=CARTESIAN_POINT('Origin',(-2.3,11.,77.));
#7145=CARTESIAN_POINT('',(-2.3,8.3,77.));
#7146=CARTESIAN_POINT('',(-5.,11.,77.));
#7147=CARTESIAN_POINT('Origin',(-2.3,11.,77.));
#7148=CARTESIAN_POINT('',(-2.3,8.3,75.));
#7149=CARTESIAN_POINT('',(-2.3,8.3,77.));
#7150=CARTESIAN_POINT('',(-5.,11.,75.));
#7151=CARTESIAN_POINT('Origin',(-2.3,11.,75.));
#7152=CARTESIAN_POINT('',(-5.,11.,72.5));
#7153=CARTESIAN_POINT('Origin',(-3.33066907387547E-15,8.3,76.));
#7154=CARTESIAN_POINT('',(5.6,8.3,75.));
#7155=CARTESIAN_POINT('',(-2.77555756156289E-15,8.3,77.));
#7156=CARTESIAN_POINT('Origin',(-2.22044604925031E-15,8.5,77.));
#7157=CARTESIAN_POINT('',(-10.,11.,77.));
#7158=CARTESIAN_POINT('',(10.,11.,77.));
#7159=CARTESIAN_POINT('',(-6.63960780543711,6.,77.));
#7160=CARTESIAN_POINT('Origin',(-4.6,11.,77.));
#7161=CARTESIAN_POINT('',(-6.63960780543711,5.,77.));
#7162=CARTESIAN_POINT('',(-6.63960780543711,6.,77.));
#7163=CARTESIAN_POINT('',(6.6396078054371,5.,77.));
#7164=CARTESIAN_POINT('',(6.6396078054371,5.,77.));
#7165=CARTESIAN_POINT('',(6.63960780543711,6.,77.));
#7166=CARTESIAN_POINT('',(6.6396078054371,6.,77.));
#7167=CARTESIAN_POINT('',(10.,11.,77.));
#7168=CARTESIAN_POINT('Origin',(4.6,11.,77.));
#7169=CARTESIAN_POINT('',(10.,11.,77.));
#7170=CARTESIAN_POINT('Origin',(6.6396078054371,6.,81.0001194223149));
#7171=CARTESIAN_POINT('',(6.63960780543711,6.,81.0001194223149));
#7172=CARTESIAN_POINT('',(4.6,5.6,81.0001194223149));
#7173=CARTESIAN_POINT('Origin',(4.6,11.,81.0001194223149));
#7174=CARTESIAN_POINT('',(6.6396078054371,5.,81.0001194223149));
#7175=CARTESIAN_POINT('',(6.6396078054371,6.,81.0001194223149));
#7176=CARTESIAN_POINT('',(-6.63960780543711,5.,81.0001194223149));
#7177=CARTESIAN_POINT('',(-6.63960780543711,5.,81.0001194223149));
#7178=CARTESIAN_POINT('',(-6.63960780543711,6.,81.0001194223149));
#7179=CARTESIAN_POINT('',(-6.63960780543711,6.,81.0001194223149));
#7180=CARTESIAN_POINT('',(-4.6,5.6,81.0001194223149));
#7181=CARTESIAN_POINT('Origin',(-4.6,11.,81.0001194223149));
#7182=CARTESIAN_POINT('',(3.51980390271855,5.6,81.0001194223149));
#7183=CARTESIAN_POINT('Origin',(-6.63960780543711,6.,81.0001194223149));
#7184=CARTESIAN_POINT('',(-6.63960780543711,6.,81.));
#7185=CARTESIAN_POINT('',(-6.63960780543711,5.,77.));
#7186=CARTESIAN_POINT('Origin',(6.6396078054371,6.,77.));
#7187=CARTESIAN_POINT('',(6.63960780543711,6.,82.5000597111575));
#7188=CARTESIAN_POINT('',(6.6396078054371,5.,81.0001194223149));
#7189=CARTESIAN_POINT('Origin',(-4.44089209850063E-15,5.,79.0000597111575));
#7190=CARTESIAN_POINT('Origin',(0.399999999999996,5.6,82.5000597111575));
#7191=CARTESIAN_POINT('',(-4.6,5.60000000000002,84.0001194223149));
#7192=CARTESIAN_POINT('',(-4.6,5.6,81.));
#7193=CARTESIAN_POINT('',(4.6,5.6,84.0001194223149));
#7194=CARTESIAN_POINT('',(-2.50000000000001,5.60000000000001,84.0001194223149));
#7195=CARTESIAN_POINT('',(4.6,5.6,82.5000597111575));
#7196=CARTESIAN_POINT('Origin',(-4.6,11.,81.));
#7197=CARTESIAN_POINT('',(-10.,11.,84.0001194223149));
#7198=CARTESIAN_POINT('',(-10.,11.,76.5));
#7199=CARTESIAN_POINT('Origin',(-4.6,11.,84.0001194223149));
#7200=CARTESIAN_POINT('Origin',(4.6,11.,82.5000597111575));
#7201=CARTESIAN_POINT('',(10.,11.,84.0001194223149));
#7202=CARTESIAN_POINT('Origin',(4.6,11.,84.0001194223149));
#7203=CARTESIAN_POINT('',(9.99999999999999,11.,76.5));
#7204=CARTESIAN_POINT('Origin',(-15.,11.,84.0001194223149));
#7205=CARTESIAN_POINT('',(-15.,11.,84.0001194223149));
#7206=CARTESIAN_POINT('',(-16.5,11.,84.0001194223149));
#7207=CARTESIAN_POINT('',(-15.,5.,84.0001194223149));
#7208=CARTESIAN_POINT('',(-15.,11.,84.0001194223149));
#7209=CARTESIAN_POINT('',(15.,5.,84.0001194223149));
#7210=CARTESIAN_POINT('',(15.,5.,84.0001194223149));
#7211=CARTESIAN_POINT('',(15.,11.,84.0001194223149));
#7212=CARTESIAN_POINT('',(15.,11.,84.0001194223149));
#7213=CARTESIAN_POINT('',(-16.5,11.,84.0001194223149));
#7214=CARTESIAN_POINT('Origin',(4.6,11.,93.5001194223149));
#7215=CARTESIAN_POINT('',(4.6,5.6,93.5001194223149));
#7216=CARTESIAN_POINT('',(10.,11.,93.5001194223149));
#7217=CARTESIAN_POINT('Origin',(4.6,11.,93.5001194223149));
#7218=CARTESIAN_POINT('',(4.6,5.6,95.5002388446299));
#7219=CARTESIAN_POINT('',(4.6,5.6,93.5001194223149));
#7220=CARTESIAN_POINT('',(10.,11.,95.5002388446299));
#7221=CARTESIAN_POINT('Origin',(4.6,11.,95.5002388446299));
#7222=CARTESIAN_POINT('',(9.99999999999999,11.,82.7500597111575));
#7223=CARTESIAN_POINT('Origin',(-4.5,11.,95.5002388446299));
#7224=CARTESIAN_POINT('',(-4.5,5.6,95.5002388446299));
#7225=CARTESIAN_POINT('',(-9.9,11.,95.5002388446299));
#7226=CARTESIAN_POINT('Origin',(-4.5,11.,95.5002388446299));
#7227=CARTESIAN_POINT('',(-4.5,5.6,93.5001194223149));
#7228=CARTESIAN_POINT('',(-4.5,5.6,95.5002388446299));
#7229=CARTESIAN_POINT('',(-9.9,11.,93.5001194223149));
#7230=CARTESIAN_POINT('Origin',(-4.5,11.,93.5001194223149));
#7231=CARTESIAN_POINT('',(-9.9,11.,83.7501194223149));
#7232=CARTESIAN_POINT('Origin',(-18.,11.,95.5002388446299));
#7233=CARTESIAN_POINT('',(-4.,5.6,95.5002388446299));
#7234=CARTESIAN_POINT('',(-18.,11.,95.5002388446299));
#7235=CARTESIAN_POINT('',(-17.5,7.00000000000001,95.5002388446299));
#7236=CARTESIAN_POINT('',(-18.,7.00000000000001,95.5002388446299));
#7237=CARTESIAN_POINT('',(-17.5,4.00000000000001,95.5002388446299));
#7238=CARTESIAN_POINT('',(-17.5,7.00000000000001,95.5002388446299));
#7239=CARTESIAN_POINT('',(15.4675631009921,4.00000000000001,95.5002388446299));
#7240=CARTESIAN_POINT('',(17.5,4.00000000000001,95.5002388446299));
#7241=CARTESIAN_POINT('',(15.4675631009921,11.,95.5002388446299));
#7242=CARTESIAN_POINT('',(15.4675631009921,11.,95.5002388446299));
#7243=CARTESIAN_POINT('',(-18.,11.,95.5002388446299));
#7244=CARTESIAN_POINT('Origin',(0.0499999999999967,5.6,94.5001791334724));
#7245=CARTESIAN_POINT('',(12.5,5.6,93.5001194223149));
#7246=CARTESIAN_POINT('Origin',(11.2,11.,75.));
#7247=CARTESIAN_POINT('',(11.2,11.,75.));
#7248=CARTESIAN_POINT('',(-3.4,11.,75.));
#7249=CARTESIAN_POINT('',(11.2,11.,75.));
#7250=CARTESIAN_POINT('',(-11.2,11.,75.));
#7251=CARTESIAN_POINT('',(-11.2,11.,75.));
#7252=CARTESIAN_POINT('',(-3.4,11.,75.));
#7253=CARTESIAN_POINT('Origin',(11.2,11.,82.));
#7254=CARTESIAN_POINT('',(11.2,11.,82.));
#7255=CARTESIAN_POINT('',(11.2,11.,77.));
#7256=CARTESIAN_POINT('',(11.2,11.,82.));
#7257=CARTESIAN_POINT('Origin',(-18.,11.,72.));
#7258=CARTESIAN_POINT('',(15.,11.,91.8213778888651));
#7259=CARTESIAN_POINT('',(15.,11.,78.0000597111575));
#7260=CARTESIAN_POINT('',(18.,11.,91.8247628325901));
#7261=CARTESIAN_POINT('Origin',(16.4981077611008,11.,93.5001194223149));
#7262=CARTESIAN_POINT('',(18.,11.,82.));
#7263=CARTESIAN_POINT('',(18.,11.,95.5002388446299));
#7264=CARTESIAN_POINT('',(-2.85823854584326E-15,11.,82.));
#7265=CARTESIAN_POINT('Origin',(-18.,11.,72.));
#7266=CARTESIAN_POINT('',(-11.2,11.,82.));
#7267=CARTESIAN_POINT('',(-11.2,11.,72.));
#7268=CARTESIAN_POINT('',(-18.,11.,82.));
#7269=CARTESIAN_POINT('',(-14.6,11.,82.));
#7270=CARTESIAN_POINT('',(-18.,11.,91.32500167722));
#7271=CARTESIAN_POINT('',(-18.,11.,95.5002388446299));
#7272=CARTESIAN_POINT('',(-15.,11.,91.321616733495));
#7273=CARTESIAN_POINT('Origin',(-16.4981077611008,11.,93.0003582669448));
#7274=CARTESIAN_POINT('',(-15.,11.,82.7500597111575));
#7275=CARTESIAN_POINT('Origin',(-13.,50.,-125.));
#7276=CARTESIAN_POINT('',(-4.8,50.,-122.));
#7277=CARTESIAN_POINT('',(-4.8,50.,-125.));
#7278=CARTESIAN_POINT('Origin',(-13.,50.,-122.));
#7279=CARTESIAN_POINT('Origin',(13.,50.,-125.));
#7280=CARTESIAN_POINT('',(21.2,50.,-122.));
#7281=CARTESIAN_POINT('',(21.2,50.,-125.));
#7282=CARTESIAN_POINT('Origin',(13.,50.,-122.));
#7283=CARTESIAN_POINT('Origin',(0.,33.,-125.));
#7284=CARTESIAN_POINT('',(-1.25,33.,-125.));
#7285=CARTESIAN_POINT('Origin',(-12.5,24.,-125.));
#7286=CARTESIAN_POINT('',(-12.5,14.,-122.));
#7287=CARTESIAN_POINT('Origin',(12.5,24.,-122.));
#7288=CARTESIAN_POINT('',(12.5,14.,-122.));
#7289=CARTESIAN_POINT('Origin',(1.11022302462516E-15,7.7,-109.));
#7290=CARTESIAN_POINT('',(-2.25,7.7,-109.));
#7291=CARTESIAN_POINT('Origin',(1.11022302462516E-15,7.7,-109.));
#7292=CARTESIAN_POINT('',(-1.25,7.7,-109.));
#7293=CARTESIAN_POINT('Origin',(1.11022302462516E-15,7.7,-109.));
#7294=CARTESIAN_POINT('Origin',(1.11022302462516E-15,8.2,-109.));
#7295=CARTESIAN_POINT('',(-1.25,4.2,-109.));
#7296=CARTESIAN_POINT('',(-1.25,8.2,-109.));
#7297=CARTESIAN_POINT('Origin',(1.11022302462516E-15,4.2,-109.));
#7298=CARTESIAN_POINT('Origin',(-19.,4.,-112.));
#7299=CARTESIAN_POINT('',(19.,4.,-112.));
#7300=CARTESIAN_POINT('Origin',(-19.,4.,-109.));
#7301=CARTESIAN_POINT('Origin',(55.,0.,-75.));
#7302=CARTESIAN_POINT('',(32.5,0.,-75.));
#7303=CARTESIAN_POINT('Origin',(32.5,0.,-75.));
#7304=CARTESIAN_POINT('',(32.5,7.,-98.5));
#7305=CARTESIAN_POINT('',(32.5,10.,-98.5));
#7306=CARTESIAN_POINT('',(32.5,5.,-98.5));
#7307=CARTESIAN_POINT('',(32.5,10.,-96.));
#7308=CARTESIAN_POINT('',(32.5,10.,-75.));
#7309=CARTESIAN_POINT('',(32.5,4.,-96.));
#7310=CARTESIAN_POINT('',(32.5,10.,-104.));
#7311=CARTESIAN_POINT('',(32.5,4.,-104.));
#7312=CARTESIAN_POINT('',(32.5,10.,-101.5));
#7313=CARTESIAN_POINT('',(32.5,10.,-75.));
#7314=CARTESIAN_POINT('',(32.5,7.,-101.5));
#7315=CARTESIAN_POINT('',(32.5,5.,-101.5));
#7316=CARTESIAN_POINT('',(32.5,7.,-87.5));
#7317=CARTESIAN_POINT('Origin',(-32.5,0.,-125.));
#7318=CARTESIAN_POINT('',(-32.5,7.,-101.5));
#7319=CARTESIAN_POINT('',(-32.5,10.,-101.5));
#7320=CARTESIAN_POINT('',(-32.5,5.,-101.5));
#7321=CARTESIAN_POINT('',(-32.5,10.,-104.));
#7322=CARTESIAN_POINT('',(-32.5,10.,-125.));
#7323=CARTESIAN_POINT('',(-32.5,4.,-104.));
#7324=CARTESIAN_POINT('',(-32.5,0.,-75.));
#7325=CARTESIAN_POINT('',(-32.5,10.,-96.));
#7326=CARTESIAN_POINT('',(-32.5,4.,-96.));
#7327=CARTESIAN_POINT('',(-32.5,10.,-98.5));
#7328=CARTESIAN_POINT('',(-32.5,10.,-125.));
#7329=CARTESIAN_POINT('',(-32.5,7.,-98.5));
#7330=CARTESIAN_POINT('',(-32.5,5.,-98.5));
#7331=CARTESIAN_POINT('',(-32.5,7.,-112.5));
#7332=CARTESIAN_POINT('Origin',(-32.5,0.,-75.));
#7333=CARTESIAN_POINT('Origin',(19.,4.,-109.));
#7334=CARTESIAN_POINT('Origin',(1.11022302462516E-15,3.,-109.));
#7335=CARTESIAN_POINT('',(-2.25,3.,-109.));
#7336=CARTESIAN_POINT('Origin',(1.11022302462516E-15,4.2,-109.));
#7337=CARTESIAN_POINT('Origin',(-28.5,4.,-104.));
#7338=CARTESIAN_POINT('',(-28.5,10.,-104.));
#7339=CARTESIAN_POINT('',(-28.5,10.,-104.));
#7340=CARTESIAN_POINT('',(-28.5,4.,-104.));
#7341=CARTESIAN_POINT('Origin',(-32.5,4.,-96.));
#7342=CARTESIAN_POINT('',(-28.5,10.,-96.));
#7343=CARTESIAN_POINT('',(-28.5,4.,-96.));
#7344=CARTESIAN_POINT('',(-32.5,10.,-96.));
#7345=CARTESIAN_POINT('Origin',(-28.5,4.,-96.));
#7346=CARTESIAN_POINT('',(-28.5,10.,-101.5));
#7347=CARTESIAN_POINT('',(-28.5,7.,-101.5));
#7348=CARTESIAN_POINT('',(-28.5,7.,-101.5));
#7349=CARTESIAN_POINT('',(-28.5,7.,-98.5));
#7350=CARTESIAN_POINT('',(-28.5,7.,-98.));
#7351=CARTESIAN_POINT('',(-28.5,10.,-98.5));
#7352=CARTESIAN_POINT('',(-28.5,7.,-98.5));
#7353=CARTESIAN_POINT('',(-28.5,10.,-96.));
#7354=CARTESIAN_POINT('',(-28.5,10.,-96.));
#7355=CARTESIAN_POINT('Origin',(-30.5,10.,-100.));
#7356=CARTESIAN_POINT('',(-31.5,10.,-101.5));
#7357=CARTESIAN_POINT('Origin',(-30.5,10.,-100.));
#7358=CARTESIAN_POINT('',(-29.5,10.,-98.5));
#7359=CARTESIAN_POINT('Origin',(-30.5,7.,-100.));
#7360=CARTESIAN_POINT('',(-28.5,7.,-101.5));
#7361=CARTESIAN_POINT('',(-32.5,7.,-98.5));
#7362=CARTESIAN_POINT('Origin',(-32.5,10.,-101.5));
#7363=CARTESIAN_POINT('Origin',(-28.5,10.,-98.5));
#7364=CARTESIAN_POINT('Origin',(28.5,4.,-96.));
#7365=CARTESIAN_POINT('',(28.5,10.,-96.));
#7366=CARTESIAN_POINT('',(28.5,10.,-96.));
#7367=CARTESIAN_POINT('',(28.5,4.,-96.));
#7368=CARTESIAN_POINT('Origin',(32.5,4.,-104.));
#7369=CARTESIAN_POINT('',(28.5,10.,-104.));
#7370=CARTESIAN_POINT('',(28.5,4.,-104.));
#7371=CARTESIAN_POINT('',(32.5,10.,-104.));
#7372=CARTESIAN_POINT('Origin',(28.5,4.,-104.));
#7373=CARTESIAN_POINT('',(28.5,10.,-98.5));
#7374=CARTESIAN_POINT('',(28.5,7.,-98.5));
#7375=CARTESIAN_POINT('',(28.5,7.,-98.5));
#7376=CARTESIAN_POINT('',(28.5,7.,-101.5));
#7377=CARTESIAN_POINT('',(28.5,7.,-102.));
#7378=CARTESIAN_POINT('',(28.5,10.,-101.5));
#7379=CARTESIAN_POINT('',(28.5,7.,-101.5));
#7380=CARTESIAN_POINT('',(28.5,10.,-104.));
#7381=CARTESIAN_POINT('',(28.5,10.,-104.));
#7382=CARTESIAN_POINT('Origin',(30.5,10.,-100.));
#7383=CARTESIAN_POINT('',(31.5,10.,-98.5));
#7384=CARTESIAN_POINT('Origin',(30.5,10.,-100.));
#7385=CARTESIAN_POINT('',(29.5,10.,-101.5));
#7386=CARTESIAN_POINT('Origin',(30.5,7.,-100.));
#7387=CARTESIAN_POINT('',(28.5,7.,-98.5));
#7388=CARTESIAN_POINT('',(32.5,7.,-101.5));
#7389=CARTESIAN_POINT('Origin',(32.5,10.,-98.5));
#7390=CARTESIAN_POINT('Origin',(28.5,10.,-101.5));
#7391=CARTESIAN_POINT('Origin',(29.,4.,97.));
#7392=CARTESIAN_POINT('',(29.,4.,91.9997611553701));
#7393=CARTESIAN_POINT('Origin',(29.,4.,91.9997611553701));
#7394=CARTESIAN_POINT('',(24.,4.,91.9997611553701));
#7395=CARTESIAN_POINT('Origin',(24.,4.,91.9997611553701));
#7396=CARTESIAN_POINT('',(24.,4.,72.));
#7397=CARTESIAN_POINT('Origin',(24.,4.,72.));
#7398=CARTESIAN_POINT('Origin',(-55.,4.,72.));
#7399=CARTESIAN_POINT('',(-24.,4.,72.));
#7400=CARTESIAN_POINT('Origin',(-24.,4.,72.));
#7401=CARTESIAN_POINT('',(-24.,4.,91.9997611553701));
#7402=CARTESIAN_POINT('Origin',(-24.,4.,91.9997611553701));
#7403=CARTESIAN_POINT('',(-29.,4.,91.9997611553701));
#7404=CARTESIAN_POINT('Origin',(-29.,4.,97.));
#7405=CARTESIAN_POINT('Origin',(18.,11.,82.));
#7406=CARTESIAN_POINT('',(18.,7.5,82.));
#7407=CARTESIAN_POINT('Origin',(-11.2,11.,82.));
#7408=CARTESIAN_POINT('',(-11.2,11.,82.));
#7409=CARTESIAN_POINT('',(-18.,7.5,82.));
#7410=CARTESIAN_POINT('Origin',(-11.2,11.,72.));
#7411=CARTESIAN_POINT('Origin',(-18.,7.00000000000001,95.5002388446299));
#7412=CARTESIAN_POINT('',(-17.5,7.00000000000001,99.5002388446299));
#7413=CARTESIAN_POINT('',(-17.5,7.00000000000001,97.5002388446299));
#7414=CARTESIAN_POINT('',(-18.,7.00000000000001,99.5002388446299));
#7415=CARTESIAN_POINT('Origin',(-18.,7.00000000000001,95.5002388446299));
#7416=CARTESIAN_POINT('',(17.5286524212095,7.00000000000001,95.5002388446299));
#7417=CARTESIAN_POINT('',(17.5,7.00000000000001,95.5147439386042));
#7418=CARTESIAN_POINT('Origin',(16.4981077611008,7.00000000000001,93.5001194223149));
#7419=CARTESIAN_POINT('',(17.5,7.00000000000001,99.5002388446299));
#7420=CARTESIAN_POINT('',(17.5,7.00000000000001,95.5002388446299));
#7421=CARTESIAN_POINT('',(-18.,7.00000000000001,99.5002388446299));
#7422=CARTESIAN_POINT('',(-18.,7.00000000000001,95.5002388446299));
#7423=CARTESIAN_POINT('Origin',(-17.5,7.00000000000001,99.5002388446299));
#7424=CARTESIAN_POINT('',(-17.5,11.,99.5002388446299));
#7425=CARTESIAN_POINT('',(-17.5,9.00000000000001,99.5002388446299));
#7426=CARTESIAN_POINT('',(-17.5,11.,102.00023884463));
#7427=CARTESIAN_POINT('',(-17.5,11.,100.75023884463));
#7428=CARTESIAN_POINT('',(-17.5,4.00000000000001,102.00023884463));
#7429=CARTESIAN_POINT('',(-17.5,11.,102.00023884463));
#7430=CARTESIAN_POINT('',(-17.5,4.00000000000001,95.5002388446299));
#7431=CARTESIAN_POINT('Origin',(17.5,7.00000000000001,95.5002388446299));
#7432=CARTESIAN_POINT('',(17.5,4.00000000000001,95.5147439386042));
#7433=CARTESIAN_POINT('',(17.5,11.,95.5147439386042));
#7434=CARTESIAN_POINT('',(17.5,4.00000000000001,102.00023884463));
#7435=CARTESIAN_POINT('',(17.5,4.00000000000001,102.00023884463));
#7436=CARTESIAN_POINT('',(17.5,11.,102.00023884463));
#7437=CARTESIAN_POINT('',(17.5,11.,102.00023884463));
#7438=CARTESIAN_POINT('',(17.5,11.,99.5002388446299));
#7439=CARTESIAN_POINT('',(17.5,11.,99.5002388446299));
#7440=CARTESIAN_POINT('',(17.5,9.00000000000001,99.5002388446299));
#7441=CARTESIAN_POINT('Origin',(-18.,11.,99.5002388446299));
#7442=CARTESIAN_POINT('',(17.,11.,102.00023884463));
#7443=CARTESIAN_POINT('',(18.,11.,102.00023884463));
#7444=CARTESIAN_POINT('',(17.,11.,102.00023884463));
#7445=CARTESIAN_POINT('',(-18.,11.,99.5002388446299));
#7446=CARTESIAN_POINT('Origin',(-18.,11.,99.5002388446299));
#7447=CARTESIAN_POINT('',(-18.,11.,99.5002388446299));
#7448=CARTESIAN_POINT('',(-17.,11.,102.00023884463));
#7449=CARTESIAN_POINT('Origin',(-18.,7.00000000000001,99.5002388446299));
#7450=CARTESIAN_POINT('Origin',(-18.,7.00000000000001,99.5002388446299));
#7451=CARTESIAN_POINT('Origin',(17.5,11.,102.00023884463));
#7452=CARTESIAN_POINT('',(-18.,4.00000000000001,102.00023884463));
#7453=CARTESIAN_POINT('Origin',(17.5,11.,102.00023884463));
#7454=CARTESIAN_POINT('',(17.,4.,102.00023884463));
#7455=CARTESIAN_POINT('',(17.,8.,102.00023884463));
#7456=CARTESIAN_POINT('',(-18.,4.00000000000001,102.00023884463));
#7457=CARTESIAN_POINT('Origin',(-18.,8.,102.00023884463));
#7458=CARTESIAN_POINT('',(17.,8.,106.25023884463));
#7459=CARTESIAN_POINT('Origin',(17.,8.,102.00023884463));
#7460=CARTESIAN_POINT('',(17.,4.,113.00023884463));
#7461=CARTESIAN_POINT('',(17.,4.,113.00023884463));
#7462=CARTESIAN_POINT('',(17.,10.,113.00023884463));
#7463=CARTESIAN_POINT('',(17.,10.,113.00023884463));
#7464=CARTESIAN_POINT('Origin',(-18.,10.,113.00023884463));
#7465=CARTESIAN_POINT('Origin',(-18.,10.,113.00023884463));
#7466=CARTESIAN_POINT('',(-18.,10.,113.00023884463));
#7467=CARTESIAN_POINT('Origin',(-18.,10.,110.00023884463));
#7468=CARTESIAN_POINT('Origin',(17.,10.,113.00023884463));
#7469=CARTESIAN_POINT('',(-18.,4.,113.00023884463));
#7470=CARTESIAN_POINT('Origin',(15.,11.,93.5001194223149));
#7471=CARTESIAN_POINT('',(14.2481077611008,11.,93.5001194223149));
#7472=CARTESIAN_POINT('',(-1.5,11.,93.5001194223149));
#7473=CARTESIAN_POINT('',(14.2481077611008,5.,93.5001194223149));
#7474=CARTESIAN_POINT('',(14.2481077611008,11.,93.5001194223149));
#7475=CARTESIAN_POINT('',(-14.3043122401867,5.,93.5001194223149));
#7476=CARTESIAN_POINT('',(-15.,5.,93.5001194223149));
#7477=CARTESIAN_POINT('',(-14.3043122401867,11.,93.5001194223149));
#7478=CARTESIAN_POINT('',(-14.3043122401867,11.,93.5001194223149));
#7479=CARTESIAN_POINT('',(-1.5,11.,93.5001194223149));
#7480=CARTESIAN_POINT('Origin',(-2.22044604925031E-15,5.,88.7501194223149));
#7481=CARTESIAN_POINT('',(15.,5.,91.8213778888651));
#7482=CARTESIAN_POINT('Origin',(16.4981077611008,5.,93.5001194223149));
#7483=CARTESIAN_POINT('',(15.,5.,93.5001194223149));
#7484=CARTESIAN_POINT('',(-15.,5.,91.321616733495));
#7485=CARTESIAN_POINT('',(-15.,5.,84.0001194223149));
#7486=CARTESIAN_POINT('Origin',(-16.4981077611008,5.,93.0003582669448));
#7487=CARTESIAN_POINT('Origin',(-18.,4.,102.00023884463));
#7488=CARTESIAN_POINT('',(-18.,11.,91.32500167722));
#7489=CARTESIAN_POINT('Origin',(-15.,11.,93.5001194223149));
#7490=CARTESIAN_POINT('',(-15.,11.,91.321616733495));
#7491=CARTESIAN_POINT('Origin',(15.,11.,84.0001194223149));
#7492=CARTESIAN_POINT('',(15.,11.,91.8213778888651));
#7493=CARTESIAN_POINT('Origin',(-18.,11.,72.));
#7494=CARTESIAN_POINT('',(17.5286524212095,11.,95.5002388446299));
#7495=CARTESIAN_POINT('Origin',(16.4981077611008,11.,93.5001194223149));
#7496=CARTESIAN_POINT('',(-18.,11.,95.5002388446299));
#7497=CARTESIAN_POINT('Origin',(18.,4.,125.));
#7498=CARTESIAN_POINT('',(18.,11.,91.8247628325901));
#7499=CARTESIAN_POINT('Origin',(-18.,11.,95.5002388446299));
#7500=CARTESIAN_POINT('',(17.5286524212095,11.,95.5002388446299));
#7501=CARTESIAN_POINT('Origin',(-4.44089209850063E-15,4.00000000000001,
97.5002388446299));
#7502=CARTESIAN_POINT('Origin',(16.4981077611008,4.00000000000001,93.5001194223149));
#7503=CARTESIAN_POINT('Origin',(-16.4981077611008,11.,93.0003582669448));
#7504=CARTESIAN_POINT('',(-18.7481077611008,11.,93.0003582669448));
#7505=CARTESIAN_POINT('Origin',(-16.4981077611008,11.,93.0003582669448));
#7506=CARTESIAN_POINT('Origin',(16.4981077611008,11.,93.5001194223149));
#7507=CARTESIAN_POINT('',(14.2481077611008,15.2,93.5001194223149));
#7508=CARTESIAN_POINT('',(14.2481077611008,11.,93.5001194223149));
#7509=CARTESIAN_POINT('Origin',(16.4981077611008,15.2,93.5001194223149));
#7510=CARTESIAN_POINT('Origin',(16.4981077611008,11.,93.5001194223149));
#7511=CARTESIAN_POINT('Origin',(-18.,11.,72.));
#7512=CARTESIAN_POINT('Origin',(-18.,11.,72.));
#7513=CARTESIAN_POINT('Origin',(16.4981077611008,15.2,93.5001194223149));
#7514=CARTESIAN_POINT('Origin',(-16.4981077611008,11.2,93.0003582669448));
#7515=CARTESIAN_POINT('Origin',(-22.5,4.,-122.));
#7516=CARTESIAN_POINT('',(0.,4.,0.));
#7517=CARTESIAN_POINT('',(0.,3.,0.));
#7518=CARTESIAN_POINT('',(0.,3.,0.));
#7519=CARTESIAN_POINT('polyline point',(-19.,4.,-75.));
#7520=CARTESIAN_POINT('polyline point',(-6.99999999999999,4.,-75.));
#7521=CARTESIAN_POINT('polyline point',(-19.,4.,-75.));
#7522=CARTESIAN_POINT('polyline point',(-17.5,4.,-75.));
#7523=CARTESIAN_POINT('',(0.,4.,0.));
#7524=CARTESIAN_POINT('',(-32.5,0.,0.));
#7525=CARTESIAN_POINT('',(0.,4.,0.));
#7526=CARTESIAN_POINT('',(0.,4.,97.));
#7527=CARTESIAN_POINT('polyline point',(26.5,4.,97.));
#7528=CARTESIAN_POINT('polyline point',(25.4148128801698,4.,97.));
#7529=CARTESIAN_POINT('',(0.,4.,0.));
#7530=CARTESIAN_POINT('',(0.,4.,0.));
#7531=CARTESIAN_POINT('',(0.,11.,0.));
#7532=CARTESIAN_POINT('',(0.,11.,0.));
#7533=CARTESIAN_POINT('',(0.,11.,0.));
#7534=CARTESIAN_POINT('',(0.,11.,0.));
#7535=CARTESIAN_POINT('',(0.,11.,0.));
#7536=CARTESIAN_POINT('',(0.,11.,0.));
#7537=CARTESIAN_POINT('',(0.,6.3,0.));
#7538=CARTESIAN_POINT('polyline point',(10.,6.3,81.));
#7539=CARTESIAN_POINT('polyline point',(10.,6.,81.));
#7540=CARTESIAN_POINT('',(10.,0.,0.));
#7541=CARTESIAN_POINT('',(10.,11.,84.0001194223149));
#7542=CARTESIAN_POINT('',(10.,6.3,84.0001194223149));
#7543=CARTESIAN_POINT('polyline point',(10.,6.3,81.));
#7544=CARTESIAN_POINT('polyline point',(10.,6.3,84.0001194223149));
#7545=CARTESIAN_POINT('polyline point',(10.,6.3,81.));
#7546=CARTESIAN_POINT('polyline point',(10.,6.3,84.0001194223149));
#7547=CARTESIAN_POINT('polyline point',(10.,6.3,84.0001194223149));
#7548=CARTESIAN_POINT('polyline point',(6.98393345413393,6.3,84.0001194223149));
#7549=CARTESIAN_POINT('polyline point',(6.98393345413393,6.3,84.0001194223149));
#7550=CARTESIAN_POINT('polyline point',(6.98393345413393,6.3,81.));
#7551=CARTESIAN_POINT('',(0.,6.3,0.));
#7552=CARTESIAN_POINT('',(0.,4.10782519111308E-14,99.5002388446299));
#7553=CARTESIAN_POINT('',(0.,4.,0.));
#7554=CARTESIAN_POINT('',(0.,4.,0.));
#7555=CARTESIAN_POINT('',(0.,0.,73.));
#7556=CARTESIAN_POINT('',(0.,0.,-75.));
#7557=CARTESIAN_POINT('',(0.,0.,-83.));
#7558=CARTESIAN_POINT('',(0.,0.,-125.));
#7559=CARTESIAN_POINT('',(0.,0.,-125.));
#7560=CARTESIAN_POINT('',(0.,0.,-125.));
#7561=CARTESIAN_POINT('',(0.,0.,-122.));
#7562=CARTESIAN_POINT('',(0.,9.,0.));
#7563=CARTESIAN_POINT('',(0.,0.,95.5002388446299));
#7564=CARTESIAN_POINT('',(0.,0.,84.0001194223149));
#7565=CARTESIAN_POINT('',(-9.9,11.,84.0001194223149));
#7566=CARTESIAN_POINT('',(-5.2,5.6,84.0001194223149));
#7567=CARTESIAN_POINT('',(-10.,0.,0.));
#7568=CARTESIAN_POINT('',(0.,9.,0.));
#7569=CARTESIAN_POINT('',(0.,4.00000000000001,0.));
#7570=CARTESIAN_POINT('',(0.,6.,0.));
#7571=CARTESIAN_POINT('',(0.,4.,0.));
#7572=CARTESIAN_POINT('',(0.,4.2,0.));
#7573=CARTESIAN_POINT('',(0.,6.,0.));
#7574=CARTESIAN_POINT('',(18.,6.,113.00023884463));
#7575=CARTESIAN_POINT('',(0.,6.,0.));
#7576=CARTESIAN_POINT('polyline point',(-18.,6.,125.));
#7577=CARTESIAN_POINT('polyline point',(-18.,6.,124.7));
#7578=CARTESIAN_POINT('',(0.,6.,0.));
#7579=CARTESIAN_POINT('',(0.,4.,0.));
#7580=CARTESIAN_POINT('',(0.,6.,0.));
#7581=CARTESIAN_POINT('',(-18.,6.,130.));
#7582=CARTESIAN_POINT('polyline point',(-12.5,40.,130.));
#7583=CARTESIAN_POINT('polyline point',(-12.5,40.,130.));
#7584=CARTESIAN_POINT('',(0.,0.,130.));
#7585=CARTESIAN_POINT('',(-12.5,6.,130.));
#7586=CARTESIAN_POINT('',(0.,4.,0.));
#7587=CARTESIAN_POINT('',(0.,4.,0.));
#7588=CARTESIAN_POINT('',(0.,0.,127.));
#7589=CARTESIAN_POINT('',(0.,0.,130.));
#7590=CARTESIAN_POINT('',(0.,4.,0.));
#7591=CARTESIAN_POINT('',(-8.,0.,0.));
#7592=CARTESIAN_POINT('',(0.,6.,0.));
#7593=CARTESIAN_POINT('',(18.,6.,153.));
#7594=CARTESIAN_POINT('',(0.,0.,153.));
#7595=CARTESIAN_POINT('',(0.,0.,127.));
#7596=CARTESIAN_POINT('',(0.,48.1611734910296,15.8960929291491));
#7597=CARTESIAN_POINT('',(0.,48.1611734910296,15.8960929291491));
#7598=CARTESIAN_POINT('',(-8.,0.,0.));
#7599=CARTESIAN_POINT('',(0.,61.,0.));
#7600=CARTESIAN_POINT('',(55.,0.,0.));
#7601=UNCERTAINTY_MEASURE_WITH_UNIT(LENGTH_MEASURE(0.01),#7605,
'DISTANCE_ACCURACY_VALUE',
'Maximum model space distance between geometric entities at asserted c
onnectivities');
#7602=UNCERTAINTY_MEASURE_WITH_UNIT(LENGTH_MEASURE(0.01),#7605,
'DISTANCE_ACCURACY_VALUE',
'Maximum model space distance between geometric entities at asserted c
onnectivities');
#7603=(
GEOMETRIC_REPRESENTATION_CONTEXT(3)
GLOBAL_UNCERTAINTY_ASSIGNED_CONTEXT((#7601))
GLOBAL_UNIT_ASSIGNED_CONTEXT((#7605,#7607,#7608))
REPRESENTATION_CONTEXT('','3D')
);
#7604=(
GEOMETRIC_REPRESENTATION_CONTEXT(3)
GLOBAL_UNCERTAINTY_ASSIGNED_CONTEXT((#7602))
GLOBAL_UNIT_ASSIGNED_CONTEXT((#7605,#7607,#7608))
REPRESENTATION_CONTEXT('','3D')
);
#7605=(
LENGTH_UNIT()
NAMED_UNIT(*)
SI_UNIT(.MILLI.,.METRE.)
);
#7606=(
LENGTH_UNIT()
NAMED_UNIT(*)
SI_UNIT(.CENTI.,.METRE.)
);
#7607=(
NAMED_UNIT(*)
PLANE_ANGLE_UNIT()
SI_UNIT($,.RADIAN.)
);
#7608=(
NAMED_UNIT(*)
SI_UNIT($,.STERADIAN.)
SOLID_ANGLE_UNIT()
);
#7609=SHAPE_DEFINITION_REPRESENTATION(#7610,#7611);
#7610=PRODUCT_DEFINITION_SHAPE('',$,#7613);
#7611=SHAPE_REPRESENTATION('',(#4641),#7603);
#7612=PRODUCT_DEFINITION_CONTEXT('part definition',#7617,'design');
#7613=PRODUCT_DEFINITION('Pedro WRO','Pedro WRO',#7614,#7612);
#7614=PRODUCT_DEFINITION_FORMATION('',$,#7619);
#7615=PRODUCT_RELATED_PRODUCT_CATEGORY('Pedro WRO','Pedro WRO',(#7619));
#7616=APPLICATION_PROTOCOL_DEFINITION('international standard',
'automotive_design',2009,#7617);
#7617=APPLICATION_CONTEXT(
'Core Data for Automotive Mechanical Design Process');
#7618=PRODUCT_CONTEXT('part definition',#7617,'mechanical');
#7619=PRODUCT('Pedro WRO','Pedro WRO',$,(#7618));
#7620=PRESENTATION_STYLE_ASSIGNMENT((#7623));
#7621=PRESENTATION_STYLE_ASSIGNMENT((#7624));
#7622=PRESENTATION_STYLE_ASSIGNMENT((#7625));
#7623=SURFACE_STYLE_USAGE(.BOTH.,#7628);
#7624=SURFACE_STYLE_USAGE(.BOTH.,#7629);
#7625=SURFACE_STYLE_USAGE(.BOTH.,#7630);
#7626=SURFACE_STYLE_RENDERING_WITH_PROPERTIES($,#7640,(#7627));
#7627=SURFACE_STYLE_TRANSPARENT(0.);
#7628=SURFACE_SIDE_STYLE('',(#7631,#7626));
#7629=SURFACE_SIDE_STYLE('',(#7632));
#7630=SURFACE_SIDE_STYLE('',(#7633));
#7631=SURFACE_STYLE_FILL_AREA(#7634);
#7632=SURFACE_STYLE_FILL_AREA(#7635);
#7633=SURFACE_STYLE_FILL_AREA(#7636);
#7634=FILL_AREA_STYLE('',(#7637));
#7635=FILL_AREA_STYLE('',(#7638));
#7636=FILL_AREA_STYLE('',(#7639));
#7637=FILL_AREA_STYLE_COLOUR('',#7640);
#7638=FILL_AREA_STYLE_COLOUR('',#7641);
#7639=FILL_AREA_STYLE_COLOUR('',#7642);
#7640=COLOUR_RGB('',0.749019607843137,0.749019607843137,0.749019607843137);
#7641=COLOUR_RGB('',0.913725490196078,0.913725490196078,0.);
#7642=COLOUR_RGB('',1.,1.,1.);
ENDSEC;
END-ISO-10303-21;
